facility,month_start,year,use_type,bookings,booked_hours
Arena,2025-01-01,2025,Other,1,24.0
Arena,2025-04-01,2025,Dry Floor,61,219.0
Arena,2025-04-01,2025,Ice,43,149.5
Arena,2025-04-01,2025,Other,25,463.0
Arena,2025-05-01,2025,Dry Floor,65,222.0
Arena,2025-05-01,2025,Ice,43,161.25
Arena,2025-05-01,2025,Other,18,348.0
Arena,2025-06-01,2025,Dry Floor,79,270.5
Arena,2025-06-01,2025,Ice,1,8.0
Arena,2025-06-01,2025,Other,38,682.0
Arena,2025-07-01,2025,Dry Floor,48,168.5
Arena,2025-07-01,2025,Ice,63,129.0
Arena,2025-07-01,2025,Other,9,99.0
Arena,2025-08-01,2025,Dry Floor,18,59.0
Arena,2025-08-01,2025,Ice,57,121.0
Arena,2025-08-01,2025,Other,25,401.5
Arena,2025-09-01,2025,Dry Floor,15,56.0
Arena,2025-09-01,2025,Ice,151,257.0
Arena,2025-09-01,2025,Other,37,632.0
Arena,2025-10-01,2025,Dry Floor,38,110.5
Arena,2025-10-01,2025,Ice,336,684.0
Arena,2025-10-01,2025,Other,34,244.5
Arena,2025-11-01,2025,Dry Floor,61,157.0
Arena,2025-11-01,2025,Ice,369,788.0
Arena,2025-11-01,2025,Other,31,260.0
Arena,2025-12-01,2025,Dry Floor,52,134.0
Arena,2025-12-01,2025,Ice,428,759.5
Arena,2025-12-01,2025,Other,44,251.0
Arena,2026-01-01,2026,Dry Floor,74,172.0
Arena,2026-01-01,2026,Ice,423,821.0
Arena,2026-01-01,2026,Other,32,116.0
Arena,2026-02-01,2026,Dry Floor,69,159.5
Arena,2026-02-01,2026,Ice,407,771.5
Arena,2026-02-01,2026,Other,27,80.0
Arena,2026-03-01,2026,Dry Floor,98,243.5
Arena,2026-03-01,2026,Ice,377,753.0
Arena,2026-03-01,2026,Other,28,104.5
Arena,2026-04-01,2026,Dry Floor,65,216.0
Arena,2026-04-01,2026,Ice,59,217.5
Arena,2026-04-01,2026,Other,18,324.0
Arena,2026-05-01,2026,Dry Floor,71,240.5
Arena,2026-05-01,2026,Ice,45,180.0
Arena,2026-05-01,2026,Other,29,300.0
Arena,2026-06-01,2026,Dry Floor,52,188.5
Arena,2026-06-01,2026,Ice,2,23.0
Arena,2026-06-01,2026,Other,45,810.0
Arena,2026-07-01,2026,Dry Floor,42,129.0
Arena,2026-07-01,2026,Ice,129,271.0
Arena,2026-07-01,2026,Other,5,90.0
Arena,2026-08-01,2026,Dry Floor,38,118.0
Arena,2026-08-01,2026,Ice,137,257.5
Arena,2026-09-01,2026,Dry Floor,18,62.0
Arena,2026-09-01,2026,Ice,50,120.0
Arena,2026-09-01,2026,Other,9,112.0
Arena,2026-10-01,2026,Ice,198,591.0
Arena,2026-10-01,2026,Other,9,122.0
Arena,2026-11-01,2026,Ice,195,572.0
Arena,2026-11-01,2026,Other,14,188.0
Arena,2026-12-01,2026,Ice,172,488.0
Arena,2026-12-01,2026,Other,17,200.0
Arena,2027-01-01,2027,Ice,195,596.0
Arena,2027-01-01,2027,Other,7,86.0
Arena,2027-02-01,2027,Ice,193,566.0
Arena,2027-02-01,2027,Other,4,32.0
Arena,2027-03-01,2027,Ice,181,532.5
Arena,2027-03-01,2027,Other,7,76.0
Arena,2027-04-01,2027,Ice,2,5.0
Arena,2027-04-01,2027,Other,8,144.0
Arena,2027-05-01,2027,Other,5,90.0
Arena,2027-06-01,2027,Other,30,540.0
Arena,2027-07-01,2027,Other,4,72.0
Arena,2027-09-01,2027,Other,1,18.0
Arena,2027-11-01,2027,Other,9,150.0
Arena,2027-12-01,2027,Other,7,90.0
Arena,2028-05-01,2028,Other,3,54.0
Arena,2028-11-01,2028,Other,1,6.0
Arena,2028-12-01,2028,Other,2,16.0
Arena,2029-11-01,2029,Other,1,6.0
Arena,2029-12-01,2029,Other,2,16.0
Arena A,2025-04-01,2025,Ice,200,412.5
Arena A,2025-04-01,2025,Other,46,76.5
Arena A,2025-05-01,2025,Ice,193,498.5
Arena A,2025-05-01,2025,Other,37,63.0
Arena A,2025-06-01,2025,Ice,146,288.0
Arena A,2025-06-01,2025,Other,30,190.5
Arena A,2025-07-01,2025,Ice,160,345.0
Arena A,2025-07-01,2025,Other,21,262.5
Arena A,2025-08-01,2025,Ice,259,517.25
Arena A,2025-08-01,2025,Other,28,39.25
Arena A,2025-09-01,2025,Ice,193,401.5
Arena A,2025-09-01,2025,Other,42,68.5
Arena A,2025-10-01,2025,Ice,309,563.75
Arena A,2025-10-01,2025,Other,40,67.0
Arena A,2025-11-01,2025,Ice,375,709.75
Arena A,2025-11-01,2025,Other,12,24.5
Arena A,2025-12-01,2025,Ice,319,598.25
Arena A,2025-12-01,2025,Other,34,182.5
Arena A,2026-01-01,2026,Ice,344,673.5
Arena A,2026-01-01,2026,Other,36,116.0
Arena A,2026-02-01,2026,Ice,310,574.25
Arena A,2026-02-01,2026,Other,37,85.25
Arena A,2026-03-01,2026,Ice,294,665.75
Arena A,2026-03-01,2026,Other,43,103.5
Arena A,2026-04-01,2026,Ice,170,396.25
Arena A,2026-04-01,2026,Other,69,128.0
Arena A,2026-05-01,2026,Ice,171,483.5
Arena A,2026-05-01,2026,Other,49,91.0
Arena A,2026-06-01,2026,Ice,180,323.0
Arena A,2026-06-01,2026,Other,49,94.5
Arena A,2026-07-01,2026,Ice,170,378.25
Arena A,2026-07-01,2026,Other,34,288.0
Arena A,2026-08-01,2026,Dry Floor,6,84.0
Arena A,2026-08-01,2026,Ice,141,358.5
Arena A,2026-08-01,2026,Other,25,450.0
Arena A,2026-09-01,2026,Ice,126,298.75
Arena A,2026-09-01,2026,Other,20,324.0
Arena A,2026-10-01,2026,Ice,157,279.0
Arena A,2026-10-01,2026,Other,8,36.0
Arena A,2026-11-01,2026,Ice,169,369.0
Arena A,2026-11-01,2026,Other,10,60.0
Arena A,2026-12-01,2026,Ice,138,295.5
Arena A,2026-12-01,2026,Other,11,82.0
Arena A,2027-01-01,2027,Ice,154,364.75
Arena A,2027-01-01,2027,Other,14,78.5
Arena A,2027-02-01,2027,Ice,154,335.5
Arena A,2027-02-01,2027,Other,7,42.0
Arena A,2027-03-01,2027,Ice,133,352.0
Arena A,2027-03-01,2027,Other,20,212.0
Arena A,2027-04-01,2027,Ice,1,10.0
Arena B,2025-04-01,2025,Dry Floor,27,91.5
Arena B,2025-04-01,2025,Ice,87,164.0
Arena B,2025-04-01,2025,Other,18,28.0
Arena B,2025-05-01,2025,Dry Floor,64,206.0
Arena B,2025-05-01,2025,Ice,103,234.5
Arena B,2025-05-01,2025,Other,11,21.0
Arena B,2025-06-01,2025,Dry Floor,60,211.25
Arena B,2025-06-01,2025,Ice,60,97.5
Arena B,2025-06-01,2025,Other,9,18.0
Arena B,2025-07-01,2025,Dry Floor,41,179.5
Arena B,2025-07-01,2025,Ice,68,129.25
Arena B,2025-07-01,2025,Other,33,79.5
Arena B,2025-08-01,2025,Ice,147,298.25
Arena B,2025-08-01,2025,Other,43,300.0
Arena B,2025-09-01,2025,Ice,179,419.5
Arena B,2025-09-01,2025,Other,21,34.5
Arena B,2025-10-01,2025,Ice,275,545.0
Arena B,2025-10-01,2025,Other,17,30.0
Arena B,2025-11-01,2025,Ice,291,698.25
Arena B,2025-11-01,2025,Other,12,19.25
Arena B,2025-12-01,2025,Ice,263,591.0
Arena B,2025-12-01,2025,Other,31,160.5
Arena B,2026-01-01,2026,Ice,267,675.25
Arena B,2026-01-01,2026,Other,27,81.0
Arena B,2026-02-01,2026,Ice,237,608.75
Arena B,2026-02-01,2026,Other,37,81.5
Arena B,2026-03-01,2026,Ice,280,702.75
Arena B,2026-03-01,2026,Other,31,74.25
Arena B,2026-04-01,2026,Dry Floor,29,93.5
Arena B,2026-04-01,2026,Ice,104,188.0
Arena B,2026-04-01,2026,Other,15,219.5
Arena B,2026-05-01,2026,Dry Floor,56,188.5
Arena B,2026-05-01,2026,Ice,94,270.75
Arena B,2026-05-01,2026,Other,8,16.0
Arena B,2026-06-01,2026,Dry Floor,62,183.0
Arena B,2026-06-01,2026,Ice,85,175.5
Arena B,2026-06-01,2026,Other,12,22.0
Arena B,2026-07-01,2026,Dry Floor,61,180.0
Arena B,2026-07-01,2026,Ice,49,89.0
Arena B,2026-07-01,2026,Other,21,266.0
Arena B,2026-08-01,2026,Dry Floor,12,166.0
Arena B,2026-08-01,2026,Other,48,856.0
Arena B,2026-09-01,2026,Ice,126,315.0
Arena B,2026-09-01,2026,Other,14,204.0
Arena B,2026-10-01,2026,Ice,59,229.75
Arena B,2026-10-01,2026,Other,11,54.0
Arena B,2026-11-01,2026,Ice,71,340.0
Arena B,2026-11-01,2026,Other,8,48.0
Arena B,2026-12-01,2026,Ice,64,264.75
Arena B,2026-12-01,2026,Other,13,94.0
Arena B,2027-01-01,2027,Ice,67,366.0
Arena B,2027-01-01,2027,Other,14,79.0
Arena B,2027-02-01,2027,Ice,70,404.75
Arena B,2027-02-01,2027,Other,7,42.0
Arena B,2027-03-01,2027,Ice,67,345.75
Arena B,2027-03-01,2027,Other,19,206.0
Arena B,2027-04-01,2027,Ice,1,11.0
Arena B - Dry Floor,2026-05-01,2026,Dry Floor,1,1.0
Arena B - Dry Floor,2026-06-01,2026,Dry Floor,1,1.0
Arena C,2025-04-01,2025,Ice,166,374.25
Arena C,2025-04-01,2025,Other,59,89.0
Arena C,2025-05-01,2025,Ice,163,449.5
Arena C,2025-05-01,2025,Other,55,78.0
Arena C,2025-06-01,2025,Ice,102,237.0
Arena C,2025-06-01,2025,Other,24,381.0
Arena C,2025-07-01,2025,Ice,219,494.5
Arena C,2025-07-01,2025,Other,20,60.5
Arena C,2025-08-01,2025,Dry Floor,6,78.0
Arena C,2025-08-01,2025,Ice,145,319.0
Arena C,2025-08-01,2025,Other,21,304.25
Arena C,2025-09-01,2025,Ice,191,443.75
Arena C,2025-09-01,2025,Other,27,57.0
Arena C,2025-10-01,2025,Ice,246,536.25
Arena C,2025-10-01,2025,Other,55,108.5
Arena C,2025-11-01,2025,Ice,282,677.75
Arena C,2025-11-01,2025,Other,50,89.75
Arena C,2025-12-01,2025,Ice,244,577.75
Arena C,2025-12-01,2025,Other,46,177.75
Arena C,2026-01-01,2026,Ice,225,618.75
Arena C,2026-01-01,2026,Other,78,175.5
Arena C,2026-02-01,2026,Ice,198,567.75
Arena C,2026-02-01,2026,Other,66,118.5
Arena C,2026-03-01,2026,Ice,219,629.0
Arena C,2026-03-01,2026,Other,82,140.25
Arena C,2026-04-01,2026,Ice,186,374.75
Arena C,2026-04-01,2026,Other,64,136.0
Arena C,2026-05-01,2026,Ice,169,487.5
Arena C,2026-05-01,2026,Other,68,140.0
Arena C,2026-06-01,2026,Ice,155,305.5
Arena C,2026-06-01,2026,Other,70,128.0
Arena C,2026-07-01,2026,Ice,173,404.5
Arena C,2026-07-01,2026,Other,20,259.0
Arena C,2026-08-01,2026,Dry Floor,6,84.0
Arena C,2026-08-01,2026,Ice,165,320.0
Arena C,2026-08-01,2026,Other,25,450.0
Arena C,2026-09-01,2026,Ice,125,374.5
Arena C,2026-09-01,2026,Other,23,110.0
Arena C,2026-10-01,2026,Ice,102,275.25
Arena C,2026-10-01,2026,Other,23,62.0
Arena C,2026-11-01,2026,Ice,123,353.25
Arena C,2026-11-01,2026,Other,33,81.5
Arena C,2026-12-01,2026,Ice,100,284.25
Arena C,2026-12-01,2026,Other,31,117.5
Arena C,2027-01-01,2027,Ice,117,395.25
Arena C,2027-01-01,2027,Other,33,96.5
Arena C,2027-02-01,2027,Ice,118,435.75
Arena C,2027-02-01,2027,Other,20,56.0
Arena C,2027-03-01,2027,Ice,110,389.75
Arena C,2027-03-01,2027,Other,46,249.0
Arena C,2027-04-01,2027,Ice,2,25.5
Arena D,2025-03-01,2025,Other,1,1.0
Arena D,2025-04-01,2025,Ice,145,349.0
Arena D,2025-04-01,2025,Other,71,93.0
Arena D,2025-05-01,2025,Ice,180,511.25
Arena D,2025-05-01,2025,Other,47,62.0
Arena D,2025-06-01,2025,Ice,223,432.75
Arena D,2025-06-01,2025,Other,52,68.0
Arena D,2025-07-01,2025,Ice,209,352.5
Arena D,2025-07-01,2025,Other,40,201.5
Arena D,2025-08-01,2025,Dry Floor,7,92.0
Arena D,2025-08-01,2025,Ice,96,180.5
Arena D,2025-08-01,2025,Other,53,452.25
Arena D,2025-09-01,2025,Ice,165,396.5
Arena D,2025-09-01,2025,Other,57,74.0
Arena D,2025-10-01,2025,Ice,244,548.75
Arena D,2025-10-01,2025,Other,58,86.5
Arena D,2025-11-01,2025,Ice,329,689.5
Arena D,2025-11-01,2025,Other,47,69.25
Arena D,2025-12-01,2025,Ice,268,578.75
Arena D,2025-12-01,2025,Other,56,203.25
Arena D,2026-01-01,2026,Ice,308,680.5
Arena D,2026-01-01,2026,Other,58,135.0
Arena D,2026-02-01,2026,Ice,294,596.5
Arena D,2026-02-01,2026,Other,53,101.75
Arena D,2026-03-01,2026,Ice,280,684.0
Arena D,2026-03-01,2026,Other,39,81.0
Arena D,2026-04-01,2026,Ice,165,376.5
Arena D,2026-04-01,2026,Other,58,115.5
Arena D,2026-05-01,2026,Ice,171,488.25
Arena D,2026-05-01,2026,Other,26,58.0
Arena D,2026-06-01,2026,Ice,147,305.5
Arena D,2026-06-01,2026,Other,37,60.5
Arena D,2026-07-01,2026,Ice,189,340.5
Arena D,2026-07-01,2026,Other,56,187.0
Arena D,2026-08-01,2026,Dry Floor,6,82.0
Arena D,2026-08-01,2026,Ice,144,254.0
Arena D,2026-08-01,2026,Other,45,481.0
Arena D,2026-09-01,2026,Ice,183,409.75
Arena D,2026-09-01,2026,Other,10,144.0
Arena D,2026-10-01,2026,Ice,108,268.75
Arena D,2026-10-01,2026,Other,15,70.0
Arena D,2026-11-01,2026,Ice,128,346.0
Arena D,2026-11-01,2026,Other,7,42.0
Arena D,2026-12-01,2026,Ice,108,319.75
Arena D,2026-12-01,2026,Other,15,101.0
Arena D,2027-01-01,2027,Ice,122,372.25
Arena D,2027-01-01,2027,Other,13,73.0
Arena D,2027-02-01,2027,Ice,117,280.5
Arena D,2027-02-01,2027,Other,15,62.0
Arena D,2027-03-01,2027,Ice,103,382.5
Arena D,2027-03-01,2027,Other,22,200.0
Arena D,2027-04-01,2027,Ice,1,11.0
Arena D,2027-04-01,2027,Other,4,8.0
Civic Arena,2025-04-01,2025,Ice,170,243.5
Civic Arena,2025-04-01,2025,Other,5,5.0
Civic Arena,2025-05-01,2025,Ice,129,185.5
Civic Arena,2025-05-01,2025,Other,4,4.0
Civic Arena,2025-06-01,2025,Ice,2,4.25
Civic Arena,2025-06-01,2025,Other,29,580.0
Civic Arena,2025-07-01,2025,Ice,23,47.5
Civic Arena,2025-07-01,2025,Other,27,540.5
Civic Arena,2025-08-01,2025,Ice,189,310.0
Civic Arena,2025-08-01,2025,Other,20,50.0
Civic Arena,2025-09-01,2025,Ice,173,279.0
Civic Arena,2025-09-01,2025,Other,2,38.5
Civic Arena,2025-10-01,2025,Ice,251,428.5
Civic Arena,2025-10-01,2025,Other,1,1.5
Civic Arena,2025-11-01,2025,Ice,193,372.5
Civic Arena,2025-11-01,2025,Other,7,117.0
Civic Arena,2025-12-01,2025,Ice,188,395.5
Civic Arena,2025-12-01,2025,Other,16,100.0
Civic Arena,2026-01-01,2026,Ice,249,452.5
Civic Arena,2026-01-01,2026,Other,1,20.5
Civic Arena,2026-02-01,2026,Ice,206,374.5
Civic Arena,2026-03-01,2026,Ice,226,402.0
Civic Arena,2026-03-01,2026,Other,2,4.0
Civic Arena,2026-04-01,2026,Ice,170,292.5
Civic Arena,2026-04-01,2026,Other,30,68.0
Civic Arena,2026-05-01,2026,Ice,146,289.75
Civic Arena,2026-05-01,2026,Other,31,72.0
Civic Arena,2026-06-01,2026,Other,30,630.0
Civic Arena,2026-07-01,2026,Other,31,651.0
Civic Arena,2026-08-01,2026,Ice,3,5.5
Civic Arena,2026-08-01,2026,Other,30,630.0
Civic Arena,2026-09-01,2026,Ice,42,57.5
Civic Arena,2026-09-01,2026,Other,2,42.0
Civic Arena,2026-10-01,2026,Ice,5,5.5
Civic Arena,2026-11-01,2026,Ice,3,3.0
Civic Arena,2026-11-01,2026,Other,7,108.0
Civic Arena,2026-12-01,2026,Ice,3,3.0
Civic Arena,2026-12-01,2026,Other,14,84.0
Civic Arena,2027-01-01,2027,Ice,4,4.0
Civic Arena,2027-01-01,2027,Other,1,19.0
Civic Arena,2027-02-01,2027,Ice,4,4.0
Civic Arena,2027-03-01,2027,Ice,4,4.0
Forum Arena,2025-04-01,2025,Ice,142,313.0
Forum Arena,2025-04-01,2025,Other,4,6.0
Forum Arena,2025-05-01,2025,Ice,149,329.25
Forum Arena,2025-05-01,2025,Other,2,2.0
Forum Arena,2025-06-01,2025,Ice,166,271.0
Forum Arena,2025-06-01,2025,Other,21,140.0
Forum Arena,2025-07-01,2025,Ice,210,361.0
Forum Arena,2025-07-01,2025,Other,17,58.0
Forum Arena,2025-08-01,2025,Ice,104,347.5
Forum Arena,2025-08-01,2025,Other,33,73.0
Forum Arena,2025-09-01,2025,Ice,152,292.0
Forum Arena,2025-09-01,2025,Other,9,45.5
Forum Arena,2025-10-01,2025,Ice,278,444.5
Forum Arena,2025-10-01,2025,Other,10,10.0
Forum Arena,2025-11-01,2025,Ice,218,364.5
Forum Arena,2025-11-01,2025,Other,13,123.0
Forum Arena,2025-12-01,2025,Ice,236,389.0
Forum Arena,2025-12-01,2025,Other,22,106.0
Forum Arena,2026-01-01,2026,Ice,275,444.0
Forum Arena,2026-01-01,2026,Other,10,29.5
Forum Arena,2026-02-01,2026,Ice,231,371.5
Forum Arena,2026-02-01,2026,Other,8,8.0
Forum Arena,2026-03-01,2026,Ice,239,361.0
Forum Arena,2026-03-01,2026,Other,10,12.0
Forum Arena,2026-04-01,2026,Ice,161,310.0
Forum Arena,2026-04-01,2026,Other,30,68.0
Forum Arena,2026-05-01,2026,Ice,139,326.5
Forum Arena,2026-05-01,2026,Other,31,72.0
Forum Arena,2026-06-01,2026,Ice,138,203.0
Forum Arena,2026-06-01,2026,Other,32,163.0
Forum Arena,2026-07-01,2026,Ice,196,348.5
Forum Arena,2026-07-01,2026,Other,31,89.0
Forum Arena,2026-08-01,2026,Ice,180,362.5
Forum Arena,2026-08-01,2026,Other,30,70.0
Forum Arena,2026-09-01,2026,Other,2,42.0
Forum Arena,2026-11-01,2026,Other,7,108.0
Forum Arena,2026-12-01,2026,Other,15,87.0
Forum Arena,2027-01-01,2027,Other,1,19.0
Forum Arena,2027-02-01,2027,Other,1,3.0
Forum Arena,2027-03-01,2027,Other,3,58.0
Forum Arena,2027-04-01,2027,Other,1,19.0
Fountain Arena,2025-04-01,2025,Ice,130,263.0
Fountain Arena,2025-04-01,2025,Other,14,33.25
Fountain Arena,2025-05-01,2025,Ice,117,236.5
Fountain Arena,2025-06-01,2025,Ice,77,126.5
Fountain Arena,2025-07-01,2025,Ice,122,213.5
Fountain Arena,2025-08-01,2025,Ice,109,255.0
Fountain Arena,2025-09-01,2025,Ice,65,244.25
Fountain Arena,2025-10-01,2025,Ice,86,295.5
Fountain Arena,2025-11-01,2025,Ice,78,317.25
Fountain Arena,2025-12-01,2025,Ice,90,260.5
Fountain Arena,2026-01-01,2026,Ice,94,320.5
Fountain Arena,2026-02-01,2026,Ice,78,275.5
Fountain Arena,2026-03-01,2026,Ice,75,302.5
Fountain Arena,2026-04-01,2026,Ice,116,225.0
Fountain Arena,2026-05-01,2026,Ice,94,242.0
Fountain Arena,2026-06-01,2026,Ice,78,146.0
Fountain Arena,2026-07-01,2026,Ice,116,233.0
Fountain Arena,2026-07-01,2026,Other,5,15.0
Fountain Arena,2026-08-01,2026,Ice,78,217.0
Fountain Arena,2026-09-01,2026,Ice,43,211.0
Fountain Arena,2026-10-01,2026,Ice,5,12.5
Fountain Arena,2026-11-01,2026,Ice,4,10.0
Fountain Arena,2026-12-01,2026,Ice,3,7.5
Fountain Arena,2027-01-01,2027,Ice,3,7.5
Fountain Arena,2027-02-01,2027,Ice,4,10.0
Fountain Arena,2027-03-01,2027,Ice,4,39.5
Fountain Arena,2027-04-01,2027,Ice,4,36.5
Fountain Arena,2027-05-01,2027,Ice,2,12.0
Scotia One Arena,2025-04-01,2025,Ice,11,12.5
Scotia One Arena,2025-04-01,2025,Other,37,65.5
Scotia One Arena,2025-05-01,2025,Dry Floor,4,16.0
Scotia One Arena,2025-05-01,2025,Other,2,2.0
Scotia One Arena,2025-06-01,2025,Dry Floor,43,204.0
Scotia One Arena,2025-06-01,2025,Ice,1,2.0
Scotia One Arena,2025-07-01,2025,Dry Floor,45,189.5
Scotia One Arena,2025-07-01,2025,Other,6,26.0
Scotia One Arena,2025-08-01,2025,Dry Floor,33,163.75
Scotia One Arena,2025-08-01,2025,Ice,1,1.0
Scotia One Arena,2025-08-01,2025,Other,2,4.5
Scotia One Arena,2025-09-01,2025,Ice,87,181.0
Scotia One Arena,2025-09-01,2025,Other,22,22.5
Scotia One Arena,2025-10-01,2025,Ice,153,296.5
Scotia One Arena,2025-10-01,2025,Other,37,39.0
Scotia One Arena,2025-11-01,2025,Ice,158,347.0
Scotia One Arena,2025-11-01,2025,Other,30,32.0
Scotia One Arena,2025-12-01,2025,Ice,156,299.5
Scotia One Arena,2025-12-01,2025,Other,30,31.5
Scotia One Arena,2026-01-01,2026,Ice,144,327.0
Scotia One Arena,2026-01-01,2026,Other,21,21.0
Scotia One Arena,2026-02-01,2026,Ice,137,296.5
Scotia One Arena,2026-02-01,2026,Other,26,26.0
Scotia One Arena,2026-03-01,2026,Ice,119,361.5
Scotia One Arena,2026-03-01,2026,Other,22,22.0
Scotia One Arena,2026-04-01,2026,Ice,132,224.0
Scotia One Arena,2026-05-01,2026,Dry Floor,38,163.5
Scotia One Arena,2026-05-01,2026,Ice,12,37.0
Scotia One Arena,2026-06-01,2026,Dry Floor,47,176.5
Scotia One Arena,2026-07-01,2026,Dry Floor,61,285.5
Scotia One Arena,2026-08-01,2026,Dry Floor,17,94.5
Scotia One Arena,2026-09-01,2026,Ice,47,131.5
Scotia One Arena,2026-10-01,2026,Ice,27,61.5
Scotia One Arena,2026-11-01,2026,Ice,21,35.5
Scotia One Arena,2026-12-01,2026,Ice,15,20.0
Scotia One Arena,2027-01-01,2027,Ice,18,56.0
Scotia One Arena,2027-02-01,2027,Ice,16,20.0
Scotia One Arena,2027-03-01,2027,Ice,21,206.5
Scotia One Arena,2027-04-01,2027,Ice,3,29.0
Scotia Two Arena,2025-04-01,2025,Ice,26,28.0
Scotia Two Arena,2025-04-01,2025,Other,4,26.0
Scotia Two Arena,2025-05-01,2025,Ice,22,29.0
Scotia Two Arena,2025-05-01,2025,Other,27,27.0
Scotia Two Arena,2025-06-01,2025,Ice,88,133.5
Scotia Two Arena,2025-06-01,2025,Other,1,1.5
Scotia Two Arena,2025-07-01,2025,Ice,111,243.5
Scotia Two Arena,2025-08-01,2025,Ice,134,269.5
Scotia Two Arena,2025-09-01,2025,Ice,132,264.5
Scotia Two Arena,2025-10-01,2025,Ice,143,296.5
Scotia Two Arena,2025-11-01,2025,Ice,154,341.5
Scotia Two Arena,2025-12-01,2025,Ice,151,312.5
Scotia Two Arena,2026-01-01,2026,Ice,147,334.0
Scotia Two Arena,2026-02-01,2026,Ice,152,315.5
Scotia Two Arena,2026-03-01,2026,Ice,123,367.0
Scotia Two Arena,2026-04-01,2026,Ice,105,188.5
Scotia Two Arena,2026-05-01,2026,Ice,147,279.0
Scotia Two Arena,2026-06-01,2026,Ice,121,187.0
Scotia Two Arena,2026-07-01,2026,Ice,159,397.5
Scotia Two Arena,2026-08-01,2026,Ice,156,331.5
Scotia Two Arena,2026-09-01,2026,Ice,37,102.0
Scotia Two Arena,2026-10-01,2026,Ice,15,47.5
Scotia Two Arena,2026-11-01,2026,Ice,7,15.0
Scotia Two Arena,2026-12-01,2026,Ice,3,4.5
Scotia Two Arena,2027-01-01,2027,Ice,6,39.5
Scotia Two Arena,2027-02-01,2027,Ice,4,6.0
Scotia Two Arena,2027-03-01,2027,Ice,21,184.5
Scotia Two Arena,2027-04-01,2027,Ice,3,20.0
Smith Arena,2025-04-01,2025,Ice,152,259.0
Smith Arena,2025-04-01,2025,Other,2,6.0
Smith Arena,2025-05-01,2025,Ice,113,255.75
Smith Arena,2025-06-01,2025,Ice,70,146.5
Smith Arena,2025-07-01,2025,Ice,119,251.75
Smith Arena,2025-08-01,2025,Ice,109,254.0
Smith Arena,2025-09-01,2025,Ice,90,203.0
Smith Arena,2025-10-01,2025,Ice,118,275.0
Smith Arena,2025-11-01,2025,Ice,118,312.5
Smith Arena,2025-12-01,2025,Ice,108,238.5
Smith Arena,2026-01-01,2026,Ice,120,293.5
Smith Arena,2026-02-01,2026,Ice,119,272.5
Smith Arena,2026-03-01,2026,Ice,118,290.25
Smith Arena,2026-04-01,2026,Ice,137,247.5
Smith Arena,2026-05-01,2026,Ice,100,241.75
Smith Arena,2026-06-01,2026,Ice,53,120.5
Smith Arena,2026-07-01,2026,Ice,89,128.5
Smith Arena,2026-07-01,2026,Other,15,80.0
Smith Arena,2026-08-01,2026,Ice,71,123.5
Smith Arena,2026-09-01,2026,Ice,27,95.0
Smith Arena,2026-10-01,2026,Ice,13,28.0
Smith Arena,2026-11-01,2026,Ice,15,28.0
Smith Arena,2026-12-01,2026,Ice,10,18.0
Smith Arena,2027-01-01,2027,Ice,18,37.0
Smith Arena,2027-02-01,2027,Ice,13,26.0
Smith Arena,2027-03-01,2027,Ice,14,57.0
