registry_id,co_op_name,town,incorporation_date,incorporation_year,decade,org_form,is_nonprofit,coop_type,age_years
1352300,POMQUET CO-OPERATIVE LIMITED,Pomquet,1936-03-04,1936,1930s,For-profit,0,RETAIL CONSUMER PRODUCTS,90.3
1352675,VICTORIA FARMERS CO-OPERATIVE LIMITED,BADDECK,1936-07-22,1936,1930s,For-profit,0,RETAIL CONSUMER PRODUCTS,90.0
1352482,SHEAN CO-OPERATIVE LIMITED,INVERNESS,1936-12-19,1936,1930s,For-profit,0,RETAIL CONSUMER PRODUCTS,89.5
1352022,MARGAREE CO-OPERATIVE SOCIETY LIMITED,Margaree Forks,1937-01-27,1937,1930s,For-profit,0,RETAIL CONSUMER PRODUCTS,89.4
1351983,THE LOUISDALE COOPERATIVE SOCIETY LIMITED,LOUISDALE,1937-02-01,1937,1930s,For-profit,0,RETAIL CONSUMER PRODUCTS,89.4
1371852,CANSO CO-OPERATIVE LIMITED,CANSO,1937-02-25,1937,1930s,For-profit,0,RETAIL CONSUMER PRODUCTS,89.4
1351232,LA CO-OPERATIVE DE CHETICAMP LIMITEE,CHETICAMP,1937-03-04,1937,1930s,For-profit,0,RETAIL CONSUMER PRODUCTS,89.3
1517465,LEMOYNE COOPERATIVE SOCIETY LIMITED,St. Joseph de Moine,1937-05-26,1937,1930s,For-profit,0,RETAIL CONSUMER PRODUCTS,89.1
1352313,PORT HOOD COOPERATIVE LIMITED,PORT HOOD,1938-03-28,1938,1930s,For-profit,0,RETAIL CONSUMER PRODUCTS,88.3
1352760,WHYCOCOMAGH COOPERATIVE LIMITED,WHYCOCOMAGH,1938-05-06,1938,1930s,For-profit,0,RETAIL CONSUMER PRODUCTS,88.2
1369639,CENTRAL COOPERATIVE SOCIETY LIMITED,BAY STLAWERENCE,1940-03-04,1940,1940s,For-profit,0,RETAIL CONSUMER PRODUCTS,86.3
1351618,DE LA TOUR CO-OPERATIVE SOCIETY LIMITED,Lower West Pubnico,1944-06-07,1944,1940s,For-profit,0,RETAIL CONSUMER PRODUCTS,82.1
1352215,NOVA SCOTIA ANIMAL BREEDER'S CO-OPERATIVE LTD.,LOWER TRURO,1945-05-12,1945,1940s,For-profit,0,RETAIL CONSUMER PRODUCTS,81.2
1360612,PUGWASH CO-OPERATIVE LIMITED,Pugwash,1945-08-02,1945,1940s,For-profit,0,RETAIL CONSUMER PRODUCTS,80.9
1351581,CROSS ROADS CO-OPERATIVE LIMITED,PARRSBORO,1945-09-13,1945,1940s,For-profit,0,RETAIL CONSUMER PRODUCTS,80.8
1352453,SCOTSBURN CO-OPERATIVE SERVICES LIMITED,Truro,1946-01-07,1946,1940s,For-profit,0,AGRICULTURE,80.5
1357778,UPPER STEWIACKE COOPERATIVE LIMITED,Upper Stewiacke,1946-02-28,1946,1940s,For-profit,0,RETAIL CONSUMER PRODUCTS,80.4
1351470,BRIDGEWATER FARMERS COOPERATIVE SOCIETY LIMITED,BRIDGEWATER,1946-03-02,1946,1940s,For-profit,0,RETAIL CONSUMER PRODUCTS,80.3
1351565,CROSS ROADS BLUEBERRY CO-OPERATIVE LIMITED,PARRSBORO,1955-07-07,1955,1950s,For-profit,0,AGRICULTURE,71.0
1354340,VICTORIA CO-OPERATIVE FISHERIES LIMITED,NEILS HARBOUR,1956-01-06,1956,1950s,For-profit,0,FISH PRODUCTS,70.5
1352440,SCOTIAN GOLD CO-OPERATIVE LIMITED,COLDBROOK,1957-07-05,1957,1950s,For-profit,0,AGRICULTURE,69.0
1352260,PATURAGE CO-OPERATIF DE CHETICAMP LIMITE,Grand Etang,1962-04-10,1962,1960s,For-profit,0,SERVICES,64.2
1352659,UNITED FARMERS CO-OPERATIVE LIMITED,SYDNEY,1964-11-30,1964,1960s,For-profit,0,RETAIL CONSUMER PRODUCTS,61.6
1351663,DIGBY CO-OPERATIVE PASTURE LIMITED,DIGBY,1965-03-26,1965,1960s,For-profit,0,SERVICES,61.3
1352019,MAPLE BROOK CO-OPERATIVE PASTURE LIMITED,KINGSVILLE,1965-07-20,1965,1960s,Non-profit,1,SERVICES,61.0
1352120,NEIL'S HARBOUR CO-OPERATIVE LIMITED,NEIL'S HARBOUR,1965-10-29,1965,1960s,For-profit,0,RETAIL CONSUMER PRODUCTS,60.7
1351634,DEAN PRODUCE CO-OPERATIVE LIMITED,Upper Musquodoboit,1967-08-14,1967,1960s,For-profit,0,AGRICULTURE,58.9
1351078,KENT CO-OPERATIVE LIMITED,NEW MINAS,1970-02-10,1970,1970s,For-profit,0,RETAIL CONSUMER PRODUCTS,56.4
1352479,SETTLEMENT WATER CO-OPERATIVE LIMITED,ENFIELD,1970-04-06,1970,1970s,For-profit,0,SERVICES,56.3
1351856,HALL'S HARBOUR WATER CO-OPERATIVE LIMITED,"RR#3 Centreville",1972-03-23,1972,1970s,Non-profit,1,SERVICES,54.3
1351216,THE BLACK DUCK ARTS CO-OPERATIVE LIMITED,Lunenburg,1973-06-27,1973,1970s,For-profit,0,CRAFT PRODUCTS,53.0
1350886,CHEGOGGIN DYKE CO-OPERATIVE LIMITED,Pembroke,1973-11-28,1973,1970s,For-profit,0,FISH PRODUCTS,52.6
1351007,BADDECK VALLEY WOOD PRODUCERS CO-OPERATIVE LTD.,BADDECK,1973-12-20,1973,1970s,For-profit,0,FOREST PRODUCTS,52.5
1350942,ATLANTIC FILMMAKERS CO-OPERATIVE LIMITED,HALIFAX,1974-06-05,1974,1970s,Non-profit,1,SERVICES,52.1
1350664,HUNTINGTON POINT WATER CO-OPERATIVE ASSOCIATION LIMITED,CANNING,1975-06-20,1975,1970s,Non-profit,1,SERVICES,51.0
1352231,OVO CO-OPERATIVE LIMITED,Halifax,1975-11-21,1975,1970s,Non-profit,1,HOUSING,50.6
1352800,WOLFVILLE HABITAT COOPERATIVE LIMITED,WOLFVILLE,1975-12-30,1975,1970s,Non-profit,1,HOUSING,50.5
1349506,BAXTER'S HARBOUR CO-OPERATIVE LIMITED,CANNING,1976-01-12,1976,1970s,Non-profit,1,WORKER LABOUR,50.5
1352175,NORTH NOVA FOREST OWNERS CO-OPERATIVE LIMITED,WENTWORTH,1976-04-30,1976,1970s,For-profit,0,FOREST PRODUCTS,50.2
1352744,WESTMOOR 57 CO-OPERATIVE LIMITED,HALIFAX,1976-07-28,1976,1970s,Non-profit,1,HOUSING,49.9
1352257,MIRA PASTURE CO-OPERATIVE LIMITED,Big Ridge,1977-03-03,1977,1970s,For-profit,0,SERVICES,49.3
1350939,ATHOL FORESTRY COOPERATIVE LIMITED,FORT LAWRENCE,1977-07-26,1977,1970s,For-profit,0,FOREST PRODUCTS,48.9
1351438,LITTLE HARBOUR PASTURE CO-OPERATIVE LIMITED,BARRA HEAD,1977-08-10,1977,1970s,For-profit,0,SERVICES,48.9
1354477,BLACK ROSE CO-OPERATIVE LIMITED,HALIFAX,1977-09-15,1977,1970s,Non-profit,1,HOUSING,48.8
1350860,CENTRAL SPRYFIELD HOUSING CO-OPERATIVE LIMITED,Lower Sackville,1978-03-06,1978,1970s,Non-profit,1,HOUSING,48.3
1354520,HALIFAX PENINSULA HOUSING CO-OPERATIVE LIMITED,HALIFAX,1979-05-04,1979,1970s,Non-profit,1,HOUSING,47.2
1351454,LITTLE POND CO-OPERATIVE LIMITED,Lawrencetown,1979-09-13,1979,1970s,For-profit,0,HOUSING,46.8
1351912,BRIERLY HOUSING CO-OPERATIVE LIMITED,ANTIGONISH,1979-11-07,1979,1970s,Non-profit,1,HOUSING,46.7
1360598,LAMPLIGHT HOUSING CO-OPERATIVE LIMITED,TRURO,1980-05-09,1980,1980s,Non-profit,1,HOUSING,46.2
1351872,HIGH HOPES HOUSING CO-OPERATIVE LIMITED,HALIFAX,1980-10-07,1980,1980s,Non-profit,1,HOUSING,45.7
1354673,NORTH WEST ARM HOUSING CO-OPERATIVE LIMITED,Halifax,1980-11-04,1980,1980s,Non-profit,1,HOUSING,45.7
1381982,ROGERS DRIVE HOUSING CO-OPERATIVE LTD.,Dartmouth,1981-03-20,1981,1980s,Non-profit,1,HOUSING,45.3
1396297,LA CO-OPERATIVE CHARLES FOREST LTEE,Arichat,1981-04-24,1981,1980s,For-profit,0,RETAIL CONSUMER PRODUCTS,45.2
1413392,SHIRETOWN HOUSING CO-OPERATIVE LIMITED,PICTOU,1981-06-08,1981,1980s,Non-profit,1,HOUSING,45.1
1416717,THE REGIONAL HOUSING CO-OPERATIVE LIMITED,DARTMOUTH,1981-08-06,1981,1980s,Non-profit,1,HOUSING,44.9
1424852,LORENTCHIA HOUSING CO-OPERATIVE LIMITED,ANTIGONISH,1981-08-28,1981,1980s,Non-profit,1,HOUSING,44.9
1443682,NEWFIE HOUSING CO-OPERATIVE LIMITED,TRURO,1981-10-26,1981,1980s,Non-profit,1,HOUSING,44.7
1442474,THE APARTMENT HOUSING CO-OPERATIVE LIMITED,Halifax,1981-10-29,1981,1980s,Non-profit,1,HOUSING,44.7
1435396,HALIFAX WOMEN'S HOUSING CO-OPERATIVE LIMITED,DARTMOUTH,1981-11-09,1981,1980s,Non-profit,1,HOUSING,44.7
1451701,ATLANTIC HOUSING CO-OPERATIVE LIMITED,TRURO,1981-12-24,1981,1980s,Non-profit,1,HOUSING,44.5
1450953,HIGHLAND HOUSING CO-OPERATIVE LIMITED,ANTIGONISH,1982-02-01,1982,1980s,Non-profit,1,HOUSING,44.4
1459758,ALBRO COURT HOUSING CO-OPERATIVE LIMITED,DARTMOUTH,1982-02-11,1982,1980s,Non-profit,1,HOUSING,44.4
1398155,VIHARA HOUSING CO-OPERATIVE LIMITED,Halifax,1982-02-19,1982,1980s,Non-profit,1,HOUSING,44.4
1386318,FAIRWEST HOUSING CO-OPERATIVE LIMITED,Halifax,1982-03-11,1982,1980s,Non-profit,1,HOUSING,44.3
1433232,KABUKI HOUSING CO-OPERATIVE LIMITED,HALIFAX,1982-04-13,1982,1980s,Non-profit,1,HOUSING,44.2
1389302,MARIA'S HOUSING CO-OPERATIVE LIMITED,DARTMOUTH,1982-04-30,1982,1980s,Non-profit,1,HOUSING,44.2
1418228,FALLOUT HOUSING CO-OPERATIVE LIMITED,HALIFAX,1982-05-06,1982,1980s,Non-profit,1,SERVICES,44.2
1445622,ROOFTOPS HOUSING CO-OPERATIVE LIMITED,Dartmouth,1982-05-06,1982,1980s,Non-profit,1,HOUSING,44.2
1386350,CRANBERRY LAKE HOUSING CO-OPERATIVE LIMITED,Dartmouth,1982-07-14,1982,1980s,Non-profit,1,HOUSING,44.0
1486567,APPLE BLOSSOM HOUSING CO-OPERATIVE LIMITED,TRURO,1983-04-07,1983,1980s,Non-profit,1,HOUSING,43.2
1501024,ROCKY ROAD HOUSING CO-OPERATIVE LIMITED,Dartmouth,1983-04-11,1983,1980s,Non-profit,1,HOUSING,43.2
1474926,THE CROSS-ROADS NON PROFIT HOUSING CO-OPERATIVE LIMITED,LOWER SACKVILLE,1983-05-02,1983,1980s,Non-profit,1,HOUSING,43.2
1511056,SAMSON CO-OPERATIVE LIMITED,New Glasgow,1983-06-07,1983,1980s,Non-profit,1,HOUSING,43.1
1494160,THE TRILLIUM HOUSING CO-OPERATIVE LIMITED,DARTMOUTH,1983-06-22,1983,1980s,Non-profit,1,HOUSING,43.0
1548378,PRIVATEER HOUSING CO-OPERATIVE LIMITED,Dartmouth,1983-12-01,1983,1980s,Non-profit,1,HOUSING,42.6
1540556,FRESH START HOUSING CO-OPERATIVE LIMITED,TRURO,1983-12-14,1983,1980s,Non-profit,1,HOUSING,42.6
1568607,NORTH BAY FISHERMEN'S CO-OPERATIVE ASSOCIATION LIMITED,ANTIGONISH,1984-03-30,1984,1980s,For-profit,0,FISH PRODUCTS,42.3
1569442,HUBTOWN HOUSING CO-OPERATIVE LIMITED,TRURO,1984-04-06,1984,1980s,Non-profit,1,HOUSING,42.2
1568509,JOE MACISAAC HOUSING CO-OPERATIVE LIMITED,PORT HAWKESBURY,1984-05-14,1984,1980s,Non-profit,1,HOUSING,42.1
1555901,FLIP FLOP HOUSING CO-OPERATIVE LIMITED,Dartmouth,1984-06-22,1984,1980s,Non-profit,1,HOUSING,42.0
1588452,WEST HALIFAX HOUSING CO-OPERATIVE LIMITED,TRURO,1984-07-09,1984,1980s,Non-profit,1,HOUSING,42.0
1592477,LOYALIST HOUSING CO-OPERATIVE LIMITED,Dartmouth,1984-08-20,1984,1980s,Non-profit,1,HOUSING,41.9
1608901,WALLIS DRIVE HOUSING CO-OPERATIVE LTD.,Pictou,1985-03-08,1985,1980s,Non-profit,1,HOUSING,41.3
1649039,CEILIDH FISHERMEN CO-OP LIMITED,PORT HOOD,1985-05-29,1985,1980s,For-profit,0,FISH PRODUCTS,41.1
1707582,WATER STREET STUDIO CO-OPERATIVE LIMITED,PICTOU,1986-05-14,1986,1980s,For-profit,0,CRAFT PRODUCTS,40.1
1692488,LE MANOIR SAINT-PIERRE HOUSING COOPERATIVE LIMITED,Cheticamp,1986-06-06,1986,1980s,Non-profit,1,HOUSING,40.1
1695123,MCINTOSH RUN HOUSING CO-OPERATIVE LIMITED,DARTMOUTH,1986-07-07,1986,1980s,Non-profit,1,HOUSING,40.0
1717278,CHIGNECTO HOUSING CO-OPERATIVE LIMITED,AMHERST,1986-07-15,1986,1980s,Non-profit,1,HOUSING,40.0
1727308,JOHN HUGH MACKENZIE HOUSING CO-OPERATIVE LIMITED,Halifax,1986-07-24,1986,1980s,Non-profit,1,HOUSING,40.0
1720641,LOWER ARGYLE FISHERMAN'S CO-OPERATIVE LIMITED,Lower Argyle,1986-10-20,1986,1980s,For-profit,0,FISH PRODUCTS,39.7
1737176,EVANGELINE COURTS HOUSING CO-OPERATIVE LIMITED,Wolfville,1986-10-20,1986,1980s,Non-profit,1,HOUSING,39.7
1743824,ANTIGONISH FARM AND GARDEN CO-OPERATIVE LIMITED,ANTIGONISH,1986-10-31,1986,1980s,For-profit,0,RETAIL CONSUMER PRODUCTS,39.7
1773669,FUTURE FORESTRY SERVICES CO-OPERATIVE LIMITED,NEW GLASGOW,1987-03-27,1987,1980s,For-profit,0,FOREST PRODUCTS,39.3
1780845,HIGHFIELD PARK HOUSING CO-OPERATIVE LIMITED,DARTMOUTH,1987-04-30,1987,1980s,Non-profit,1,HOUSING,39.2
1798935,ATLANTIS HOUSING CO-OPERATIVE LIMITED,BIBLE HILL,1987-07-06,1987,1980s,Non-profit,1,HOUSING,39.0
1812768,LONGHOUSE HOUSING CO-OPERATIVE LIMITED,TRURO,1987-10-07,1987,1980s,Non-profit,1,HOUSING,38.7
1818360,THE GREENHOUSE CO-OPERATIVE LIMITED,ST.PETER'S,1988-02-08,1988,1980s,For-profit,0,WORKER LABOUR,38.4
1855894,THE BIRCHES HOUSING CO-OPERATIVE LIMITED,DIGBY,1988-03-31,1988,1980s,Non-profit,1,HOUSING,38.3
1862763,JOHNSTOWN COMMUNITY DEVELOPMENT CO-OPERATIVE LIMITED,RED ISLANDS,1988-04-26,1988,1980s,Non-profit,1,SERVICES,38.2
1876426,NOVA HEIGHTS CONTINUING HOUSING CO-OPERATIVE LIMITED,SYDNEY,1988-06-20,1988,1980s,Non-profit,1,HOUSING,38.0
1827279,GREEN STEM CO-OPERATIVE LIMITED,HALIFAX,1988-08-31,1988,1980s,Non-profit,1,HOUSING,37.8
1876619,DUNBRACK HOUSING CO-OPERATIVE LIMITED,Dartmouth,1988-09-02,1988,1980s,Non-profit,1,HOUSING,37.8
1914722,CANSO CO-OPERATIVE HEALTH CENTRE LIMITED,CANSO,1988-12-29,1988,1980s,Non-profit,1,SERVICES,37.5
1915636,WOODLAND ESTATES HOUSING CO-OPERATIVE LIMITED,TRURO,1989-01-23,1989,1980s,Non-profit,1,HOUSING,37.4
1923700,SOIL AND SEA CO-OP LIMITED,CANNING,1989-02-14,1989,1980s,For-profit,0,WORKER LABOUR,37.4
1877036,EVERGREEN ECOLOGICAL COOPERATIVE LIMITED,Margaretsville,1989-02-23,1989,1980s,For-profit,0,WORKER LABOUR,37.4
1914391,MACKEN ROAD WATER CO-OPERATIVE LIMITED,Antigonish Landing,1989-04-05,1989,1980s,Non-profit,1,SERVICES,37.3
1919550,FORCHU HOUSING CO-OPERATIVE LIMITED,HEBRON,1989-09-04,1989,1980s,Non-profit,1,HOUSING,36.8
1990082,GUANTANAMERA CO-OPERATIVE LIMITED,Head of Jeddore,1989-11-20,1989,1980s,For-profit,0,SERVICES,36.6
1925502,LANDVIEW HOUSING CO-OPERATIVE LIMITED,TRURO,1989-12-15,1989,1980s,Non-profit,1,HOUSING,36.6
2026177,HARBOUR GREENHOUSE CO-OPERATIVE LIMITED,MACKINNON'S HARBOUR,1990-10-03,1990,1990s,For-profit,0,WORKER LABOUR,35.8
2057133,GOLDEN POND HOUSING CO-OPERATIVE LIMITED,SYDNEY MINES,1990-10-29,1990,1990s,Non-profit,1,HOUSING,35.7
2056189,VILLAGE GROCERY WORKERS' CO-OPERATIVE LIMITED,ST PETERS,1990-10-30,1990,1990s,For-profit,0,WORKER LABOUR,35.7
2056510,LA COOPERATIVE RADIO CHETICAMP LIMITEE,CHETICAMP,1992-02-27,1992,1990s,Non-profit,1,SERVICES,34.4
2108357,TRUE NORTH HOUSING CO-OPERATIVE LIMITED,Dartmouth,1992-03-18,1992,1990s,Non-profit,1,HOUSING,34.3
2265467,CITY MARKET OF HALIFAX CO-OPERATIVE LTD.,HALIFAX,1993-05-04,1993,1990s,For-profit,0,AGRICULTURE,33.2
2245085,SSG SUPPORT SERVICES GROUP CO-OPERATIVE LTD.,DARTMOUTH,1993-06-15,1993,1990s,Non-profit,1,SERVICES,33.1
2252510,ARIMATHEA FUNERAL CO-OPERATIVE LIMITED,Upper Musquodoboit,1993-09-08,1993,1990s,Non-profit,1,SERVICES,32.8
2300835,CHIGNECTO MANOR CO-OPERATIVE LTD.,ADVOCATE HARBOUR,1993-10-07,1993,1990s,For-profit,0,SERVICES,32.7
2374414,TOWER HEIGHTS HOUSING CO-OPERATIVE LIMITED,SYDNEY,1994-06-16,1994,1990s,Non-profit,1,HOUSING,32.1
2424946,COBEQUID MAPLE CO-OPERATIVE LIMITED,WESTCHESTER STATION,1995-01-18,1995,1990s,For-profit,0,AGRICULTURE,31.5
2484748,ATLANTIC CO-OPERATIVE CED INSTITUTE LTD.,EAST MOUNTAIN,1995-08-02,1995,1990s,Non-profit,1,SERVICES,30.9
2467461,APAQTAUKEWAQ FISHERIES CO-OP LTD.,"Chapel Island, Richmond Co",1995-09-18,1995,1990s,For-profit,0,FISH PRODUCTS,30.8
2537013,JUST US! COFFEE ROASTERS CO-OPERATIVE LIMITED,HORTONVILLE,1996-03-07,1996,1990s,For-profit,0,WORKER LABOUR,30.3
3000912,LUNENBURG BALSAM FIR COOPERATIVE LTD.,Bridgewater,1996-07-24,1996,1990s,For-profit,0,FOREST PRODUCTS,29.9
3004733,OLD RAILWAY CABINS COOPERATIVE LTD.,AYLESFORD,1997-01-16,1997,1990s,For-profit,0,SERVICES,29.5
3007845,TEAM WORK COOPERATIVE LIMITED,HALIFAX,1997-04-18,1997,1990s,Non-profit,1,WORKER LABOUR,29.2
3008924,MINUDIE PASTURE COOPERATIVE LIMITED,GREAT VILLAGE,1997-05-29,1997,1990s,For-profit,0,SERVICES,29.1
3012648,COLCHESTER TRANSPORTATION COOPERATIVE LTD.,Truro,1997-10-06,1997,1990s,Non-profit,1,SERVICES,28.7
3013508,GLENDALE AREA COMMUNITY COOPERATIVE LTD. (CO-CHOMUNN BHRÀIGH NA H-AIBHNEADH),"GLENDALE, INVERNESS CO.",1997-11-06,1997,1990s,Non-profit,1,SERVICES,28.7
3014473,SYDNEY MINES INVESTMENT CO-OPERATIVE LIMITED,Sydney,1997-12-11,1997,1990s,For-profit,0,INVESTMENT,28.6
3018217,CURL UP & DYE CO-OPERATIVE LIMITED,NORTH SYDNEY,1998-04-14,1998,1990s,For-profit,0,WORKER LABOUR,28.2
3020069,C.A.J. WOODWORKERS CO-OPERATIVE LIMITED,Orangedale,1998-06-12,1998,1990s,For-profit,0,WORKER LABOUR,28.1
3021538,RICHMOND COMMUNITY MANAGEMENT FISHERY CO-OPERATIVE LIMITED,Arichat,1998-07-28,1998,1990s,Non-profit,1,FISH PRODUCTS,27.9
3021980,NORTHUMBERLAND FISH COOPERATIVE LIMITED,RIVER JOHN,1998-08-19,1998,1990s,For-profit,0,FISH PRODUCTS,27.9
3023460,340 RANCHER'S CO-OPERATIVE LIMITED,Weymouth,1998-10-08,1998,1990s,For-profit,0,AGRICULTURE,27.7
3039461,HERITAGE CAPE BRETON CONNECTION CO-OPERATIVE LTD.,Sydney,2000-01-14,2000,2000s,Non-profit,1,SERVICES,26.5
3039702,BARRACHOIS RETREAT CO-OPERATIVE LIMITED,TATAMAGOUCHE,2000-01-25,2000,2000s,For-profit,0,WORKER LABOUR,26.4
3042694,C.K.D. FABRICATORS CO-OPERATIVE LIMITED,Diligent River,2000-04-05,2000,2000s,For-profit,0,WORKER LABOUR,26.3
3045160,VIEWPOINT GALLERY CO-OPERATIVE LIMITED,HALIFAX,2000-06-05,2000,2000s,Non-profit,1,CRAFT PRODUCTS,26.1
3046326,LA CO-OPERATIVE RADIO RICHMOND LIMITEE,Petit De Grat,2000-06-27,2000,2000s,Non-profit,1,SERVICES,26.0
3049703,CAPE JOHN COMMUNITY PASTURE CO-OPERATIVE LIMITED,MORRISTOWN,2000-10-10,2000,2000s,For-profit,0,SERVICES,25.7
3052710,ALDERBERRY VILLAGE CRAFT CO-OPERATIVE LIMITED,Truro,2001-01-18,2001,2000s,For-profit,0,WORKER LABOUR,25.5
3054030,CAPE MABOU PASTURE CO-OPERATIVE LIMITED,MABOU,2001-03-05,2001,2000s,For-profit,0,SERVICES,25.3
3056188,TOTAL ESSENCE COACHING CO-OPERATIVE LIMITED,DARTMOUTH,2001-05-09,2001,2000s,For-profit,0,WORKER LABOUR,25.2
3057952,ABC HOUSING CO-OPERATIVE LIMITED,Dartmouth,2001-06-29,2001,2000s,Non-profit,1,HOUSING,25.0
3058103,OIKOCREDIT CANADA ATLANTIC CO-OPERATIVE LIMITED,Dartmouth,2001-07-09,2001,2000s,For-profit,0,INVESTMENT,25.0
3058182,HONESTWORKINGPEOPLE.COM CO-OPERATIVE LIMITED,Sydney Forks,2001-07-11,2001,2000s,For-profit,0,SERVICES,25.0
3059460,GRAINERY FOOD CO-OPERATIVE LTD.,Halifax,2001-08-13,2001,2000s,Non-profit,1,RETAIL CONSUMER PRODUCTS,24.9
3059487,FOUR CORNERS HOUSING CO-OPERATIVE LIMITED,YARMOUTH,2001-08-23,2001,2000s,Non-profit,1,HOUSING,24.9
3063161,JUST US! FAIR TRADE INVESTMENT CO-OPERATIVE LIMITED,HORTONVILLE,2002-01-07,2002,2000s,For-profit,0,WORKER LABOUR,24.5
3065444,PEER GALLERY CO-OPERATIVE LIMITED,LUNENBURG,2002-03-25,2002,2000s,For-profit,0,RETAIL CONSUMER PRODUCTS,24.3
3071165,CRYSTAL GRANGE HOUSING CO-OPERATIVE LIMITED,TRURO,2002-09-26,2002,2000s,Non-profit,1,HOUSING,23.8
3073275,ACADIA CINEMA COOPERATIVE LTD.,WOLFVILLE,2002-12-16,2002,2000s,Non-profit,1,SERVICES,23.6
3074367,LA RÉSIDENCE ACADIENNE CO-OPERATIVE LIMITED,CHETICAMP,2003-01-15,2003,2000s,Non-profit,1,SERVICES,23.5
3075199,COOPÉRATIVE RADIO-HALIFAX-MÉTRO LIMITÉE,SAINT JOHN,2003-01-22,2003,2000s,Non-profit,1,SERVICES,23.5
3079039,COASTAL COMMUNITY RADIO CO-OPERATIVE LIMITED,SYDNEY,2003-06-12,2003,2000s,Non-profit,1,SERVICES,23.1
3079828,GUNG HO! EMPLOYMENT CO-OPERATIVE LIMITED,Halifax,2003-07-02,2003,2000s,Non-profit,1,SERVICES,23.0
3080046,INVESTING IN NS ENTERPRISES CO-OPERATIVE LIMITED,Truro,2003-07-14,2003,2000s,Non-profit,1,INVESTMENT,23.0
3083726,DEEP ROOTS MUSIC CO-OPERATIVE LIMITED,WOLFVILLE,2003-11-19,2003,2000s,Non-profit,1,WORKER LABOUR,22.6
3085260,TATAMAGOUCHE FARMERS' MARKET CO-OP LTD.,Tatamagouche,2003-12-23,2003,2000s,Non-profit,1,AGRICULTURE,22.5
3085934,SUNSET FUNERAL CO-OPERATIVE LIMITED,MARGAREE VALLEY,2004-01-05,2004,2000s,For-profit,0,WORKER LABOUR,22.5
3085677,FARMERS' MARKETS OF NS COOPERATIVE LTD.,LUNENBURG,2004-01-13,2004,2000s,Non-profit,1,AGRICULTURE,22.5
3085936,HALIFAX CHEER ELITE CO-OPERATIVE LIMITED,Halifax,2004-01-27,2004,2000s,Non-profit,1,WORKER LABOUR,22.4
3089795,PINE HAVEN WATER CO-OPERATIVE LIMITED,COLDBROOK,2004-05-11,2004,2000s,For-profit,0,SERVICES,22.2
3094170,WILD BLUEBERRY HARVEST CO-OPERATIVE LIMITED,Five Islands,2004-09-28,2004,2000s,Non-profit,1,AGRICULTURE,21.8
3094178,PATHWAYS HOUSING SERVICES CO-OPERATIVE LTD.,DARTMOUTH,2004-10-05,2004,2000s,For-profit,0,SERVICES,21.7
3094613,CAPE BLUE ROADS AND SERVICES CO-OPERATIVE LIMITED,Havre Boucher,2004-10-14,2004,2000s,For-profit,0,SERVICES,21.7
3094888,EDUNOVA CO-OPERATIVE LIMITED,HALIFAX,2004-10-26,2004,2000s,Non-profit,1,WORKER LABOUR,21.7
3095186,MERSEY TOBEATIC RESEARCH INSTITUTE CO-OPERATIVE LIMITED,KEMPT,2004-11-05,2004,2000s,Non-profit,1,WORKER LABOUR,21.7
3095421,MUD CREEK MEDICAL CO-OPERATIVE LIMITED,NEW MINAS,2004-11-08,2004,2000s,For-profit,0,WORKER LABOUR,21.7
3097408,SUNRISE TRAIL COMMUNITY DEVELOPMENT CO-OPERATIVE LIMITED,HALIFAX,2005-01-12,2005,2000s,Non-profit,1,INVESTMENT,21.5
3097409,FUTURE GROWTH CO-OP LTD.,Sydney Mines,2005-01-14,2005,2000s,Non-profit,1,INVESTMENT,21.5
3100157,HEALTH INFORMATICS CANADA RESEARCH LABORATORY (HICRELA) CO-OPERATIVE LIMITED,HALIFAX,2005-04-13,2005,2000s,Non-profit,1,SERVICES,21.2
3102658,HEALTHY MINDS NETWORK CO-OPERATIVE LIMITED,DARTMOUTH,2005-06-13,2005,2000s,Non-profit,1,SERVICES,21.1
3102967,CRAB QUOTA CO-OPERATIVE LTD.,GUYSBOROUGH,2005-07-05,2005,2000s,For-profit,0,FISH PRODUCTS,21.0
3103778,WOLFVILLE FARMERS MARKET CO-OPERATIVE LIMITED,WOLFVILLE,2005-07-13,2005,2000s,Non-profit,1,AGRICULTURE,21.0
3104621,SHEAN INVESTMENT CO-OPERATIVE LIMITED,Inverness,2005-08-23,2005,2000s,For-profit,0,INVESTMENT,20.9
3110411,SYDPORT INVESTMENT CO-OPERATIVE LTD.,Sydney,2005-09-28,2005,2000s,For-profit,0,INVESTMENT,20.8
3137611,FORMER HEALTH CARE CO-OPERATIVE LIMITED,NEW MINAS,2006-03-23,2006,2000s,For-profit,0,WORKER LABOUR,20.3
3141711,PORT HOOD RV CO-OPERATIVE LIMITED,Port Hood,2006-04-04,2006,2000s,For-profit,0,INVESTMENT,20.3
3160540,HEMFORD CEMETERY CO-OPERATIVE LTD.,Hemford,2006-06-26,2006,2000s,Non-profit,1,WORKER LABOUR,20.0
3161312,PUGWASH FARMERS' MARKET CO-OPERATIVE LIMITED,Pugwash,2006-07-04,2006,2000s,Non-profit,1,AGRICULTURE,20.0
3162613,PARRSBORO WELLNESS CENTRE CO-OP LTD.,Parrsboro,2006-07-10,2006,2000s,Non-profit,1,SERVICES,20.0
3167235,KING'S BOOKSTORE CO-OPERATIVE LIMITED,HALIFAX,2006-08-08,2006,2000s,For-profit,0,RETAIL CONSUMER PRODUCTS,19.9
3177313,NEW ROSS COUNTRY MARKET CO-OP LIMITED,Blue Mountain,2006-09-13,2006,2000s,Non-profit,1,AGRICULTURE,19.8
3191173,SPRYVIEW HOUSING CO-OPERATIVE LIMITED,Lower Sackville,2006-10-31,2006,2000s,Non-profit,1,HOUSING,19.7
3215055,TRURO FARMERS' MARKET CO-OPERATIVE LIMITED,Truro,2007-03-28,2007,2000s,Non-profit,1,AGRICULTURE,19.3
3216455,STRAIT AREA TRANSIT CO-OPERATIVE LTD.,PORT HAWKESBURY,2007-04-10,2007,2000s,Non-profit,1,WORKER LABOUR,19.2
3217645,TATAMAGOUCHE COMMUNITY LAND CO-OPERATIVE LTD.,WALDEGRAVE,2007-04-12,2007,2000s,Non-profit,1,SERVICES,19.2
3217793,CONNECTING PEOPLE FOR HEALTH CO-OPERATIVE LIMITED,Truro,2007-04-25,2007,2000s,For-profit,0,SERVICES,19.2
3218201,CAPE BRETON FARMERS' MARKET CO-OPERATIVE LIMITED,Sydney,2007-05-22,2007,2000s,Non-profit,1,AGRICULTURE,19.1
3222050,CAPE BRETON MUSIC INDUSTRY CO-OPERATIVE LIMITED,Sydney,2007-08-14,2007,2000s,Non-profit,1,WORKER LABOUR,18.9
3223356,HUBBARDS NURSERY SCHOOL CO-OPERATIVE LIMITED,Hubbards,2007-10-25,2007,2000s,Non-profit,1,SERVICES,18.7
3223969,WHYCOCOMAGH INVESTMENT CO-OPERATIVE LIMITED,BADDECK,2007-11-16,2007,2000s,For-profit,0,INVESTMENT,18.6
3224429,GULF AQUARIUM AND MARINE STATION COOPERATIVE LTD. COOPÉRATIVE DE RECHERCHE MARINE ET AQUARIUM DU GOLF LTÉE,Cheticamp,2007-12-03,2007,2000s,Non-profit,1,FISH PRODUCTS,18.6
3224641,COASTAL GROWTH MANAGEMENT CO-OPERATIVE LIMITED,Sydney,2007-12-18,2007,2000s,For-profit,0,FOREST PRODUCTS,18.5
3225644,MARGAREE TOURISM ASSOCIATION CO-OPERATIVE LIMITED,Margaree Forks,2008-01-28,2008,2000s,Non-profit,1,WORKER LABOUR,18.4
3229301,SMART CHRISTMAS TREE RESEARCH COOPERATIVE LTD.,TATAMAGOUCHE,2008-06-20,2008,2000s,For-profit,0,FOREST PRODUCTS,18.0
3230550,EVANGELINE ARTISTS' COOPERATIVE LTD.,WEST BROOKLYN,2008-08-12,2008,2000s,Non-profit,1,CRAFT PRODUCTS,17.9
3230729,NS FARMERS' MARKET DEVELOPMENT COOPERATIVE LTD.,Truro,2008-08-29,2008,2000s,Non-profit,1,INVESTMENT,17.9
3231260,CELTIC HEART OF NORTH AMERICA COOPERATIVE LIMITED,SYDNEY,2008-09-12,2008,2000s,Non-profit,1,CRAFT PRODUCTS,17.8
3232669,ART 1274 HOLLIS CO-OPERATIVE LIMITED,Halifax,2008-11-06,2008,2000s,Non-profit,1,CRAFT PRODUCTS,17.7
3233867,ALL NS GREEN CHRISTMAS TREE CO-OP LTD.,New Germany,2009-01-12,2009,2000s,For-profit,0,FOREST PRODUCTS,17.5
3234142,MUSQUODOBOIT HARBOUR FARMERS MARKET CO-OPERATIVE LTD.,MUSQUODOBOIT HARBOUR,2009-01-22,2009,2000s,Non-profit,1,AGRICULTURE,17.5
3234987,RIVERFEST CO-OP LIMITED,NEW CANADA,2009-02-20,2009,2000s,Non-profit,1,SERVICES,17.4
3235541,HALIFAX CIRCUS CO-OPERATIVE LTD.,Halifax,2009-03-23,2009,2000s,Non-profit,1,WORKER LABOUR,17.3
3235926,THE DANDELION COMMUNITY INVESTMENT COOPERATIVE LIMITED,KENTVILLE,2009-04-06,2009,2000s,For-profit,0,INVESTMENT,17.2
3237614,THERMALWISE GREEN BUILDING CO-OPERATIVE LIMITED,DARTMOUTH,2009-06-18,2009,2000s,For-profit,0,WORKER LABOUR,17.0
3238229,MIDDLETON FARMERS' MARKET COOPERATIVE LIMITED,Middleton,2009-07-08,2009,2000s,Non-profit,1,AGRICULTURE,17.0
3238983,NEW GLASGOW FARMERS MARKET COOPERATIVE LIMITED,NEW GLASGOW,2009-08-18,2009,2000s,Non-profit,1,AGRICULTURE,16.9
3245666,TIDNISH BRIDGE ART GALLERY CO-OP LIMITED,TIDNISH BRIDGE,2010-05-14,2010,2010s,Non-profit,1,CRAFT PRODUCTS,16.1
3245670,THE OLD SCHOOL COMMUNITY GATHERING PLACE CO-OPERATIVE LIMITED,MUSQUODOBOIT HARBOUR,2010-05-14,2010,2010s,Non-profit,1,SERVICES,16.1
3245765,SERVING SENIORS ALLIANCE COOPERATIVE LTD.,HALIFAX,2010-05-14,2010,2010s,Non-profit,1,SERVICES,16.1
3246190,CAPE NORTH FARMERS MARKET COOPERATIVE LIMITED,DINGWALL,2010-06-10,2010,2010s,Non-profit,1,AGRICULTURE,16.1
3246417,THE SCOTCH VILLAGE COOPERATIVE FARM LTD.,SCOTCH VILLAGE,2010-06-18,2010,2010s,For-profit,0,AGRICULTURE,16.0
3246424,LA COOPÉRATIVE DE TRANSPORT DE CHÉTICAMP LIMITÉE,CHETICAMP,2010-06-18,2010,2010s,Non-profit,1,SERVICES,16.0
3246517,OFF THE HOOK COOPERATIVE LTD.,Halifax,2010-06-23,2010,2010s,For-profit,0,FISH PRODUCTS,16.0
3247342,HALIFAX BREWERY FARMERS' MARKET CO-OP LTD.,HALIFAX,2010-07-09,2010,2010s,Non-profit,1,AGRICULTURE,16.0
3247429,SADUKE HOUSING CO-OPERATIVE LIMITED,Dartmouth,2010-08-01,2010,2010s,Non-profit,1,HOUSING,15.9
3247949,MELVILLE DRIVE CO-OPERATIVE LTD.,Brookfield,2010-08-24,2010,2010s,Non-profit,1,SERVICES,15.9
3251756,RED BRICK ROW INVESTMENT CO-OPERATIVE LIMITED,SYDNEY,2011-01-28,2011,2010s,For-profit,0,INVESTMENT,15.4
3252167,KAZAN CO-OP LTD.,HALIFAX,2011-02-18,2011,2010s,Non-profit,1,SERVICES,15.4
3252348,SHELBURNE FARMERS AND ARTISANS CO-OP LTD.,SHELBURNE,2011-02-25,2011,2010s,Non-profit,1,AGRICULTURE,15.4
3252414,GUYSBOROUGH COMMUNITY MARKET CO-OPERATIVE LIMITED,HALFWAY COVE,2011-02-25,2011,2010s,Non-profit,1,AGRICULTURE,15.4
3252423,HERITAGE BOAT YARD COOPERATIVE LIMITED,MAHONE BAY,2011-03-02,2011,2010s,Non-profit,1,SERVICES,15.3
3252678,DMV THEATRE CO-OP LTD.,East Pennant,2011-03-10,2011,2010s,Non-profit,1,SERVICES,15.3
3254330,FARMWORKS INVESTMENT CO-OPERATIVE LIMITED,Greenwich,2011-05-17,2011,2010s,For-profit,0,INVESTMENT,15.1
3254480,ARGYLE FARMERS' & ARTISANAL MARKET CO-OPERATIVE LIMITED,TUSKET,2011-05-24,2011,2010s,Non-profit,1,AGRICULTURE,15.1
3254486,YARMOUTH FARMERS' COMMUNITY MARKET CO-OPERATIVE LIMITED,YARMOUTH,2011-05-24,2011,2010s,Non-profit,1,AGRICULTURE,15.1
3255104,THE LOADED LADLE HALIFAX CO-OPERATIVE LTD.,HALIFAX,2011-06-07,2011,2010s,Non-profit,1,SERVICES,15.1
3255581,WEST GORE CEMETERY CO-OPERATIVE LTD.,WEST GORE,2011-06-30,2011,2010s,Non-profit,1,SERVICES,15.0
3256143,HARMONY HEALTH CENTRE COOPERATIVE LIMITED,Bridgewater,2011-07-27,2011,2010s,For-profit,0,SERVICES,14.9
3256149,MARITIME HOP GROWERS CO-OPERATIVE LIMITED,WALLACE RIDGE,2011-07-27,2011,2010s,For-profit,0,AGRICULTURE,14.9
3256956,THE DEANERY PROJECT CO-OPERATIVE LTD.,LOWER SHIP HARBOUR,2011-09-01,2011,2010s,Non-profit,1,SERVICES,14.8
3257242,WEST SIDE PERFORMING ARTS COOPERATIVE LIMITED,SKYE GLEN,2011-09-15,2011,2010s,Non-profit,1,WORKER LABOUR,14.8
3258610,GETTING TO KNOW CANCER COOPERATIVE LTD.,Truro,2011-11-14,2011,2010s,Non-profit,1,SERVICES,14.6
3260806,MUSGO RIDER COOPERATIVE LTD.,PORTERS LAKE,2012-02-08,2012,2010s,Non-profit,1,SERVICES,14.4
3261409,CMEC ALUMNI & STUDENT CO-OP LTD.,HALIFAX,2012-03-01,2012,2010s,Non-profit,1,SERVICES,14.3
3264189,GRASS ROOTS UP CO-OPERATIVE LIMITED,Amherst,2012-06-14,2012,2010s,For-profit,0,AGRICULTURE,14.1
3265337,HALIFAX MUSIC CO-OPERATIVE LIMITED,HALIFAX,2012-07-27,2012,2010s,Non-profit,1,SERVICES,13.9
3265866,AILEEN'S PETS WITHOUT VETS CO-OPERATIVE LTD.,SYDNEY,2012-08-27,2012,2010s,Non-profit,1,SERVICES,13.9
3267060,THE BUS STOP THEATRE COOPERATIVE LTD.,HALIFAX,2012-10-18,2012,2010s,Non-profit,1,SERVICES,13.7
3267523,NEEDHAM HOUSING CO-OPERATIVE LIMITED,TRURO,2012-11-07,2012,2010s,Non-profit,1,HOUSING,13.7
3268827,CARBON ARC CINEMA COOPERATIVE LTD.,HALIFAX,2013-01-02,2013,2010s,Non-profit,1,SERVICES,13.5
3270113,EARRAS CO-OPERATIVE OF MABOU LTD.,MABOU,2013-02-18,2013,2010s,Non-profit,1,SERVICES,13.4
3270137,HOME HEIRLOOMS CO-OPERATIVE LIMITED,HALIFAX,2013-02-18,2013,2010s,Non-profit,1,SERVICES,13.4
3270325,NEW EDINGBURGH ARTIST'S COLONY CO-OP LTD.,PORTSMOUTH,2013-03-01,2013,2010s,Non-profit,1,CRAFT PRODUCTS,13.3
3273128,THE COMMUNITY CARROT CO-OPERATIVE LIMITED,HALIFAX,2013-06-14,2013,2010s,For-profit,0,RETAIL CONSUMER PRODUCTS,13.1
3277711,ARTPORT GALLERY COOPERATIVE LIMITED,HALIFAX,2014-01-03,2014,2010s,Non-profit,1,CRAFT PRODUCTS,12.5
3278800,KLMPT HOUSE CO-OP LIMITED,CLEMENTSPORT,2014-02-20,2014,2010s,For-profit,0,HOUSING,12.4
3279073,PRIVATEER FARMERS MARKET CO-OPERATIVE LIMITED,LIVERPOOL,2014-02-28,2014,2010s,Non-profit,1,AGRICULTURE,12.4
3279775,EASTERN SHORE COOPERATOR PUBLICATIONS COOPERATIVE LIMITED,MUSQUODOBOIT HARBOUR,2014-03-25,2014,2010s,Non-profit,1,CRAFT PRODUCTS,12.3
3280607,MEDWAY COMMUNITY FOREST CO-OPERATIVE LTD.,CALEDONIA,2014-04-30,2014,2010s,For-profit,0,FOREST PRODUCTS,12.2
3280780,AMHERST TRAIN STATION ARTISAN GALLERY COOPERATIVE LIMITED,AMHERST,2014-05-05,2014,2010s,Non-profit,1,CRAFT PRODUCTS,12.2
3280816,ARTISYNC TECHNOLOGIES CO-OP LTD.,Sydney,2014-05-13,2014,2010s,For-profit,0,CRAFT PRODUCTS,12.1
3287240,HERMES ART GALLERY CO-OPERATIVE LIMITED,Halifax,2015-02-20,2015,2010s,Non-profit,1,CRAFT PRODUCTS,11.4
3288944,LAHAVE CRAFT COOPERATIVE LIMITED,LUNENBURG,2015-04-16,2015,2010s,Non-profit,1,CRAFT PRODUCTS,11.2
3289711,PAN CAPE BRETON FOOD HUB CO-OPERATIVE LTD.,BRAS D'OR,2015-05-27,2015,2010s,Non-profit,1,AGRICULTURE,11.1
3289866,MABOU FARMERS MARKET COOPERATIVE LIMITED,MABOU,2015-06-01,2015,2010s,Non-profit,1,AGRICULTURE,11.1
3291314,NS CO-OPERATIVE COUNCIL LIMITED,Truro,2015-07-14,2015,2010s,Non-profit,1,SERVICES,11.0
3292144,PLANIFAX PRODUCTION CO-OPERATIVE LIMITED,HALIFAX,2015-09-01,2015,2010s,Non-profit,1,MISCELLANEOUS,10.8
3293293,NORTH QUEENS BUSINESS CENTRE & INNOVATION HUB CO-OP LTD.,CALEDONIA,2015-09-28,2015,2010s,Non-profit,1,SERVICES,10.8
3293059,ANTIGONISH COMMUNITY ENERGY COOPERATIVE LIMITED,ANTIGONISH LANDING,2015-10-13,2015,2010s,Non-profit,1,SERVICES,10.7
3293305,CUMBERLAND COUNTY SALT HAULERS CO-OPERATIVE LIMITED,TRUEMANVILLE,2015-10-23,2015,2010s,For-profit,0,WORKER LABOUR,10.7
3294154,NATURA HOLDINGS CO-OP LTD.,Bridgewater,2015-11-25,2015,2010s,For-profit,0,HOUSING,10.6
3294675,HOPE SEEDS CO-OPERATIVE LIMITED,ANNAPOLIS ROYAL,2015-12-09,2015,2010s,For-profit,0,AGRICULTURE,10.6
3296525,MUSGO RIDER VALLEY-SHEET HARBOUR COOPERATIVE LTD.,PORTERS LAKE,2016-01-14,2016,2010s,Non-profit,1,SERVICES,10.5
3296528,RED CLAY CONSERVATION COOPERATIVE LIMITED,UPPER ECONOMY,2016-01-26,2016,2010s,For-profit,0,SERVICES,10.4
3295767,NORTH STAR YACHT CLUB CO-OPERATIVE LTD.,HALIFAX,2016-02-03,2016,2010s,Non-profit,1,SERVICES,10.4
3295869,WENTWORTH LEARNING CENTRE COOPERATIVE LTD.,WENTWORTH,2016-02-03,2016,2010s,Non-profit,1,SERVICES,10.4
3296530,FISHERMAN'S COVE GALLERY CO-OP LTD.,EASTERN PASSAGE,2016-02-11,2016,2010s,Non-profit,1,CRAFT PRODUCTS,10.4
3299462,GREAT ISLAND ARTS CO-OPERATIVE LIMITED,PORT MEDWAY,2016-06-08,2016,2010s,Non-profit,1,CRAFT PRODUCTS,10.1
3299778,NEUROQUALIA CO-OPERATIVE LTD.,TRURO,2016-06-08,2016,2010s,Non-profit,1,SERVICES,10.1
3301326,LAWRENCETOWN COMMUNITY DEVELOPMENT CO-OPERATIVE LTD.,LAWRENCETOWN,2016-07-19,2016,2010s,For-profit,0,INVESTMENT,10.0
3302211,CEDAR LAKE WIRELESS COOPERATIVE LTD.,PORT MAITLAND,2016-10-18,2016,2010s,Non-profit,1,SERVICES,9.7
3302530,LOCHABER GROWERS COOPERATIVE LTD.,NORTH LOCHABER,2016-10-18,2016,2010s,Non-profit,1,AGRICULTURE,9.7
3302527,WESTERN WOODLOT SERVICES COOPERATIVE LTD.,CONCESSION,2016-10-31,2016,2010s,Non-profit,1,FOREST PRODUCTS,9.7
3306569,SOIL MATES COOPERATIVE LIMITED,BARSS CORNER,2017-04-03,2017,2010s,For-profit,0,AGRICULTURE,9.3
3307061,MUTUAL ALLIANCE CO-OPERATIVE LIMITED,CHATHAM,2017-04-25,2017,2010s,For-profit,0,INVESTMENT,9.2
3308322,NEWCAPELAND PROPERTIES CO-OP LTD.,CHATHAM,2017-05-30,2017,2010s,For-profit,0,SERVICES,9.1
3309375,SOUTH SHORE TOURISM COOPERATIVE LIMITED,COOKVILLE,2017-07-11,2017,2010s,Non-profit,1,SERVICES,9.0
3309533,ABILITY WOOD PRODUCTS CO-OPERATIVE LIMITED,GLACE BAY,2017-07-18,2017,2010s,For-profit,0,RETAIL CONSUMER PRODUCTS,9.0
3310038,SPRUCE DRIVE CO-OPERATIVE LTD.,HEATHERTON,2017-08-08,2017,2010s,Non-profit,1,SERVICES,8.9
3313807,RIVARD'S LUMBER & HARDWARE CO-OP LTD.,CHATHAM,2017-12-21,2017,2010s,For-profit,0,FOREST PRODUCTS,8.5
3317324,TOWN FARM CO-OP LTD.,NEW WATERFORD,2018-05-05,2018,2010s,Non-profit,1,AGRICULTURE,8.2
3318376,GLITTER BEAN CAFE CO-OPERATIVE LTD.,HALIFAX,2018-05-24,2018,2010s,For-profit,0,WORKER LABOUR,8.1
3318648,KICK AT THE DARK THEATRE CO-OPERATIVE LIMITED,DARTMOUTH,2018-06-18,2018,2010s,Non-profit,1,SERVICES,8.0
3319680,ARC OF THE COAST EASTERN CAPE BRETON COOPERATIVE ALLIANCE LTD.,GABARUS,2018-07-31,2018,2010s,Non-profit,1,SERVICES,7.9
3319912,LANDING STRONG CO-OPERATIVE LIMITED,WINDSOR,2018-08-08,2018,2010s,Non-profit,1,WORKER LABOUR,7.9
3321514,LIFE. SCHOOL. HOUSE CO-OPERATIVE LIMITED,HALIFAX,2018-10-09,2018,2010s,Non-profit,1,SERVICES,7.7
3323312,QUEENS OF THE GLAMAZON CO-OPERATIVE LIMITED,HALIFAX,2018-12-07,2018,2010s,Non-profit,1,SERVICES,7.6
3325554,NOWLC-NET COOPERATIVE LIMITED,WILEVILLE,2019-03-12,2019,2010s,For-profit,0,SERVICES,7.3
3327891,BOOMER HAVEN CO-OP LTD.,TRURO,2019-05-23,2019,2010s,Non-profit,1,SERVICES,7.1
3328620,MUSIC IN COMMUNITIES COOPERATIVE LTD.,CANNING,2019-06-17,2019,2010s,Non-profit,1,SERVICES,7.1
3329083,VICTORIA COUNTY TRANSIT CO-OPERATIVE LTD.,BADDECK,2019-07-11,2019,2010s,Non-profit,1,SERVICES,7.0
3329714,OSPREY RIDGE WINERY CO-OP LTD.,BRIDGEWATER,2019-08-08,2019,2010s,Non-profit,1,AGRICULTURE,6.9
3332853,THE ARTIST'S CIRCLE OF ANNAPOLIS VALLEY CO-OPERATIVE LTD.,MARGARETSVILLE,2019-11-22,2019,2010s,Non-profit,1,CRAFT PRODUCTS,6.6
3332900,AINSLIE VIEW CO-OPERATIVE LIMITED,WHYCOCOMAGH,2019-12-06,2019,2010s,For-profit,0,SERVICES,6.6
3335677,FLOURISH COMMUNITY DEVELOPMENT CO-OPERATIVE LTD.,GLENHAVEN,2020-03-04,2020,2020s,For-profit,0,SERVICES,6.3
3339079,COMMUNITY IMPACT INVESTMENT CO-OPERATIVE LIMITED,TRURO,2020-05-06,2020,2020s,Non-profit,1,INVESTMENT,6.2
3339122,NOVALEA FARMERS' MARKET CO-OPERATIVE LIMITED,HALIFAX,2020-07-14,2020,2020s,Non-profit,1,AGRICULTURE,6.0
3339578,DOCS OF VALLEY EMERGENCY CO-OPERATIVE LIMITED,PORT WILLIAMS,2020-08-10,2020,2020s,For-profit,0,WORKER LABOUR,5.9
3339985,SOUTH SHORE EMERGENCY PHYSICIANS CO-OPERATIVE LIMITED,BRIDGEWATER,2020-08-26,2020,2020s,For-profit,0,WORKER LABOUR,5.9
3342906,BLACK WELLNESS CO-OPERATIVE OF NS LTD.,BEDFORD,2020-09-03,2020,2020s,Non-profit,1,SERVICES,5.8
3341012,YARMOUTH EMERGENCY PHYSICIANS CO-OPERATIVE LIMITED,YARMOUTH,2020-09-21,2020,2020s,For-profit,0,WORKER LABOUR,5.8
3342945,GALE FORCE THEATRE CO-OPERATIVE LTD.,HALIFAX,2020-11-24,2020,2020s,Non-profit,1,SERVICES,5.6
3343530,WINTERGREEN HOUSING CO-OPERATIVE LIMITED,HALIFAX,2020-12-15,2020,2020s,Non-profit,1,HOUSING,5.6
4208462,NORTHUMBERLAND LAMB MARKETING CO-OPERATIVE LIMITED,BIBLE HILL,2021-04-01,2021,2020s,For-profit,0,AGRICULTURE,5.3
4205364,RAISING THE VILLAGES CO-OPERATIVE LTD.,SOUTHWEST MARGAREE,2021-04-09,2021,2020s,Non-profit,1,SERVICES,5.2
4321556,LUMINOSITY CIRCUS CO-OPERATIVE LTD.,DARTMOUTH,2021-05-20,2021,2020s,Non-profit,1,WORKER LABOUR,5.1
4322243,EARTH ALTAR MUSIC CO-OPERATIVE LIMITED,HALIFAX,2021-07-01,2021,2020s,For-profit,0,WORKER LABOUR,5.0
4341719,KITCHEN PARTY BUSINESS CO-OPERATIVE LIMITED,HALIFAX,2021-07-30,2021,2020s,Non-profit,1,SERVICES,4.9
4359842,SOLDIERS MEMORIAL HOSPITAL EMERGENCY PHYSICIANS CO-OPERATIVE LIMITED,MIDDLETON,2021-09-29,2021,2020s,For-profit,0,WORKER LABOUR,4.8
4372773,SYDNEY SOLAR CO-OPERATIVE LTD.,SYDNEY,2021-10-18,2021,2020s,Non-profit,1,SERVICES,4.7
4371559,RIVER JOHN CULTURAL AND WELLNESS CO-OPERATIVE LTD.,RIVER JOHN,2021-11-09,2021,2020s,Non-profit,1,WORKER LABOUR,4.7
4377126,FALL POND CONSERVATION CO-OPERATIVE LTD,BROOKLYN,2021-11-23,2021,2020s,For-profit,0,HOUSING,4.6
4372349,MARITIME AGRITECH CO-OPERATIVE OF ROBOTICS ENTREPRENEURS LTD,DARTMOUTH,2021-12-01,2021,2020s,Non-profit,1,SERVICES,4.6
4397854,VILLAGE FITNESS CENTRE CO-OPERATIVE LTD.,ST. PETER'S,2022-02-14,2022,2020s,Non-profit,1,SERVICES,4.4
4414314,IN MY OWN VOICE (IMOVE) MEDIA PRODUCTION AND LEARNING CO-OPERATIVE LTD.,EAST PETPESWICK,2022-04-21,2022,2020s,Non-profit,1,SERVICES,4.2
4420845,COMPASS NS CO-OPERATIVE HOMES LTD.,TRURO,2022-05-12,2022,2020s,Non-profit,1,HOUSING,4.2
4417396,WHITNEY PIER MEMORIAL MIDDLE SCHOOL NON PROFIT CO-OPERATIVE LTD.,SYDNEY,2022-05-17,2022,2020s,Non-profit,1,SERVICES,4.1
4415971,SEVEN GENERATIONS TRADING POST CO-OPERATIVE LIMITED,MILLBROOK 27,2022-06-20,2022,2020s,For-profit,0,FOREST PRODUCTS,4.0
4414903,CENTRE STAGE COMMUNITY DEVELOPMENT CO-OPERATIVE LTD.,EAST PETPESWICK,2022-07-27,2022,2020s,Non-profit,1,SERVICES,3.9
4394954,LAMBDA HEALTH CO-OPERATIVE LIMITED,HALIFAX,2022-07-28,2022,2020s,Non-profit,1,WORKER LABOUR,3.9
4431445,BEAR RIVER EATS CO-OPERATIVE LTD.,BEAR RIVER,2022-07-29,2022,2020s,Non-profit,1,SERVICES,3.9
4443704,MAHONE BAY COMMUNITY LAND CO-OPERATIVE LTD.,MAHONE BAY,2022-08-12,2022,2020s,Non-profit,1,SERVICES,3.9
4452700,VERFA INVESTMENT CO-OPERATIVE LTD,TRURO,2022-10-05,2022,2020s,For-profit,0,INVESTMENT,3.8
4464254,UNAMA'KI MOTION PICTURE CO-OPERATIVE LTD.,COXHEATH,2022-11-01,2022,2020s,Non-profit,1,WORKER LABOUR,3.7
4482236,GALLERY 360 ART CO-OPERATIVE LIMITED,NORTH GRAND PRE,2023-01-09,2023,2020s,Non-profit,1,CRAFT PRODUCTS,3.5
4486264,QUEENS NEIGHBOURHOOD CO-OPERATIVE HOUSING LTD.,LIVERPOOL,2023-02-09,2023,2020s,Non-profit,1,HOUSING,3.4
4488453,SCRAPPY LADY PRODUCTIONS CO-OPERATIVE LIMITED,KENTVILLE,2023-02-15,2023,2020s,Non-profit,1,RETAIL CONSUMER PRODUCTS,3.4
4489460,PORTAPIQUE MARKET CO-OPERATIVE LTD.,MANGANESE MINES,2023-02-15,2023,2020s,Non-profit,1,CRAFT PRODUCTS,3.4
4491116,LUNENBURG BARNACLE PUBLISHING CO-OPERATIVE LTD.,LUNENBURG,2023-03-13,2023,2020s,Non-profit,1,WORKER LABOUR,3.3
4496590,HOUSING INNOVATION CO-OPERATIVE LTD.,EAST PETPESWICK,2023-03-24,2023,2020s,Non-profit,1,SERVICES,3.3
4502023,TIDAL BAY COMMUNITY LAND CO-OPERATIVE LIMITED,TRURO,2023-04-03,2023,2020s,Non-profit,1,SERVICES,3.3
4539050,ATLANTIC SEA CHANGE CO-OPERATIVE HOUSING LTD.,MAHONE BAY,2023-08-14,2023,2020s,Non-profit,1,HOUSING,2.9
4539488,MANCHESTER COMMUNITY PASTURE CO-OPERATIVE LIMITED,MANCHESTER,2023-08-15,2023,2020s,Non-profit,1,SERVICES,2.9
4537762,VALLEY ROOTS HOUSING CO-OPERATIVE LTD.,KENTVILLE,2023-09-08,2023,2020s,Non-profit,1,HOUSING,2.8
4527723,STILL WATERS ECOVILLAGE CO-OPERATIVE LTD.,LUNENBURG,2023-09-15,2023,2020s,Non-profit,1,HOUSING,2.8
4549147,ATLANTIC BURLESQUE CO-OPERATIVE LTD.,HALIFAX,2023-09-15,2023,2020s,Non-profit,1,SERVICES,2.8
4569571,HALIFAX REGIONAL FOOD HUB CO-OPERATIVE LTD.,HALIFAX,2023-12-12,2023,2020s,Non-profit,1,SERVICES,2.6
4596669,COBEQUID EMERGENCY PHYSICIANS CO-OPERATIVE LIMITED,LOWER SACKVILLE,2024-03-11,2024,2020s,For-profit,0,WORKER LABOUR,2.3
4570235,SEED AND SPARK BOOK STORE CO-OPERATIVE LTD,HALIFAX,2024-03-12,2024,2020s,For-profit,0,WORKER LABOUR,2.3
4628149,OLD SCHOOL CO-OPERATIVE MERCHANTS LTD,EGERTON,2024-05-30,2024,2020s,Non-profit,1,SERVICES,2.1
4611820,NESTUIN NETWORK CO-OPERATIVE LIMITED,INDIAN BROOK 14,2024-06-06,2024,2020s,Non-profit,1,SERVICES,2.1
4620164,YELLOW HEN CO-OPERATIVE LTD,SOUTH UNIACKE,2024-06-07,2024,2020s,Non-profit,1,SERVICES,2.1
4626892,DREAMKIDS DAYCARE CO-OPERATIVE LTD,DARTMOUTH,2024-06-27,2024,2020s,Non-profit,1,SERVICES,2.0
4633702,RAINBOW GROVE HOUSING CO-OPERATIVE LIMITED,FALMOUTH,2024-07-26,2024,2020s,Non-profit,1,HOUSING,1.9
4644018,UPPER HAMMONDS PLAINS HOUSING CO-OPERATIVE LIMITED,UPPER HAMMONDS PLAINS,2024-09-03,2024,2020s,Non-profit,1,HOUSING,1.8
4640611,DIVERSE COMMUNITIES CO-OPERATIVE LIMITED,HALIFAX,2024-09-26,2024,2020s,Non-profit,1,HOUSING,1.8
4651584,WHYCOCOMAGH AND AREA HOUSING DEVELOPMENT COOPERATIVE LTD,WHYCOCOMAGH,2024-10-21,2024,2020s,Non-profit,1,HOUSING,1.7
4658518,SAME RIVER COMMUNITY LAND TRUST CO-OPERATIVE LTD,SYDNEY,2024-10-25,2024,2020s,Non-profit,1,SERVICES,1.7
4646012,CROWS' COMMONS CO-OPERATIVE LTD,BRIDGEWATER,2024-11-05,2024,2020s,Non-profit,1,HOUSING,1.7
4672780,WILLOW'S BEND WEAVING COLLECTIVE CO-OPERATIVE LTD,ANTIGONISH,2025-01-21,2025,2020s,Non-profit,1,SERVICES,1.5
4678916,GALLERY ON LINCOLN CO-OPERATIVE LTD,LUNENBURG,2025-01-27,2025,2020s,Non-profit,1,MARKETING,1.4
4677665,EASTERN SHORE MENTAL HEALTH CO-OPERATIVE LTD,OSTREA LAKE,2025-01-28,2025,2020s,Non-profit,1,SERVICES,1.4
4685754,PLACEHOLDER HOUSING CO-OPERATIVE LTD,HALIFAX,2025-02-25,2025,2020s,Non-profit,1,HOUSING,1.4
4702749,OAKENHAVEN ECOVILLAGE CO-OPERATIVE LIMITED,MIDDLE WEST PUBNICO,2025-04-02,2025,2020s,Non-profit,1,HOUSING,1.3
4711554,DEVOPSDAYS HALIFAX CO-OPERATIVE LTD,EAST RIVER POINT,2025-05-28,2025,2020s,Non-profit,1,SERVICES,1.1
4718541,BASKETBALL IQ CANADA CO-OPERATIVE LIMITED,BEDFORD,2025-06-04,2025,2020s,Non-profit,1,SERVICES,1.1
4719865,EAST HANTS FARMERS' MARKET CO-OPERATIVE LIMITED,RINES CREEK,2025-06-08,2025,2020s,Non-profit,1,RETAIL CONSUMER PRODUCTS,1.1
4725656,F&M GENTLE REACH CO-OPERATIVE LTD,HALIFAX,2025-07-07,2025,2020s,Non-profit,1,SERVICES,1.0
4752405,TATAPNN CO-OPERATIVE LIMITED,DARTMOUTH,2025-10-22,2025,2020s,Non-profit,1,MISCELLANEOUS,0.7
4757525,THE WELL CO-OPERATIVE PUB LTD,DARTMOUTH,2025-10-28,2025,2020s,For-profit,0,SERVICES,0.7
4759968,FROM THE CIRCUS CO-OPERATIVE LTD,SAMBRO,2025-11-13,2025,2020s,Non-profit,1,WORKER LABOUR,0.6
4797366,BETTER THAN PICASSO CO-OPERATIVE LTD,DARTMOUTH,2026-02-26,2026,2020s,Non-profit,1,SERVICES,0.4
4766466,JUST HOUSING ALLIANCE CO-OPERATIVE LTD,GREENWICH,2026-02-27,2026,2020s,Non-profit,1,HOUSING,0.4
4820593,FIDDLEHEAD CO-OPERATIVE MARKET BEAR RIVER LIMITED,BEAR RIVER,2026-05-27,2026,2020s,For-profit,0,AGRICULTURE,0.1
