section,rank,measure,year,county,port,records,kgs,dollars,published_dollars,price_per_kg,share_pct,cumulative_share_pct,delta,delta_pct
summary,1,grand_total,"","","",2156,1265656315.49,8716996237.83,,6.8873,100.00,,,
summary,2,top_port,"",Digby,Digby,8,41885202.79,533530107.96,,12.7379,6.12,,,
summary,3,top_10_ports,"","","",96,586531278.02,3572739652.71,,,40.99,,,
summary,4,named_ports,"","","",2012,1061313508.46,7491485688.79,,,85.94,,,
summary,5,residual_other_buckets,"","","",144,204342807.03,1225510549.04,,,14.06,,,
summary,6,published_county_dollars,"","","",144,,,10923193874.78,,,,-2206197636.95,-20.20
row_classes,1,snapshot_rows_total,"","","",2300,,,,,,,,
row_classes,2,excluded_county_total_rows,"","","",144,,,10923193874.78,,,,,
row_classes,3,port_rows_analysed,"","","",2156,,,,,,,,
row_classes,4,port_rows_both_present,"","","",693,1265656315.49,8716996237.83,,,,,,
row_classes,5,port_rows_kgs_only,"","","",0,,,,,,,,
row_classes,6,port_rows_dollars_only,"","","",0,,,,,,,,
row_classes,7,port_rows_both_blank,"","","",1463,,,,,,,,
row_classes,8,port_rows_wharf_qualifier_merged,"","","",16,4239354.93,62895781.98,,,,,,
totals_tie,1,sum_by_port,"","","",2156,1265656315.49,8716996237.83,,,,,,
totals_tie,2,sum_by_county,"","","",2156,1265656315.49,8716996237.83,,,,,,
totals_tie,3,sum_by_year,"","","",2156,1265656315.49,8716996237.83,,,,,,
top_ports,1,"","",Digby,Digby,8,41885202.79,533530107.96,,12.7379,6.12,6.12,,
top_ports,2,"","",Shelburne,Lower Woods Harbour,24,44713352.10,530154593.68,,11.8567,6.08,12.20,,
top_ports,3,"","",Yarmouth,Dennis Point,8,176102237.63,434831569.90,,2.4692,4.99,17.19,,
top_ports,4,"","",Yarmouth,Other (Yarmouth),8,86563728.98,379459713.67,,4.3836,4.35,21.54,,
top_ports,5,"","",Yarmouth,Lower East Pubnico,8,67654856.46,375364323.25,,5.5482,4.31,25.85,,
top_ports,6,"","",Cape Breton,Louisbourg,8,42867465.68,304621737.04,,7.1061,3.49,29.34,,
top_ports,7,"","",Yarmouth,Camp Cove,8,20616689.64,288406860.19,,13.9890,3.31,32.65,,
top_ports,8,"","",Yarmouth,Yarmouth Bar,8,26906561.68,266374662.59,,9.9000,3.06,35.71,,
top_ports,9,"","",Cape Breton,Glace Bay,8,59702462.06,251831739.01,,4.2181,2.89,38.60,,
top_ports,10,"","",Shelburne,West Head,8,19518721.00,208164345.42,,10.6649,2.39,40.99,,
top_ports,11,"","",Shelburne,Clark's Harbour,6,18844824.02,196943256.96,,10.4508,2.26,43.25,,
top_ports,12,"","",Halifax,Sambro,8,30692368.00,195748277.04,,6.3778,2.25,45.49,,
top_ports,13,"","",Digby,Little River (Digby),8,8464023.09,188213995.79,,22.2369,2.16,47.65,,
top_ports,14,"","",Digby,Meteghan,8,27392979.93,172869315.58,,6.3107,1.98,49.63,,
top_ports,15,"","",Guysborough,Canso,8,30306365.69,172861169.65,,5.7038,1.98,51.62,,
top_ports,16,"","",Yarmouth,Wedge Point,8,35643791.47,159944882.44,,4.4873,1.83,53.45,,
top_ports,17,"","",Shelburne,Ingomar,8,16892493.64,154453982.37,,9.1434,1.77,55.22,,
top_ports,18,"","",Richmond,Arichat,8,19353747.28,154177058.53,,7.9663,1.77,56.99,,
top_ports,19,"","",Queens,Port Mouton,8,51789984.18,138476234.52,,2.6738,1.59,58.58,,
top_ports,20,"","",Halifax,Other (Halifax),8,27366312.24,135459614.38,,4.9499,1.55,60.13,,
top_ports,21,"","",Queens,Other (Queens),8,21500654.76,128453259.61,,5.9744,1.47,61.61,,
top_ports,22,"","",Inverness,Cheticamp,8,9132913.90,120030057.91,,13.1426,1.38,62.98,,
top_ports,23,"","",Shelburne,Lockeport,8,8874888.23,119165775.17,,13.4273,1.37,64.35,,
top_ports,24,"","",Shelburne,Other (Shelburne),8,15868582.63,113607431.33,,7.1593,1.30,65.66,,
top_ports,25,"","",Shelburne,Port La Tour,8,16985101.61,113090411.52,,6.6582,1.30,66.95,,
by_county,1,"","",Yarmouth,"",192,476838565.40,2298010940.53,,4.8193,26.36,,,
by_county,2,"","",Shelburne,"",248,223119200.30,2188876370.36,,9.8103,25.11,,,
by_county,3,"","",Digby,"",152,91363239.74,1082462599.71,,11.8479,12.42,,,
by_county,4,"","",Cape Breton,"",144,136933238.06,944347773.84,,6.8964,10.83,,,
by_county,5,"","",Halifax,"",224,78090484.93,449180662.19,,5.7521,5.15,,,
by_county,6,"","",Queens,"",88,85525730.46,350934599.07,,4.1033,4.03,,,
by_county,7,"","",Inverness,"",144,33674892.72,341488333.23,,10.1407,3.92,,,
by_county,8,"","",Richmond,"",84,29460003.35,287023406.61,,9.7428,3.29,,,
by_county,9,"","",Guysborough,"",184,47445258.32,267032814.32,,5.6282,3.06,,,
by_county,10,"","",Lunenburg,"",184,13966914.54,170756269.51,,12.2258,1.96,,,
by_county,11,"","",Pictou,"",104,32131587.79,139727582.40,,4.3486,1.60,,,
by_county,12,"","",Victoria,"",136,4987262.54,59344306.80,,11.8992,0.68,,,
by_county,13,"","",Annapolis,"",64,2132632.40,46913981.67,,21.9982,0.54,,,
by_county,14,"","",Antigonish,"",72,3853535.64,36043261.10,,9.3533,0.41,,,
by_county,15,"","",Cumberland,"",56,2761107.44,29711501.54,,10.7607,0.34,,,
by_county,16,"","",Kings,"",48,3245885.05,22828951.73,,7.0332,0.26,,,
by_county,17,"","",Hants,"",8,113120.45,2097675.22,,18.5437,0.02,,,
by_county,18,"","",Colchester,"",24,13656.36,215208.00,,15.7588,0.00,,,
by_year,1,"",2017,"","",269,136157320.29,857081194.80,,6.2948,9.83,,,
by_year,2,"",2018,"","",269,136128570.54,1001490073.46,,7.3569,11.49,,144408878.66,16.85
by_year,3,"",2019,"","",268,154136668.74,1265420506.00,,8.2097,14.52,,263930432.54,26.35
by_year,4,"",2020,"","",268,115196024.10,961057558.92,,8.3428,11.03,,-304362947.08,-24.05
by_year,5,"",2021,"","",268,127250695.28,1572265254.51,,12.3557,18.04,,611207695.59,63.60
by_year,6,"",2022,"","",270,114716473.54,1000243669.96,,8.7193,11.47,,-572021584.55,-36.38
by_year,7,"",2023,"","",272,244798901.61,979290535.12,,4.0004,11.23,,-20953134.84,-2.09
by_year,8,"",2024,"","",272,237271661.39,1080147445.06,,4.5524,12.39,,100856909.94,10.30
county_coverage,1,"",2017,Annapolis,"",8,,9990399.12,14669332.46,,,,-4678933.34,-31.90
county_coverage,2,"",2018,Annapolis,"",8,,9404884.66,12848132.11,,,,-3443247.45,-26.80
county_coverage,3,"",2019,Annapolis,"",8,,8401736.00,11229834.00,,,,-2828098.00,-25.18
county_coverage,4,"",2020,Annapolis,"",8,,197254.69,7164909.22,,,,-6967654.53,-97.25
county_coverage,5,"",2021,Annapolis,"",8,,4481715.34,11129949.75,,,,-6648234.41,-59.73
county_coverage,6,"",2022,Annapolis,"",8,,10773787.10,14905310.90,,,,-4131523.80,-27.72
county_coverage,7,"",2023,Annapolis,"",8,,1225049.12,12929688.76,,,,-11704639.64,-90.53
county_coverage,8,"",2024,Annapolis,"",8,,2439155.64,6755148.30,,,,-4315992.66,-63.89
county_coverage,9,"",2017,Antigonish,"",9,,,15264861.59,,,,,
county_coverage,10,"",2018,Antigonish,"",9,,10369663.97,13554676.37,,,,-3185012.40,-23.50
county_coverage,11,"",2019,Antigonish,"",9,,9435116.00,15487723.00,,,,-6052607.00,-39.08
county_coverage,12,"",2020,Antigonish,"",9,,1486982.93,10012769.36,,,,-8525786.43,-85.15
county_coverage,13,"",2021,Antigonish,"",9,,,26101611.53,,,,,
county_coverage,14,"",2022,Antigonish,"",9,,,21371052.22,,,,,
county_coverage,15,"",2023,Antigonish,"",9,,7077424.76,17176806.50,,,,-10099381.74,-58.80
county_coverage,16,"",2024,Antigonish,"",9,,7674073.44,18099827.00,,,,-10425753.56,-57.60
county_coverage,17,"",2017,Cape Breton,"",18,,138637004.69,144579719.90,,,,-5942715.21,-4.11
county_coverage,18,"",2018,Cape Breton,"",18,,124587959.44,126258627.32,,,,-1670667.88,-1.32
county_coverage,19,"",2019,Cape Breton,"",18,,133734704.00,137305007.00,,,,-3570303.00,-2.60
county_coverage,20,"",2020,Cape Breton,"",18,,45386498.83,63483615.93,,,,-18097117.10,-28.51
county_coverage,21,"",2021,Cape Breton,"",18,,171289047.25,193201902.18,,,,-21912854.93,-11.34
county_coverage,22,"",2022,Cape Breton,"",18,,121034830.74,130345413.50,,,,-9310582.76,-7.14
county_coverage,23,"",2023,Cape Breton,"",18,,98510991.34,123801709.62,,,,-25290718.28,-20.43
county_coverage,24,"",2024,Cape Breton,"",18,,111166737.55,136331733.77,,,,-25164996.22,-18.46
county_coverage,25,"",2017,Colchester,"",3,,,3674897.53,,,,,
county_coverage,26,"",2018,Colchester,"",3,,,590388.51,,,,,
county_coverage,27,"",2019,Colchester,"",3,,215208.00,777909.00,,,,-562701.00,-72.34
county_coverage,28,"",2020,Colchester,"",3,,,480303.77,,,,,
county_coverage,29,"",2021,Colchester,"",3,,,1129366.87,,,,,
county_coverage,30,"",2022,Colchester,"",3,,,1926567.82,,,,,
county_coverage,31,"",2023,Colchester,"",3,,,347774.59,,,,,
county_coverage,32,"",2024,Colchester,"",3,,,178477.25,,,,,
county_coverage,33,"",2017,Cumberland,"",7,,638915.21,7137181.81,,,,-6498266.60,-91.05
county_coverage,34,"",2018,Cumberland,"",7,,3758586.22,10785891.44,,,,-7027305.22,-65.15
county_coverage,35,"",2019,Cumberland,"",7,,9508610.00,12030086.00,,,,-2521476.00,-20.96
county_coverage,36,"",2020,Cumberland,"",7,,4312221.54,7193268.32,,,,-2881046.78,-40.05
county_coverage,37,"",2021,Cumberland,"",7,,4195283.74,16381075.56,,,,-12185791.82,-74.39
county_coverage,38,"",2022,Cumberland,"",7,,3260052.42,13988374.27,,,,-10728321.85,-76.69
county_coverage,39,"",2023,Cumberland,"",7,,2072218.76,13832861.17,,,,-11760642.41,-85.02
county_coverage,40,"",2024,Cumberland,"",7,,1965613.65,12599107.45,,,,-10633493.80,-84.40
county_coverage,41,"",2017,Digby,"",19,,102490065.83,134570494.26,,,,-32080428.43,-23.84
county_coverage,42,"",2018,Digby,"",19,,104114504.65,122896381.04,,,,-18781876.39,-15.28
county_coverage,43,"",2019,Digby,"",19,,262418911.00,264083830.00,,,,-1664919.00,-0.63
county_coverage,44,"",2020,Digby,"",19,,88786830.02,101740834.20,,,,-12954004.18,-12.73
county_coverage,45,"",2021,Digby,"",19,,134604346.88,142275471.77,,,,-7671124.89,-5.39
county_coverage,46,"",2022,Digby,"",19,,111259127.26,128219852.55,,,,-16960725.29,-13.23
county_coverage,47,"",2023,Digby,"",19,,142644046.50,152509446.42,,,,-9865399.92,-6.47
county_coverage,48,"",2024,Digby,"",19,,136144767.57,154190227.96,,,,-18045460.39,-11.70
county_coverage,49,"",2017,Guysborough,"",23,,16386256.22,52404143.97,,,,-36017887.75,-68.73
county_coverage,50,"",2018,Guysborough,"",23,,18213159.22,48605726.46,,,,-30392567.24,-62.53
county_coverage,51,"",2019,Guysborough,"",23,,32213930.00,66142449.00,,,,-33928519.00,-51.30
county_coverage,52,"",2020,Guysborough,"",23,,17786098.90,42387752.40,,,,-24601653.50,-58.04
county_coverage,53,"",2021,Guysborough,"",23,,40713111.57,78806252.25,,,,-38093140.68,-48.34
county_coverage,54,"",2022,Guysborough,"",23,,57038041.55,88941490.11,,,,-31903448.56,-35.87
county_coverage,55,"",2023,Guysborough,"",23,,31681289.57,64098308.67,,,,-32417019.10,-50.57
county_coverage,56,"",2024,Guysborough,"",23,,53000927.29,73190466.88,,,,-20189539.59,-27.58
county_coverage,57,"",2017,Halifax,"",28,,53135778.30,77196803.71,,,,-24061025.41,-31.17
county_coverage,58,"",2018,Halifax,"",28,,60634098.15,78454080.26,,,,-17819982.11,-22.71
county_coverage,59,"",2019,Halifax,"",28,,62847606.00,82189021.00,,,,-19341415.00,-23.53
county_coverage,60,"",2020,Halifax,"",28,,36767130.71,62419465.24,,,,-25652334.53,-41.10
county_coverage,61,"",2021,Halifax,"",28,,44309024.62,98540065.36,,,,-54231040.74,-55.03
county_coverage,62,"",2022,Halifax,"",28,,64975593.23,108023707.38,,,,-43048114.15,-39.85
county_coverage,63,"",2023,Halifax,"",28,,71047550.76,100982312.71,,,,-29934761.95,-29.64
county_coverage,64,"",2024,Halifax,"",28,,55463880.42,91150214.31,,,,-35686333.89,-39.15
county_coverage,65,"",2017,Hants,"",1,,,,,,,,
county_coverage,66,"",2018,Hants,"",1,,,1103.16,,,,,
county_coverage,67,"",2019,Hants,"",1,,,764.00,,,,,
county_coverage,68,"",2020,Hants,"",1,,,,,,,,
county_coverage,69,"",2021,Hants,"",1,,,531838.78,,,,,
county_coverage,70,"",2022,Hants,"",1,,2097675.22,2097675.22,,,,0.00,0.00
county_coverage,71,"",2023,Hants,"",1,,,,,,,,
county_coverage,72,"",2024,Hants,"",1,,,,,,,,
county_coverage,73,"",2017,Inverness,"",18,,28571824.34,97707260.47,,,,-69135436.13,-70.76
county_coverage,74,"",2018,Inverness,"",18,,55794224.67,78793981.67,,,,-22999757.00,-29.19
county_coverage,75,"",2019,Inverness,"",18,,65634012.00,79105699.00,,,,-13471687.00,-17.03
county_coverage,76,"",2020,Inverness,"",18,,19302260.29,55572301.33,,,,-36270041.04,-65.27
county_coverage,77,"",2021,Inverness,"",18,,33539191.10,109126181.58,,,,-75586990.48,-69.27
county_coverage,78,"",2022,Inverness,"",18,,94606417.96,125262534.14,,,,-30656116.18,-24.47
county_coverage,79,"",2023,Inverness,"",18,,11050423.10,62512128.52,,,,-51461705.42,-82.32
county_coverage,80,"",2024,Inverness,"",18,,32989979.77,81569622.33,,,,-48579642.56,-59.56
county_coverage,81,"",2017,Kings,"",6,,4448765.17,6240032.00,,,,-1791266.83,-28.71
county_coverage,82,"",2018,Kings,"",6,,4255987.68,5579604.97,,,,-1323617.29,-23.72
county_coverage,83,"",2019,Kings,"",6,,2663868.00,3671567.00,,,,-1007699.00,-27.45
county_coverage,84,"",2020,Kings,"",6,,1786582.89,3203647.98,,,,-1417065.09,-44.23
county_coverage,85,"",2021,Kings,"",6,,2480256.59,4518151.15,,,,-2037894.56,-45.10
county_coverage,86,"",2022,Kings,"",6,,2751921.15,4416137.09,,,,-1664215.94,-37.68
county_coverage,87,"",2023,Kings,"",6,,1495471.93,6309678.60,,,,-4814206.67,-76.30
county_coverage,88,"",2024,Kings,"",6,,2946098.32,9069094.75,,,,-6122996.43,-67.51
county_coverage,89,"",2017,Lunenburg,"",23,,11376913.39,20218824.28,,,,-8841910.89,-43.73
county_coverage,90,"",2018,Lunenburg,"",23,,20425425.82,26239266.46,,,,-5813840.64,-22.16
county_coverage,91,"",2019,Lunenburg,"",23,,26241234.00,35294899.00,,,,-9053665.00,-25.65
county_coverage,92,"",2020,Lunenburg,"",23,,16388296.82,20928584.41,,,,-4540287.59,-21.69
county_coverage,93,"",2021,Lunenburg,"",23,,28049506.30,42457106.75,,,,-14407600.45,-33.93
county_coverage,94,"",2022,Lunenburg,"",23,,20952151.47,33369719.16,,,,-12417567.69,-37.21
county_coverage,95,"",2023,Lunenburg,"",23,,24355992.47,41444064.88,,,,-17088072.41,-41.23
county_coverage,96,"",2024,Lunenburg,"",23,,22966749.24,47248777.05,,,,-24282027.81,-51.39
county_coverage,97,"",2017,Pictou,"",13,,38064930.40,50019468.94,,,,-11954538.54,-23.90
county_coverage,98,"",2018,Pictou,"",13,,17934031.46,25479352.38,,,,-7545320.92,-29.61
county_coverage,99,"",2019,Pictou,"",13,,26630757.00,37758466.00,,,,-11127709.00,-29.47
county_coverage,100,"",2020,Pictou,"",13,,10291565.78,17857104.81,,,,-7565539.03,-42.37
county_coverage,101,"",2021,Pictou,"",13,,19054197.91,35390017.14,,,,-16335819.23,-46.16
county_coverage,102,"",2022,Pictou,"",13,,7687697.58,38552718.04,,,,-30865020.46,-80.06
county_coverage,103,"",2023,Pictou,"",13,,6083573.92,25360169.89,,,,-19276595.97,-76.01
county_coverage,104,"",2024,Pictou,"",13,,13980828.35,24929872.00,,,,-10949043.65,-43.92
county_coverage,105,"",2017,Queens,"",11,,20457035.40,27990295.71,,,,-7533260.31,-26.91
county_coverage,106,"",2018,Queens,"",11,,40369209.94,43293778.42,,,,-2924568.48,-6.76
county_coverage,107,"",2019,Queens,"",11,,58734200.00,63996194.00,,,,-5261994.00,-8.22
county_coverage,108,"",2020,Queens,"",11,,25296857.80,30882683.47,,,,-5585825.67,-18.09
county_coverage,109,"",2021,Queens,"",11,,39631242.93,58723694.07,,,,-19092451.14,-32.51
county_coverage,110,"",2022,Queens,"",11,,44007583.73,47524529.44,,,,-3516945.71,-7.40
county_coverage,111,"",2023,Queens,"",11,,60006133.59,63547501.46,,,,-3541367.87,-5.57
county_coverage,112,"",2024,Queens,"",11,,62432335.68,67617175.15,,,,-5184839.47,-7.67
county_coverage,113,"",2017,Richmond,"",11,,34445569.31,113348928.30,,,,-78903358.99,-69.61
county_coverage,114,"",2018,Richmond,"",11,,80097626.80,89861909.98,,,,-9764283.18,-10.87
county_coverage,115,"",2019,Richmond,"",11,,48861667.00,81623580.00,,,,-32761913.00,-40.14
county_coverage,116,"",2020,Richmond,"",11,,21717036.46,50926044.55,,,,-29209008.09,-57.36
county_coverage,117,"",2021,Richmond,"",10,,49634011.57,90662700.10,,,,-41028688.53,-45.25
county_coverage,118,"",2022,Richmond,"",10,,24120382.34,83784783.57,,,,-59664401.23,-71.21
county_coverage,119,"",2023,Richmond,"",10,,13956141.98,42136675.54,,,,-28180533.56,-66.88
county_coverage,120,"",2024,Richmond,"",10,,14190971.15,47885686.81,,,,-33694715.66,-70.36
county_coverage,121,"",2017,Shelburne,"",30,,222063295.76,230315328.05,,,,-8252032.29,-3.58
county_coverage,122,"",2018,Shelburne,"",30,,230420969.59,236425824.00,,,,-6004854.41,-2.54
county_coverage,123,"",2019,Shelburne,"",29,,248047565.00,249855662.00,,,,-1808097.00,-0.72
county_coverage,124,"",2020,Shelburne,"",29,,278926443.99,284112756.55,,,,-5186312.56,-1.83
county_coverage,125,"",2021,Shelburne,"",30,,468230437.55,477100867.10,,,,-8870429.55,-1.86
county_coverage,126,"",2022,Shelburne,"",32,,213794354.13,218911052.86,,,,-5116698.73,-2.34
county_coverage,127,"",2023,Shelburne,"",34,,233763268.87,239047902.38,,,,-5284633.51,-2.21
county_coverage,128,"",2024,Shelburne,"",34,,293630035.47,309127839.62,,,,-15497804.15,-5.01
county_coverage,129,"",2017,Victoria,"",17,,9480054.33,34904111.76,,,,-25424057.43,-72.84
county_coverage,130,"",2018,Victoria,"",17,,10735258.84,31947296.78,,,,-21212037.94,-66.40
county_coverage,131,"",2019,Victoria,"",17,,18015661.00,34860840.00,,,,-16845179.00,-48.32
county_coverage,132,"",2020,Victoria,"",17,,2505320.03,16975701.20,,,,-14470381.17,-85.24
county_coverage,133,"",2021,Victoria,"",17,,4778206.19,37432083.23,,,,-32653877.04,-87.23
county_coverage,134,"",2022,Victoria,"",17,,5236985.93,33788779.99,,,,-28551794.06,-84.50
county_coverage,135,"",2023,Victoria,"",17,,4021303.56,30421240.90,,,,-26399937.34,-86.78
county_coverage,136,"",2024,Victoria,"",17,,4571516.92,30728667.58,,,,-26157150.66,-85.12
county_coverage,137,"",2017,Yarmouth,"",24,,166894387.33,182525141.42,,,,-15630754.09,-8.56
county_coverage,138,"",2018,Yarmouth,"",24,,210374482.35,213247904.62,,,,-2873422.27,-1.35
county_coverage,139,"",2019,Yarmouth,"",24,,251815721.00,261212767.00,,,,-9397046.00,-3.60
county_coverage,140,"",2020,Yarmouth,"",24,,390120177.24,401768264.44,,,,-11648087.20,-2.90
county_coverage,141,"",2021,Yarmouth,"",24,,527275674.97,498459132.11,,,,28816542.86,5.78
county_coverage,142,"",2022,Yarmouth,"",24,,216647068.15,238033595.13,,,,-21386526.98,-8.98
county_coverage,143,"",2023,Yarmouth,"",24,,270299654.89,277326875.82,,,,-7027220.93,-2.53
county_coverage,144,"",2024,Yarmouth,"",24,,264583774.60,291938973.18,,,,-27355198.58,-9.37
