site_id,reading_date,cadence_seconds,readings_actual,readings_expected,slots_covered,surplus_readings,uptime_pct,gap_count,frozen_run_count,out_of_range_count,missing_air_temperature,missing_relative_humidity,missing_avg_wind_speed,missing_values,station_completeness_rank,station_uptime_pct,station_readings_actual,station_readings_expected,station_gap_count,station_frozen_run_count,station_out_of_range_count,station_missing_values,station_days_with_no_readings,station_flag,station_flag_reasons
RNSAM,2024-01-01,240,360,360,360,0,100.00,0,0,0,60,1,2,63,30,99.50,5043,5040,0,0,0,805,0,ok,""
RNSAM,2024-01-02,240,358,360,354,4,98.33,0,0,0,56,2,1,59,30,99.50,5043,5040,0,0,0,805,0,ok,""
RNSAM,2024-01-03,240,363,360,358,5,99.44,0,0,0,56,2,2,60,30,99.50,5043,5040,0,0,0,805,0,ok,""
RNSAM,2024-01-04,240,362,360,358,4,99.44,0,0,0,60,0,2,62,30,99.50,5043,5040,0,0,0,805,0,ok,""
RNSAM,2024-01-05,240,361,360,360,1,100.00,0,0,0,52,0,3,55,30,99.50,5043,5040,0,0,0,805,0,ok,""
RNSAM,2024-01-06,240,358,360,356,2,98.89,0,0,0,57,0,0,57,30,99.50,5043,5040,0,0,0,805,0,ok,""
RNSAM,2024-01-07,240,357,360,357,0,99.17,0,0,0,56,2,0,58,30,99.50,5043,5040,0,0,0,805,0,ok,""
RNSAM,2024-01-08,240,360,360,359,1,99.72,0,0,0,55,1,0,56,30,99.50,5043,5040,0,0,0,805,0,ok,""
RNSAM,2024-01-09,240,361,360,360,1,100.00,0,0,0,52,1,0,53,30,99.50,5043,5040,0,0,0,805,0,ok,""
RNSAM,2024-01-10,240,358,360,358,0,99.44,0,0,0,57,1,1,59,30,99.50,5043,5040,0,0,0,805,0,ok,""
RNSAM,2024-01-11,240,362,360,358,4,99.44,0,0,0,59,2,0,61,30,99.50,5043,5040,0,0,0,805,0,ok,""
RNSAM,2024-01-12,240,361,360,358,3,99.44,0,0,0,50,1,1,52,30,99.50,5043,5040,0,0,0,805,0,ok,""
RNSAM,2024-01-13,240,362,360,360,2,100.00,0,0,0,52,2,0,54,30,99.50,5043,5040,0,0,0,805,0,ok,""
RNSAM,2024-01-14,240,360,360,359,1,99.72,0,0,0,54,2,0,56,30,99.50,5043,5040,0,0,0,805,0,ok,""
RNSBD,2024-01-01,240,359,360,359,0,99.72,0,0,0,2,2,2,6,33,99.54,5017,5040,0,0,0,110,0,ok,""
RNSBD,2024-01-02,240,360,360,360,0,100.00,0,0,0,1,2,1,4,33,99.54,5017,5040,0,0,0,110,0,ok,""
RNSBD,2024-01-03,240,358,360,358,0,99.44,0,0,0,1,1,2,4,33,99.54,5017,5040,0,0,0,110,0,ok,""
RNSBD,2024-01-04,240,354,360,354,0,98.33,0,0,0,5,5,5,15,33,99.54,5017,5040,0,0,0,110,0,ok,""
RNSBD,2024-01-05,240,359,360,359,0,99.72,0,0,0,6,6,7,19,33,99.54,5017,5040,0,0,0,110,0,ok,""
RNSBD,2024-01-06,240,359,360,359,0,99.72,0,0,0,2,2,2,6,33,99.54,5017,5040,0,0,0,110,0,ok,""
RNSBD,2024-01-07,240,355,360,355,0,98.61,0,0,0,2,2,3,7,33,99.54,5017,5040,0,0,0,110,0,ok,""
RNSBD,2024-01-08,240,360,360,360,0,100.00,0,0,0,2,2,2,6,33,99.54,5017,5040,0,0,0,110,0,ok,""
RNSBD,2024-01-09,240,357,360,357,0,99.17,0,0,0,4,4,4,12,33,99.54,5017,5040,0,0,0,110,0,ok,""
RNSBD,2024-01-10,240,359,360,359,0,99.72,0,0,0,1,1,2,4,33,99.54,5017,5040,0,0,0,110,0,ok,""
RNSBD,2024-01-11,240,360,360,360,0,100.00,0,0,0,2,2,2,6,33,99.54,5017,5040,0,0,0,110,0,ok,""
RNSBD,2024-01-12,240,359,360,359,0,99.72,0,0,0,1,2,2,5,33,99.54,5017,5040,0,0,0,110,0,ok,""
RNSBD,2024-01-13,240,359,360,359,0,99.72,0,0,0,2,2,1,5,33,99.54,5017,5040,0,0,0,110,0,ok,""
RNSBD,2024-01-14,240,359,360,359,0,99.72,0,0,0,4,4,3,11,33,99.54,5017,5040,0,0,0,110,0,ok,""
RNSBL,2024-01-01,240,357,360,357,0,99.17,0,0,0,1,1,1,3,17,99.21,5000,5040,0,0,0,39,0,ok,""
RNSBL,2024-01-02,240,359,360,359,0,99.72,0,0,0,0,0,0,0,17,99.21,5000,5040,0,0,0,39,0,ok,""
RNSBL,2024-01-03,240,357,360,357,0,99.17,0,0,0,4,4,4,12,17,99.21,5000,5040,0,0,0,39,0,ok,""
RNSBL,2024-01-04,240,355,360,355,0,98.61,0,0,0,3,4,3,10,17,99.21,5000,5040,0,0,0,39,0,ok,""
RNSBL,2024-01-05,240,356,360,356,0,98.89,0,0,0,2,2,1,5,17,99.21,5000,5040,0,0,0,39,0,ok,""
RNSBL,2024-01-06,240,359,360,359,0,99.72,0,0,0,0,0,0,0,17,99.21,5000,5040,0,0,0,39,0,ok,""
RNSBL,2024-01-07,240,355,360,355,0,98.61,0,0,0,0,1,0,1,17,99.21,5000,5040,0,0,0,39,0,ok,""
RNSBL,2024-01-08,240,356,360,356,0,98.89,0,0,0,1,1,1,3,17,99.21,5000,5040,0,0,0,39,0,ok,""
RNSBL,2024-01-09,240,357,360,357,0,99.17,0,0,0,0,0,0,0,17,99.21,5000,5040,0,0,0,39,0,ok,""
RNSBL,2024-01-10,240,358,360,358,0,99.44,0,0,0,0,0,0,0,17,99.21,5000,5040,0,0,0,39,0,ok,""
RNSBL,2024-01-11,240,358,360,358,0,99.44,0,0,0,0,0,0,0,17,99.21,5000,5040,0,0,0,39,0,ok,""
RNSBL,2024-01-12,240,357,360,357,0,99.17,0,0,0,0,0,0,0,17,99.21,5000,5040,0,0,0,39,0,ok,""
RNSBL,2024-01-13,240,358,360,358,0,99.44,0,0,0,0,1,0,1,17,99.21,5000,5040,0,0,0,39,0,ok,""
RNSBL,2024-01-14,240,358,360,358,0,99.44,0,0,0,1,2,1,4,17,99.21,5000,5040,0,0,0,39,0,ok,""
RNSBU,2024-01-01,240,358,360,358,0,99.44,0,0,0,3,3,3,9,27,99.44,5012,5040,0,1,1,37,0,flagged,frozen air temperature run; out-of-range values
RNSBU,2024-01-02,240,357,360,357,0,99.17,0,0,0,0,0,0,0,27,99.44,5012,5040,0,1,1,37,0,flagged,frozen air temperature run; out-of-range values
RNSBU,2024-01-03,240,360,360,360,0,100.00,0,0,0,2,2,2,6,27,99.44,5012,5040,0,1,1,37,0,flagged,frozen air temperature run; out-of-range values
RNSBU,2024-01-04,240,355,360,355,0,98.61,0,1,0,1,2,1,4,27,99.44,5012,5040,0,1,1,37,0,flagged,frozen air temperature run; out-of-range values
RNSBU,2024-01-05,240,359,360,359,0,99.72,0,0,0,0,0,0,0,27,99.44,5012,5040,0,1,1,37,0,flagged,frozen air temperature run; out-of-range values
RNSBU,2024-01-06,240,358,360,358,0,99.44,0,0,0,2,2,2,6,27,99.44,5012,5040,0,1,1,37,0,flagged,frozen air temperature run; out-of-range values
RNSBU,2024-01-07,240,357,360,357,0,99.17,0,0,0,1,1,1,3,27,99.44,5012,5040,0,1,1,37,0,flagged,frozen air temperature run; out-of-range values
RNSBU,2024-01-08,240,357,360,357,0,99.17,0,0,0,1,1,1,3,27,99.44,5012,5040,0,1,1,37,0,flagged,frozen air temperature run; out-of-range values
RNSBU,2024-01-09,240,359,360,359,0,99.72,0,0,0,0,0,0,0,27,99.44,5012,5040,0,1,1,37,0,flagged,frozen air temperature run; out-of-range values
RNSBU,2024-01-10,240,358,360,358,0,99.44,0,0,0,1,1,1,3,27,99.44,5012,5040,0,1,1,37,0,flagged,frozen air temperature run; out-of-range values
RNSBU,2024-01-11,240,359,360,359,0,99.72,0,0,1,1,1,1,3,27,99.44,5012,5040,0,1,1,37,0,flagged,frozen air temperature run; out-of-range values
RNSBU,2024-01-12,240,359,360,359,0,99.72,0,0,0,0,0,0,0,27,99.44,5012,5040,0,1,1,37,0,flagged,frozen air temperature run; out-of-range values
RNSBU,2024-01-13,240,359,360,359,0,99.72,0,0,0,0,0,0,0,27,99.44,5012,5040,0,1,1,37,0,flagged,frozen air temperature run; out-of-range values
RNSBU,2024-01-14,240,357,360,357,0,99.17,0,0,0,0,0,0,0,27,99.44,5012,5040,0,1,1,37,0,flagged,frozen air temperature run; out-of-range values
RNSBV,2024-01-01,240,359,360,359,0,99.72,0,0,0,1,1,1,3,19,99.25,5002,5040,0,0,0,21,0,ok,""
RNSBV,2024-01-02,240,359,360,359,0,99.72,0,0,0,0,0,0,0,19,99.25,5002,5040,0,0,0,21,0,ok,""
RNSBV,2024-01-03,240,357,360,357,0,99.17,0,0,0,0,0,0,0,19,99.25,5002,5040,0,0,0,21,0,ok,""
RNSBV,2024-01-04,240,355,360,355,0,98.61,0,0,0,0,0,0,0,19,99.25,5002,5040,0,0,0,21,0,ok,""
RNSBV,2024-01-05,240,356,360,356,0,98.89,0,0,0,0,1,0,1,19,99.25,5002,5040,0,0,0,21,0,ok,""
RNSBV,2024-01-06,240,357,360,357,0,99.17,0,0,0,1,2,0,3,19,99.25,5002,5040,0,0,0,21,0,ok,""
RNSBV,2024-01-07,240,356,360,356,0,98.89,0,0,0,0,1,0,1,19,99.25,5002,5040,0,0,0,21,0,ok,""
RNSBV,2024-01-08,240,358,360,358,0,99.44,0,0,0,1,1,1,3,19,99.25,5002,5040,0,0,0,21,0,ok,""
RNSBV,2024-01-09,240,356,360,356,0,98.89,0,0,0,0,1,0,1,19,99.25,5002,5040,0,0,0,21,0,ok,""
RNSBV,2024-01-10,240,357,360,357,0,99.17,0,0,0,0,0,0,0,19,99.25,5002,5040,0,0,0,21,0,ok,""
RNSBV,2024-01-11,240,357,360,357,0,99.17,0,0,0,0,0,0,0,19,99.25,5002,5040,0,0,0,21,0,ok,""
RNSBV,2024-01-12,240,359,360,359,0,99.72,0,0,0,1,1,1,3,19,99.25,5002,5040,0,0,0,21,0,ok,""
RNSBV,2024-01-13,240,358,360,358,0,99.44,0,0,0,0,0,0,0,19,99.25,5002,5040,0,0,0,21,0,ok,""
RNSBV,2024-01-14,240,358,360,358,0,99.44,0,0,0,2,2,2,6,19,99.25,5002,5040,0,0,0,21,0,ok,""
RNSBW,2024-01-01,240,359,360,359,0,99.72,0,0,0,359,359,3,721,46,99.70,5025,5040,0,0,0,5634,0,ok,""
RNSBW,2024-01-02,240,359,360,359,0,99.72,0,0,0,359,359,1,719,46,99.70,5025,5040,0,0,0,5634,0,ok,""
RNSBW,2024-01-03,240,360,360,360,0,100.00,0,0,0,360,360,0,720,46,99.70,5025,5040,0,0,0,5634,0,ok,""
RNSBW,2024-01-04,240,359,360,359,0,99.72,0,0,0,359,359,0,718,46,99.70,5025,5040,0,0,0,5634,0,ok,""
RNSBW,2024-01-05,240,360,360,360,0,100.00,0,0,0,360,360,0,720,46,99.70,5025,5040,0,0,0,5634,0,ok,""
RNSBW,2024-01-06,240,359,360,359,0,99.72,0,0,0,359,359,2,720,46,99.70,5025,5040,0,0,0,5634,0,ok,""
RNSBW,2024-01-07,240,358,360,358,0,99.44,0,0,0,358,358,3,719,46,99.70,5025,5040,0,0,0,5634,0,ok,""
RNSBW,2024-01-08,240,357,360,357,0,99.17,0,0,0,293,293,1,587,46,99.70,5025,5040,0,0,0,5634,0,ok,""
RNSBW,2024-01-09,240,358,360,358,0,99.44,0,0,0,0,0,0,0,46,99.70,5025,5040,0,0,0,5634,0,ok,""
RNSBW,2024-01-10,240,360,360,360,0,100.00,0,0,0,0,0,0,0,46,99.70,5025,5040,0,0,0,5634,0,ok,""
RNSBW,2024-01-11,240,360,360,360,0,100.00,0,0,0,1,2,1,4,46,99.70,5025,5040,0,0,0,5634,0,ok,""
RNSBW,2024-01-12,240,359,360,359,0,99.72,0,0,0,2,2,0,4,46,99.70,5025,5040,0,0,0,5634,0,ok,""
RNSBW,2024-01-13,240,358,360,358,0,99.44,0,0,0,0,0,0,0,46,99.70,5025,5040,0,0,0,5634,0,ok,""
RNSBW,2024-01-14,240,359,360,359,0,99.72,0,0,0,0,1,1,2,46,99.70,5025,5040,0,0,0,5634,0,ok,""
RNSCA,2024-01-01,120,709,720,709,0,98.47,0,0,0,2,3,3,8,10,98.44,9923,10080,1,1,0,63,0,flagged,uptime below 99.00 percent; frozen air temperature run
RNSCA,2024-01-02,120,706,720,706,0,98.06,0,0,0,0,1,1,2,10,98.44,9923,10080,1,1,0,63,0,flagged,uptime below 99.00 percent; frozen air temperature run
RNSCA,2024-01-03,120,710,720,710,0,98.61,0,1,0,4,4,4,12,10,98.44,9923,10080,1,1,0,63,0,flagged,uptime below 99.00 percent; frozen air temperature run
RNSCA,2024-01-04,120,706,720,706,0,98.06,0,0,0,0,2,0,2,10,98.44,9923,10080,1,1,0,63,0,flagged,uptime below 99.00 percent; frozen air temperature run
RNSCA,2024-01-05,120,711,720,711,0,98.75,0,0,0,4,4,4,12,10,98.44,9923,10080,1,1,0,63,0,flagged,uptime below 99.00 percent; frozen air temperature run
RNSCA,2024-01-06,120,706,720,706,0,98.06,0,0,0,0,1,1,2,10,98.44,9923,10080,1,1,0,63,0,flagged,uptime below 99.00 percent; frozen air temperature run
RNSCA,2024-01-07,120,705,720,705,0,97.92,0,0,0,1,4,3,8,10,98.44,9923,10080,1,1,0,63,0,flagged,uptime below 99.00 percent; frozen air temperature run
RNSCA,2024-01-08,120,707,720,707,0,98.19,1,0,0,0,1,0,1,10,98.44,9923,10080,1,1,0,63,0,flagged,uptime below 99.00 percent; frozen air temperature run
RNSCA,2024-01-09,120,711,720,711,0,98.75,0,0,0,0,0,0,0,10,98.44,9923,10080,1,1,0,63,0,flagged,uptime below 99.00 percent; frozen air temperature run
RNSCA,2024-01-10,120,711,720,711,0,98.75,0,0,0,0,1,1,2,10,98.44,9923,10080,1,1,0,63,0,flagged,uptime below 99.00 percent; frozen air temperature run
RNSCA,2024-01-11,120,708,720,708,0,98.33,0,0,0,0,1,1,2,10,98.44,9923,10080,1,1,0,63,0,flagged,uptime below 99.00 percent; frozen air temperature run
RNSCA,2024-01-12,120,712,720,712,0,98.89,0,0,0,0,0,0,0,10,98.44,9923,10080,1,1,0,63,0,flagged,uptime below 99.00 percent; frozen air temperature run
RNSCA,2024-01-13,120,708,720,708,0,98.33,0,0,0,1,2,2,5,10,98.44,9923,10080,1,1,0,63,0,flagged,uptime below 99.00 percent; frozen air temperature run
RNSCA,2024-01-14,120,713,720,713,0,99.03,0,0,0,1,3,3,7,10,98.44,9923,10080,1,1,0,63,0,flagged,uptime below 99.00 percent; frozen air temperature run
RNSCB,2024-01-01,240,360,360,360,0,100.00,0,0,0,1,1,1,3,16,99.19,5312,5040,1,0,0,48,0,ok,""
RNSCB,2024-01-02,240,357,360,357,0,99.17,0,0,0,2,2,3,7,16,99.19,5312,5040,1,0,0,48,0,ok,""
RNSCB,2024-01-03,240,359,360,359,0,99.72,0,0,0,0,0,0,0,16,99.19,5312,5040,1,0,0,48,0,ok,""
RNSCB,2024-01-04,240,358,360,358,0,99.44,0,0,0,2,2,2,6,16,99.19,5312,5040,1,0,0,48,0,ok,""
RNSCB,2024-01-05,240,360,360,360,0,100.00,0,0,0,1,1,1,3,16,99.19,5312,5040,1,0,0,48,0,ok,""
RNSCB,2024-01-06,240,358,360,358,0,99.44,0,0,0,2,2,2,6,16,99.19,5312,5040,1,0,0,48,0,ok,""
RNSCB,2024-01-07,240,358,360,358,0,99.44,0,0,0,1,1,1,3,16,99.19,5312,5040,1,0,0,48,0,ok,""
RNSCB,2024-01-08,240,358,360,358,0,99.44,0,0,0,2,1,1,4,16,99.19,5312,5040,1,0,0,48,0,ok,""
RNSCB,2024-01-09,240,360,360,360,0,100.00,0,0,0,0,1,0,1,16,99.19,5312,5040,1,0,0,48,0,ok,""
RNSCB,2024-01-10,240,418,360,333,85,92.50,1,0,0,2,2,4,8,16,99.19,5312,5040,1,0,0,48,0,ok,""
RNSCB,2024-01-11,240,588,360,360,228,100.00,0,0,0,0,0,0,0,16,99.19,5312,5040,1,0,0,48,0,ok,""
RNSCB,2024-01-12,240,359,360,359,0,99.72,0,0,0,0,0,0,0,16,99.19,5312,5040,1,0,0,48,0,ok,""
RNSCB,2024-01-13,240,360,360,360,0,100.00,0,0,0,0,0,1,1,16,99.19,5312,5040,1,0,0,48,0,ok,""
RNSCB,2024-01-14,240,359,360,359,0,99.72,0,0,0,2,2,2,6,16,99.19,5312,5040,1,0,0,48,0,ok,""
RNSCH,2024-01-01,240,359,360,359,0,99.72,0,0,0,4,4,2,10,44,99.68,5024,5040,0,0,0,115,0,ok,""
RNSCH,2024-01-02,240,360,360,360,0,100.00,0,0,0,2,3,0,5,44,99.68,5024,5040,0,0,0,115,0,ok,""
RNSCH,2024-01-03,240,358,360,358,0,99.44,0,0,0,2,3,3,8,44,99.68,5024,5040,0,0,0,115,0,ok,""
RNSCH,2024-01-04,240,356,360,356,0,98.89,0,0,0,3,5,23,31,44,99.68,5024,5040,0,0,0,115,0,ok,""
RNSCH,2024-01-05,240,359,360,359,0,99.72,0,0,0,4,4,2,10,44,99.68,5024,5040,0,0,0,115,0,ok,""
RNSCH,2024-01-06,240,360,360,360,0,100.00,0,0,0,1,1,3,5,44,99.68,5024,5040,0,0,0,115,0,ok,""
RNSCH,2024-01-07,240,358,360,358,0,99.44,0,0,0,5,5,2,12,44,99.68,5024,5040,0,0,0,115,0,ok,""
RNSCH,2024-01-08,240,359,360,359,0,99.72,0,0,0,2,0,2,4,44,99.68,5024,5040,0,0,0,115,0,ok,""
RNSCH,2024-01-09,240,359,360,359,0,99.72,0,0,0,1,1,1,3,44,99.68,5024,5040,0,0,0,115,0,ok,""
RNSCH,2024-01-10,240,359,360,359,0,99.72,0,0,0,2,1,1,4,44,99.68,5024,5040,0,0,0,115,0,ok,""
RNSCH,2024-01-11,240,358,360,358,0,99.44,0,0,0,1,2,1,4,44,99.68,5024,5040,0,0,0,115,0,ok,""
RNSCH,2024-01-12,240,360,360,360,0,100.00,0,0,0,2,3,4,9,44,99.68,5024,5040,0,0,0,115,0,ok,""
RNSCH,2024-01-13,240,359,360,359,0,99.72,0,0,0,0,0,2,2,44,99.68,5024,5040,0,0,0,115,0,ok,""
RNSCH,2024-01-14,240,360,360,360,0,100.00,0,0,0,3,4,1,8,44,99.68,5024,5040,0,0,0,115,0,ok,""
RNSCHB,2024-01-01,240,357,360,356,1,98.89,0,0,0,1,1,1,3,22,99.27,5023,5040,0,1,0,33,0,flagged,frozen air temperature run
RNSCHB,2024-01-02,240,358,360,358,0,99.44,0,1,0,0,0,1,1,22,99.27,5023,5040,0,1,0,33,0,flagged,frozen air temperature run
RNSCHB,2024-01-03,240,358,360,358,0,99.44,0,0,0,0,0,0,0,22,99.27,5023,5040,0,1,0,33,0,flagged,frozen air temperature run
RNSCHB,2024-01-04,240,358,360,357,1,99.17,0,0,0,1,1,2,4,22,99.27,5023,5040,0,1,0,33,0,flagged,frozen air temperature run
RNSCHB,2024-01-05,240,358,360,357,1,99.17,0,0,0,1,1,1,3,22,99.27,5023,5040,0,1,0,33,0,flagged,frozen air temperature run
RNSCHB,2024-01-06,240,356,360,356,0,98.89,0,0,0,0,0,0,0,22,99.27,5023,5040,0,1,0,33,0,flagged,frozen air temperature run
RNSCHB,2024-01-07,240,359,360,356,3,98.89,0,0,0,0,0,2,2,22,99.27,5023,5040,0,1,0,33,0,flagged,frozen air temperature run
RNSCHB,2024-01-08,240,359,360,357,2,99.17,0,0,0,1,1,3,5,22,99.27,5023,5040,0,1,0,33,0,flagged,frozen air temperature run
RNSCHB,2024-01-09,240,360,360,358,2,99.44,0,0,0,0,0,2,2,22,99.27,5023,5040,0,1,0,33,0,flagged,frozen air temperature run
RNSCHB,2024-01-10,240,360,360,359,1,99.72,0,0,0,0,0,0,0,22,99.27,5023,5040,0,1,0,33,0,flagged,frozen air temperature run
RNSCHB,2024-01-11,240,359,360,359,0,99.72,0,0,0,0,0,3,3,22,99.27,5023,5040,0,1,0,33,0,flagged,frozen air temperature run
RNSCHB,2024-01-12,240,361,360,359,2,99.72,0,0,0,1,1,4,6,22,99.27,5023,5040,0,1,0,33,0,flagged,frozen air temperature run
RNSCHB,2024-01-13,240,361,360,355,6,98.61,0,0,0,0,0,0,0,22,99.27,5023,5040,0,1,0,33,0,flagged,frozen air temperature run
RNSCHB,2024-01-14,240,359,360,358,1,99.44,0,0,0,2,1,1,4,22,99.27,5023,5040,0,1,0,33,0,flagged,frozen air temperature run
RNSCO,2024-01-01,240,357,360,357,0,99.17,0,0,0,1,1,2,4,36,99.58,5023,5040,0,0,0,54,0,ok,""
RNSCO,2024-01-02,240,360,360,360,0,100.00,0,0,0,0,0,1,1,36,99.58,5023,5040,0,0,0,54,0,ok,""
RNSCO,2024-01-03,240,361,360,360,1,100.00,0,0,0,3,2,1,6,36,99.58,5023,5040,0,0,0,54,0,ok,""
RNSCO,2024-01-04,240,359,360,359,0,99.72,0,0,0,3,3,2,8,36,99.58,5023,5040,0,0,0,54,0,ok,""
RNSCO,2024-01-05,240,358,360,358,0,99.44,0,0,0,0,0,1,1,36,99.58,5023,5040,0,0,0,54,0,ok,""
RNSCO,2024-01-06,240,357,360,356,1,98.89,0,0,0,1,2,1,4,36,99.58,5023,5040,0,0,0,54,0,ok,""
RNSCO,2024-01-07,240,357,360,357,0,99.17,0,0,0,0,0,1,1,36,99.58,5023,5040,0,0,0,54,0,ok,""
RNSCO,2024-01-08,240,359,360,359,0,99.72,0,0,0,3,3,4,10,36,99.58,5023,5040,0,0,0,54,0,ok,""
RNSCO,2024-01-09,240,358,360,358,0,99.44,0,0,0,1,1,2,4,36,99.58,5023,5040,0,0,0,54,0,ok,""
RNSCO,2024-01-10,240,360,360,359,1,99.72,0,0,0,0,0,0,0,36,99.58,5023,5040,0,0,0,54,0,ok,""
RNSCO,2024-01-11,240,360,360,359,1,99.72,0,0,0,1,2,1,4,36,99.58,5023,5040,0,0,0,54,0,ok,""
RNSCO,2024-01-12,240,359,360,359,0,99.72,0,0,0,0,1,1,2,36,99.58,5023,5040,0,0,0,54,0,ok,""
RNSCO,2024-01-13,240,359,360,359,0,99.72,0,0,0,0,0,1,1,36,99.58,5023,5040,0,0,0,54,0,ok,""
RNSCO,2024-01-14,240,359,360,359,0,99.72,0,0,0,3,2,3,8,36,99.58,5023,5040,0,0,0,54,0,ok,""
RNSCP,2024-01-01,240,359,360,358,1,99.44,0,0,0,3,3,26,32,31,99.50,5032,5040,1,1,0,1080,0,flagged,frozen air temperature run
RNSCP,2024-01-02,240,362,360,359,3,99.72,0,0,0,1,1,24,26,31,99.50,5032,5040,1,1,0,1080,0,flagged,frozen air temperature run
RNSCP,2024-01-03,240,360,360,360,0,100.00,0,0,0,2,2,23,27,31,99.50,5032,5040,1,1,0,1080,0,flagged,frozen air temperature run
RNSCP,2024-01-04,240,356,360,355,1,98.61,1,0,0,3,3,22,28,31,99.50,5032,5040,1,1,0,1080,0,flagged,frozen air temperature run
RNSCP,2024-01-05,240,362,360,360,2,100.00,0,1,0,0,32,22,54,31,99.50,5032,5040,1,1,0,1080,0,flagged,frozen air temperature run
RNSCP,2024-01-06,240,359,360,357,2,99.17,0,0,0,2,2,26,30,31,99.50,5032,5040,1,1,0,1080,0,flagged,frozen air temperature run
RNSCP,2024-01-07,240,356,360,356,0,98.89,0,0,0,3,3,19,25,31,99.50,5032,5040,1,1,0,1080,0,flagged,frozen air temperature run
RNSCP,2024-01-08,240,360,360,356,4,98.89,0,0,0,1,1,23,25,31,99.50,5032,5040,1,1,0,1080,0,flagged,frozen air temperature run
RNSCP,2024-01-09,240,360,360,358,2,99.44,0,0,0,1,1,24,26,31,99.50,5032,5040,1,1,0,1080,0,flagged,frozen air temperature run
RNSCP,2024-01-10,240,361,360,360,1,100.00,0,0,0,0,105,24,129,31,99.50,5032,5040,1,1,0,1080,0,flagged,frozen air temperature run
RNSCP,2024-01-11,240,360,360,360,0,100.00,0,0,0,1,360,22,383,31,99.50,5032,5040,1,1,0,1080,0,flagged,frozen air temperature run
RNSCP,2024-01-12,240,359,360,358,1,99.44,0,0,0,1,26,28,55,31,99.50,5032,5040,1,1,0,1080,0,flagged,frozen air temperature run
RNSCP,2024-01-13,240,358,360,358,0,99.44,0,0,0,1,0,18,19,31,99.50,5032,5040,1,1,0,1080,0,flagged,frozen air temperature run
RNSCP,2024-01-14,240,360,360,360,0,100.00,0,0,0,1,199,21,221,31,99.50,5032,5040,1,1,0,1080,0,flagged,frozen air temperature run
RNSEB,2024-01-01,240,370,360,358,12,99.44,0,0,0,15,15,15,45,7,97.02,5053,5040,5,0,1,568,0,flagged,uptime below 99.00 percent; out-of-range values
RNSEB,2024-01-02,240,371,360,359,12,99.72,0,0,0,12,12,12,36,7,97.02,5053,5040,5,0,1,568,0,flagged,uptime below 99.00 percent; out-of-range values
RNSEB,2024-01-03,240,372,360,360,12,100.00,0,0,0,13,13,14,40,7,97.02,5053,5040,5,0,1,568,0,flagged,uptime below 99.00 percent; out-of-range values
RNSEB,2024-01-04,240,370,360,358,12,99.44,0,0,0,14,14,14,42,7,97.02,5053,5040,5,0,1,568,0,flagged,uptime below 99.00 percent; out-of-range values
RNSEB,2024-01-05,240,372,360,360,12,100.00,0,0,0,13,13,13,39,7,97.02,5053,5040,5,0,1,568,0,flagged,uptime below 99.00 percent; out-of-range values
RNSEB,2024-01-06,240,370,360,358,12,99.44,0,0,0,13,13,13,39,7,97.02,5053,5040,5,0,1,568,0,flagged,uptime below 99.00 percent; out-of-range values
RNSEB,2024-01-07,240,370,360,358,12,99.44,0,0,0,13,13,13,39,7,97.02,5053,5040,5,0,1,568,0,flagged,uptime below 99.00 percent; out-of-range values
RNSEB,2024-01-08,240,230,360,223,7,61.94,5,0,1,13,13,13,39,7,97.02,5053,5040,5,0,1,568,0,flagged,uptime below 99.00 percent; out-of-range values
RNSEB,2024-01-09,240,371,360,359,12,99.72,0,0,0,13,13,13,39,7,97.02,5053,5040,5,0,1,568,0,flagged,uptime below 99.00 percent; out-of-range values
RNSEB,2024-01-10,240,372,360,360,12,100.00,0,0,0,13,13,13,39,7,97.02,5053,5040,5,0,1,568,0,flagged,uptime below 99.00 percent; out-of-range values
RNSEB,2024-01-11,240,372,360,360,12,100.00,0,0,0,14,29,14,57,7,97.02,5053,5040,5,0,1,568,0,flagged,uptime below 99.00 percent; out-of-range values
RNSEB,2024-01-12,240,371,360,359,12,99.72,0,0,0,13,13,13,39,7,97.02,5053,5040,5,0,1,568,0,flagged,uptime below 99.00 percent; out-of-range values
RNSEB,2024-01-13,240,371,360,359,12,99.72,0,0,0,12,12,12,36,7,97.02,5053,5040,5,0,1,568,0,flagged,uptime below 99.00 percent; out-of-range values
RNSEB,2024-01-14,240,371,360,359,12,99.72,0,0,0,13,13,13,39,7,97.02,5053,5040,5,0,1,568,0,flagged,uptime below 99.00 percent; out-of-range values
RNSGV,2024-01-01,240,357,360,356,1,98.89,0,0,0,2,2,4,8,4,94.42,4893,5040,6,0,0,192,0,flagged,uptime below 99.00 percent
RNSGV,2024-01-02,240,336,360,316,20,87.78,0,0,0,7,5,9,21,4,94.42,4893,5040,6,0,0,192,0,flagged,uptime below 99.00 percent
RNSGV,2024-01-03,240,353,360,342,11,95.00,0,0,0,6,6,4,16,4,94.42,4893,5040,6,0,0,192,0,flagged,uptime below 99.00 percent
RNSGV,2024-01-04,240,349,360,338,11,93.89,0,0,0,10,4,2,16,4,94.42,4893,5040,6,0,0,192,0,flagged,uptime below 99.00 percent
RNSGV,2024-01-05,240,357,360,354,3,98.33,0,0,0,5,6,3,14,4,94.42,4893,5040,6,0,0,192,0,flagged,uptime below 99.00 percent
RNSGV,2024-01-06,240,353,360,342,11,95.00,1,0,0,6,4,6,16,4,94.42,4893,5040,6,0,0,192,0,flagged,uptime below 99.00 percent
RNSGV,2024-01-07,240,334,360,328,6,91.11,3,0,0,2,8,4,14,4,94.42,4893,5040,6,0,0,192,0,flagged,uptime below 99.00 percent
RNSGV,2024-01-08,240,324,360,295,29,81.94,2,0,0,2,7,6,15,4,94.42,4893,5040,6,0,0,192,0,flagged,uptime below 99.00 percent
RNSGV,2024-01-09,240,355,360,350,5,97.22,0,0,0,2,4,3,9,4,94.42,4893,5040,6,0,0,192,0,flagged,uptime below 99.00 percent
RNSGV,2024-01-10,240,355,360,350,5,97.22,0,0,0,3,3,3,9,4,94.42,4893,5040,6,0,0,192,0,flagged,uptime below 99.00 percent
RNSGV,2024-01-11,240,352,360,337,15,93.61,0,0,0,4,9,7,20,4,94.42,4893,5040,6,0,0,192,0,flagged,uptime below 99.00 percent
RNSGV,2024-01-12,240,358,360,355,3,98.61,0,0,0,2,4,1,7,4,94.42,4893,5040,6,0,0,192,0,flagged,uptime below 99.00 percent
RNSGV,2024-01-13,240,358,360,354,4,98.33,0,0,0,4,1,2,7,4,94.42,4893,5040,6,0,0,192,0,flagged,uptime below 99.00 percent
RNSGV,2024-01-14,240,352,360,342,10,95.00,0,0,0,8,2,10,20,4,94.42,4893,5040,6,0,0,192,0,flagged,uptime below 99.00 percent
RNSIC,2024-01-01,240,356,360,356,0,98.89,0,0,0,12,3,2,17,9,97.78,4928,5040,1,0,0,704,0,flagged,uptime below 99.00 percent
RNSIC,2024-01-02,240,355,360,355,0,98.61,0,0,0,4,1,3,8,9,97.78,4928,5040,1,0,0,704,0,flagged,uptime below 99.00 percent
RNSIC,2024-01-03,240,356,360,356,0,98.89,0,0,0,6,1,2,9,9,97.78,4928,5040,1,0,0,704,0,flagged,uptime below 99.00 percent
RNSIC,2024-01-04,240,348,360,348,0,96.67,0,0,0,16,5,3,24,9,97.78,4928,5040,1,0,0,704,0,flagged,uptime below 99.00 percent
RNSIC,2024-01-05,240,352,360,352,0,97.78,1,0,0,10,2,2,14,9,97.78,4928,5040,1,0,0,704,0,flagged,uptime below 99.00 percent
RNSIC,2024-01-06,240,355,360,355,0,98.61,0,0,0,2,1,3,6,9,97.78,4928,5040,1,0,0,704,0,flagged,uptime below 99.00 percent
RNSIC,2024-01-07,240,350,360,350,0,97.22,0,0,0,5,2,3,10,9,97.78,4928,5040,1,0,0,704,0,flagged,uptime below 99.00 percent
RNSIC,2024-01-08,240,351,360,351,0,97.50,0,0,0,7,1,0,8,9,97.78,4928,5040,1,0,0,704,0,flagged,uptime below 99.00 percent
RNSIC,2024-01-09,240,354,360,354,0,98.33,0,0,0,8,2,1,11,9,97.78,4928,5040,1,0,0,704,0,flagged,uptime below 99.00 percent
RNSIC,2024-01-10,240,354,360,354,0,98.33,0,0,0,58,54,0,112,9,97.78,4928,5040,1,0,0,704,0,flagged,uptime below 99.00 percent
RNSIC,2024-01-11,240,340,360,340,0,94.44,0,0,0,122,110,0,232,9,97.78,4928,5040,1,0,0,704,0,flagged,uptime below 99.00 percent
RNSIC,2024-01-12,240,352,360,352,0,97.78,0,0,0,14,7,0,21,9,97.78,4928,5040,1,0,0,704,0,flagged,uptime below 99.00 percent
RNSIC,2024-01-13,240,354,360,354,0,98.33,0,0,0,9,1,0,10,9,97.78,4928,5040,1,0,0,704,0,flagged,uptime below 99.00 percent
RNSIC,2024-01-14,240,351,360,351,0,97.50,0,0,0,115,106,1,222,9,97.78,4928,5040,1,0,0,704,0,flagged,uptime below 99.00 percent
RNSKE,2024-01-01,240,360,360,360,0,100.00,0,1,0,0,0,0,0,45,99.68,5024,5040,0,2,0,54,0,flagged,frozen air temperature run
RNSKE,2024-01-02,240,358,360,358,0,99.44,0,0,0,3,3,3,9,45,99.68,5024,5040,0,2,0,54,0,flagged,frozen air temperature run
RNSKE,2024-01-03,240,359,360,359,0,99.72,0,0,0,1,1,1,3,45,99.68,5024,5040,0,2,0,54,0,flagged,frozen air temperature run
RNSKE,2024-01-04,240,357,360,357,0,99.17,0,0,0,2,2,1,5,45,99.68,5024,5040,0,2,0,54,0,flagged,frozen air temperature run
RNSKE,2024-01-05,240,360,360,360,0,100.00,0,0,0,1,1,1,3,45,99.68,5024,5040,0,2,0,54,0,flagged,frozen air temperature run
RNSKE,2024-01-06,240,357,360,357,0,99.17,0,0,0,2,2,2,6,45,99.68,5024,5040,0,2,0,54,0,flagged,frozen air temperature run
RNSKE,2024-01-07,240,358,360,358,0,99.44,0,0,0,3,3,3,9,45,99.68,5024,5040,0,2,0,54,0,flagged,frozen air temperature run
RNSKE,2024-01-08,240,358,360,358,0,99.44,0,1,0,1,1,1,3,45,99.68,5024,5040,0,2,0,54,0,flagged,frozen air temperature run
RNSKE,2024-01-09,240,360,360,360,0,100.00,0,0,0,2,2,2,6,45,99.68,5024,5040,0,2,0,54,0,flagged,frozen air temperature run
RNSKE,2024-01-10,240,359,360,359,0,99.72,0,0,0,1,1,1,3,45,99.68,5024,5040,0,2,0,54,0,flagged,frozen air temperature run
RNSKE,2024-01-11,240,359,360,359,0,99.72,0,0,0,1,0,0,1,45,99.68,5024,5040,0,2,0,54,0,flagged,frozen air temperature run
RNSKE,2024-01-12,240,359,360,359,0,99.72,0,0,0,0,0,0,0,45,99.68,5024,5040,0,2,0,54,0,flagged,frozen air temperature run
RNSKE,2024-01-13,240,360,360,360,0,100.00,0,0,0,0,0,0,0,45,99.68,5024,5040,0,2,0,54,0,flagged,frozen air temperature run
RNSKE,2024-01-14,240,360,360,360,0,100.00,0,0,0,2,2,2,6,45,99.68,5024,5040,0,2,0,54,0,flagged,frozen air temperature run
RNSKI,2024-01-01,240,358,360,358,0,99.44,0,0,0,3,3,3,9,28,99.48,5014,5040,0,0,0,95,0,ok,""
RNSKI,2024-01-02,240,359,360,359,0,99.72,0,0,0,4,4,3,11,28,99.48,5014,5040,0,0,0,95,0,ok,""
RNSKI,2024-01-03,240,359,360,359,0,99.72,0,0,0,2,2,1,5,28,99.48,5014,5040,0,0,0,95,0,ok,""
RNSKI,2024-01-04,240,357,360,357,0,99.17,0,0,0,3,3,2,8,28,99.48,5014,5040,0,0,0,95,0,ok,""
RNSKI,2024-01-05,240,359,360,359,0,99.72,0,0,0,4,6,5,15,28,99.48,5014,5040,0,0,0,95,0,ok,""
RNSKI,2024-01-06,240,357,360,357,0,99.17,0,0,0,0,0,1,1,28,99.48,5014,5040,0,0,0,95,0,ok,""
RNSKI,2024-01-07,240,357,360,357,0,99.17,0,0,0,0,1,0,1,28,99.48,5014,5040,0,0,0,95,0,ok,""
RNSKI,2024-01-08,240,359,360,359,0,99.72,0,0,0,2,3,2,7,28,99.48,5014,5040,0,0,0,95,0,ok,""
RNSKI,2024-01-09,240,356,360,356,0,98.89,0,0,0,6,6,4,16,28,99.48,5014,5040,0,0,0,95,0,ok,""
RNSKI,2024-01-10,240,359,360,359,0,99.72,0,0,0,0,0,0,0,28,99.48,5014,5040,0,0,0,95,0,ok,""
RNSKI,2024-01-11,240,357,360,357,0,99.17,0,0,0,1,1,0,2,28,99.48,5014,5040,0,0,0,95,0,ok,""
RNSKI,2024-01-12,240,358,360,358,0,99.44,0,0,0,0,0,0,0,28,99.48,5014,5040,0,0,0,95,0,ok,""
RNSKI,2024-01-13,240,360,360,360,0,100.00,0,0,0,2,2,8,12,28,99.48,5014,5040,0,0,0,95,0,ok,""
RNSKI,2024-01-14,240,359,360,359,0,99.72,0,0,0,3,3,2,8,28,99.48,5014,5040,0,0,0,95,0,ok,""
RNSKM,2024-01-01,240,359,360,359,0,99.72,0,0,0,2,2,1,5,1,59.78,3018,5040,4,0,0,23,2,flagged,uptime below 99.00 percent; silent days
RNSKM,2024-01-02,240,356,360,356,0,98.89,0,0,0,0,0,2,2,1,59.78,3018,5040,4,0,0,23,2,flagged,uptime below 99.00 percent; silent days
RNSKM,2024-01-03,240,359,360,359,0,99.72,0,0,0,2,2,0,4,1,59.78,3018,5040,4,0,0,23,2,flagged,uptime below 99.00 percent; silent days
RNSKM,2024-01-04,240,64,360,64,0,17.78,1,0,0,0,0,0,0,1,59.78,3018,5040,4,0,0,23,2,flagged,uptime below 99.00 percent; silent days
RNSKM,2024-01-05,240,0,360,0,0,0.00,0,0,0,0,0,0,0,1,59.78,3018,5040,4,0,0,23,2,flagged,uptime below 99.00 percent; silent days
RNSKM,2024-01-06,240,119,360,118,1,32.78,1,0,0,1,1,2,4,1,59.78,3018,5040,4,0,0,23,2,flagged,uptime below 99.00 percent; silent days
RNSKM,2024-01-07,240,163,360,162,1,45.00,0,0,0,0,0,0,0,1,59.78,3018,5040,4,0,0,23,2,flagged,uptime below 99.00 percent; silent days
RNSKM,2024-01-08,240,39,360,38,1,10.56,2,0,0,2,2,0,4,1,59.78,3018,5040,4,0,0,23,2,flagged,uptime below 99.00 percent; silent days
RNSKM,2024-01-09,240,0,360,0,0,0.00,0,0,0,0,0,0,0,1,59.78,3018,5040,4,0,0,23,2,flagged,uptime below 99.00 percent; silent days
RNSKM,2024-01-10,240,122,360,121,1,33.61,0,0,0,0,0,0,0,1,59.78,3018,5040,4,0,0,23,2,flagged,uptime below 99.00 percent; silent days
RNSKM,2024-01-11,240,359,360,358,1,99.44,0,0,0,0,0,2,2,1,59.78,3018,5040,4,0,0,23,2,flagged,uptime below 99.00 percent; silent days
RNSKM,2024-01-12,240,359,360,359,0,99.72,0,0,0,0,0,0,0,1,59.78,3018,5040,4,0,0,23,2,flagged,uptime below 99.00 percent; silent days
RNSKM,2024-01-13,240,360,360,360,0,100.00,0,0,0,0,1,0,1,1,59.78,3018,5040,4,0,0,23,2,flagged,uptime below 99.00 percent; silent days
RNSKM,2024-01-14,240,359,360,359,0,99.72,0,0,0,0,1,0,1,1,59.78,3018,5040,4,0,0,23,2,flagged,uptime below 99.00 percent; silent days
RNSLC,2024-01-01,240,360,360,360,0,100.00,0,0,0,4,4,5,13,43,99.66,5024,5040,0,2,0,288,0,flagged,frozen air temperature run
RNSLC,2024-01-02,240,360,360,360,0,100.00,0,1,0,1,1,1,3,43,99.66,5024,5040,0,2,0,288,0,flagged,frozen air temperature run
RNSLC,2024-01-03,240,359,360,359,0,99.72,0,0,0,5,5,3,13,43,99.66,5024,5040,0,2,0,288,0,flagged,frozen air temperature run
RNSLC,2024-01-04,240,357,360,357,0,99.17,0,0,0,2,3,4,9,43,99.66,5024,5040,0,2,0,288,0,flagged,frozen air temperature run
RNSLC,2024-01-05,240,359,360,359,0,99.72,0,0,0,5,4,1,10,43,99.66,5024,5040,0,2,0,288,0,flagged,frozen air temperature run
RNSLC,2024-01-06,240,359,360,358,1,99.44,0,0,0,3,2,183,188,43,99.66,5024,5040,0,2,0,288,0,flagged,frozen air temperature run
RNSLC,2024-01-07,240,358,360,358,0,99.44,0,1,0,2,3,3,8,43,99.66,5024,5040,0,2,0,288,0,flagged,frozen air temperature run
RNSLC,2024-01-08,240,359,360,359,0,99.72,0,0,0,2,3,2,7,43,99.66,5024,5040,0,2,0,288,0,flagged,frozen air temperature run
RNSLC,2024-01-09,240,359,360,359,0,99.72,0,0,0,1,1,1,3,43,99.66,5024,5040,0,2,0,288,0,flagged,frozen air temperature run
RNSLC,2024-01-10,240,358,360,358,0,99.44,0,0,0,2,2,0,4,43,99.66,5024,5040,0,2,0,288,0,flagged,frozen air temperature run
RNSLC,2024-01-11,240,359,360,359,0,99.72,0,0,0,2,1,2,5,43,99.66,5024,5040,0,2,0,288,0,flagged,frozen air temperature run
RNSLC,2024-01-12,240,359,360,359,0,99.72,0,0,0,1,1,8,10,43,99.66,5024,5040,0,2,0,288,0,flagged,frozen air temperature run
RNSLC,2024-01-13,240,359,360,359,0,99.72,0,0,0,3,4,1,8,43,99.66,5024,5040,0,2,0,288,0,flagged,frozen air temperature run
RNSLC,2024-01-14,240,359,360,359,0,99.72,0,0,0,3,3,1,7,43,99.66,5024,5040,0,2,0,288,0,flagged,frozen air temperature run
RNSLE,2024-01-01,240,356,360,356,0,98.89,0,0,0,1,1,1,3,15,99.13,4999,5040,0,0,0,18,0,ok,""
RNSLE,2024-01-02,240,353,360,353,0,98.06,0,0,0,0,0,0,0,15,99.13,4999,5040,0,0,0,18,0,ok,""
RNSLE,2024-01-03,240,358,360,358,0,99.44,0,0,0,1,1,2,4,15,99.13,4999,5040,0,0,0,18,0,ok,""
RNSLE,2024-01-04,240,354,360,354,0,98.33,0,0,0,0,0,0,0,15,99.13,4999,5040,0,0,0,18,0,ok,""
RNSLE,2024-01-05,240,356,360,356,0,98.89,0,0,0,1,1,1,3,15,99.13,4999,5040,0,0,0,18,0,ok,""
RNSLE,2024-01-06,240,357,360,357,0,99.17,0,0,0,1,1,0,2,15,99.13,4999,5040,0,0,0,18,0,ok,""
RNSLE,2024-01-07,240,357,360,356,1,98.89,0,0,0,0,1,0,1,15,99.13,4999,5040,0,0,0,18,0,ok,""
RNSLE,2024-01-08,240,356,360,355,1,98.61,0,0,0,0,0,0,0,15,99.13,4999,5040,0,0,0,18,0,ok,""
RNSLE,2024-01-09,240,359,360,358,1,99.44,0,0,0,1,1,0,2,15,99.13,4999,5040,0,0,0,18,0,ok,""
RNSLE,2024-01-10,240,358,360,358,0,99.44,0,0,0,0,0,0,0,15,99.13,4999,5040,0,0,0,18,0,ok,""
RNSLE,2024-01-11,240,358,360,358,0,99.44,0,0,0,0,0,0,0,15,99.13,4999,5040,0,0,0,18,0,ok,""
RNSLE,2024-01-12,240,360,360,360,0,100.00,0,0,0,1,1,1,3,15,99.13,4999,5040,0,0,0,18,0,ok,""
RNSLE,2024-01-13,240,359,360,359,0,99.72,0,0,0,0,0,0,0,15,99.13,4999,5040,0,0,0,18,0,ok,""
RNSLE,2024-01-14,240,358,360,358,0,99.44,0,0,0,0,0,0,0,15,99.13,4999,5040,0,0,0,18,0,ok,""
RNSLI,2024-01-01,240,357,360,357,0,99.17,0,0,0,0,1,0,1,37,99.60,5021,5040,0,1,0,29,0,flagged,frozen air temperature run
RNSLI,2024-01-02,240,358,360,358,0,99.44,0,0,0,0,0,0,0,37,99.60,5021,5040,0,1,0,29,0,flagged,frozen air temperature run
RNSLI,2024-01-03,240,360,360,360,0,100.00,0,1,0,0,0,1,1,37,99.60,5021,5040,0,1,0,29,0,flagged,frozen air temperature run
RNSLI,2024-01-04,240,358,360,358,0,99.44,0,0,0,2,0,5,7,37,99.60,5021,5040,0,1,0,29,0,flagged,frozen air temperature run
RNSLI,2024-01-05,240,360,360,360,0,100.00,0,0,0,0,0,0,0,37,99.60,5021,5040,0,1,0,29,0,flagged,frozen air temperature run
RNSLI,2024-01-06,240,357,360,357,0,99.17,0,0,0,1,0,2,3,37,99.60,5021,5040,0,1,0,29,0,flagged,frozen air temperature run
RNSLI,2024-01-07,240,358,360,358,0,99.44,0,0,0,1,0,2,3,37,99.60,5021,5040,0,1,0,29,0,flagged,frozen air temperature run
RNSLI,2024-01-08,240,357,360,357,0,99.17,0,0,0,1,0,1,2,37,99.60,5021,5040,0,1,0,29,0,flagged,frozen air temperature run
RNSLI,2024-01-09,240,359,360,358,1,99.44,0,0,0,0,0,1,1,37,99.60,5021,5040,0,1,0,29,0,flagged,frozen air temperature run
RNSLI,2024-01-10,240,360,360,360,0,100.00,0,0,0,0,0,1,1,37,99.60,5021,5040,0,1,0,29,0,flagged,frozen air temperature run
RNSLI,2024-01-11,240,360,360,360,0,100.00,0,0,0,2,0,2,4,37,99.60,5021,5040,0,1,0,29,0,flagged,frozen air temperature run
RNSLI,2024-01-12,240,359,360,359,0,99.72,0,0,0,1,0,2,3,37,99.60,5021,5040,0,1,0,29,0,flagged,frozen air temperature run
RNSLI,2024-01-13,240,359,360,359,0,99.72,0,0,0,0,0,1,1,37,99.60,5021,5040,0,1,0,29,0,flagged,frozen air temperature run
RNSLI,2024-01-14,240,359,360,359,0,99.72,0,0,0,1,0,1,2,37,99.60,5021,5040,0,1,0,29,0,flagged,frozen air temperature run
RNSLQ,2024-01-01,240,357,360,357,0,99.17,0,0,0,2,2,3,7,18,99.21,5000,5040,0,0,0,51,0,ok,""
RNSLQ,2024-01-02,240,358,360,358,0,99.44,0,0,0,0,0,1,1,18,99.21,5000,5040,0,0,0,51,0,ok,""
RNSLQ,2024-01-03,240,357,360,357,0,99.17,0,0,0,2,4,3,9,18,99.21,5000,5040,0,0,0,51,0,ok,""
RNSLQ,2024-01-04,240,357,360,357,0,99.17,0,0,0,2,2,3,7,18,99.21,5000,5040,0,0,0,51,0,ok,""
RNSLQ,2024-01-05,240,359,360,359,0,99.72,0,0,0,2,2,3,7,18,99.21,5000,5040,0,0,0,51,0,ok,""
RNSLQ,2024-01-06,240,357,360,357,0,99.17,0,0,0,0,0,1,1,18,99.21,5000,5040,0,0,0,51,0,ok,""
RNSLQ,2024-01-07,240,356,360,356,0,98.89,0,0,0,0,1,1,2,18,99.21,5000,5040,0,0,0,51,0,ok,""
RNSLQ,2024-01-08,240,357,360,357,0,99.17,0,0,0,1,1,2,4,18,99.21,5000,5040,0,0,0,51,0,ok,""
RNSLQ,2024-01-09,240,356,360,356,0,98.89,0,0,0,0,1,1,2,18,99.21,5000,5040,0,0,0,51,0,ok,""
RNSLQ,2024-01-10,240,356,360,356,0,98.89,0,0,0,0,0,1,1,18,99.21,5000,5040,0,0,0,51,0,ok,""
RNSLQ,2024-01-11,240,356,360,356,0,98.89,0,0,0,0,0,3,3,18,99.21,5000,5040,0,0,0,51,0,ok,""
RNSLQ,2024-01-12,240,359,360,359,0,99.72,0,0,0,0,0,1,1,18,99.21,5000,5040,0,0,0,51,0,ok,""
RNSLQ,2024-01-13,240,356,360,356,0,98.89,0,0,0,0,1,1,2,18,99.21,5000,5040,0,0,0,51,0,ok,""
RNSLQ,2024-01-14,240,359,360,359,0,99.72,0,0,0,1,1,2,4,18,99.21,5000,5040,0,0,0,51,0,ok,""
RNSLV,2024-01-01,240,358,360,358,0,99.44,0,0,0,3,3,4,10,6,96.41,4859,5040,0,1,0,53,0,flagged,uptime below 99.00 percent; frozen air temperature run
RNSLV,2024-01-02,240,359,360,359,0,99.72,0,0,0,0,1,1,2,6,96.41,4859,5040,0,1,0,53,0,flagged,uptime below 99.00 percent; frozen air temperature run
RNSLV,2024-01-03,240,360,360,360,0,100.00,0,0,0,0,0,1,1,6,96.41,4859,5040,0,1,0,53,0,flagged,uptime below 99.00 percent; frozen air temperature run
RNSLV,2024-01-04,240,358,360,358,0,99.44,0,0,0,2,2,3,7,6,96.41,4859,5040,0,1,0,53,0,flagged,uptime below 99.00 percent; frozen air temperature run
RNSLV,2024-01-05,240,359,360,359,0,99.72,0,0,0,0,0,1,1,6,96.41,4859,5040,0,1,0,53,0,flagged,uptime below 99.00 percent; frozen air temperature run
RNSLV,2024-01-06,240,356,360,356,0,98.89,0,0,0,0,0,1,1,6,96.41,4859,5040,0,1,0,53,0,flagged,uptime below 99.00 percent; frozen air temperature run
RNSLV,2024-01-07,240,358,360,358,0,99.44,0,1,0,2,2,3,7,6,96.41,4859,5040,0,1,0,53,0,flagged,uptime below 99.00 percent; frozen air temperature run
RNSLV,2024-01-08,240,357,360,357,0,99.17,0,0,0,2,2,2,6,6,96.41,4859,5040,0,1,0,53,0,flagged,uptime below 99.00 percent; frozen air temperature run
RNSLV,2024-01-09,240,359,360,359,0,99.72,0,0,0,1,1,2,4,6,96.41,4859,5040,0,1,0,53,0,flagged,uptime below 99.00 percent; frozen air temperature run
RNSLV,2024-01-10,240,360,360,360,0,100.00,0,0,0,1,1,2,4,6,96.41,4859,5040,0,1,0,53,0,flagged,uptime below 99.00 percent; frozen air temperature run
RNSLV,2024-01-11,240,359,360,359,0,99.72,0,0,0,0,1,1,2,6,96.41,4859,5040,0,1,0,53,0,flagged,uptime below 99.00 percent; frozen air temperature run
RNSLV,2024-01-12,240,359,360,359,0,99.72,0,0,0,1,1,2,4,6,96.41,4859,5040,0,1,0,53,0,flagged,uptime below 99.00 percent; frozen air temperature run
RNSLV,2024-01-13,240,359,360,359,0,99.72,0,0,0,1,1,2,4,6,96.41,4859,5040,0,1,0,53,0,flagged,uptime below 99.00 percent; frozen air temperature run
RNSLV,2024-01-14,240,198,360,198,0,55.00,0,0,0,0,0,0,0,6,96.41,4859,5040,0,1,0,53,0,flagged,uptime below 99.00 percent; frozen air temperature run
RNSMA,2024-01-01,240,358,360,358,0,99.44,0,0,0,3,3,3,9,3,92.38,4658,5040,2,0,0,115,0,flagged,uptime below 99.00 percent
RNSMA,2024-01-02,240,357,360,357,0,99.17,0,0,0,1,1,1,3,3,92.38,4658,5040,2,0,0,115,0,flagged,uptime below 99.00 percent
RNSMA,2024-01-03,240,359,360,359,0,99.72,0,0,0,1,1,1,3,3,92.38,4658,5040,2,0,0,115,0,flagged,uptime below 99.00 percent
RNSMA,2024-01-04,240,357,360,357,0,99.17,0,0,0,2,2,2,6,3,92.38,4658,5040,2,0,0,115,0,flagged,uptime below 99.00 percent
RNSMA,2024-01-05,240,358,360,358,0,99.44,0,0,0,0,0,0,0,3,92.38,4658,5040,2,0,0,115,0,flagged,uptime below 99.00 percent
RNSMA,2024-01-06,240,358,360,358,0,99.44,0,0,0,1,1,1,3,3,92.38,4658,5040,2,0,0,115,0,flagged,uptime below 99.00 percent
RNSMA,2024-01-07,240,357,360,357,0,99.17,0,0,0,1,1,1,3,3,92.38,4658,5040,2,0,0,115,0,flagged,uptime below 99.00 percent
RNSMA,2024-01-08,240,356,360,356,0,98.89,0,0,0,1,1,1,3,3,92.38,4658,5040,2,0,0,115,0,flagged,uptime below 99.00 percent
RNSMA,2024-01-09,240,243,360,243,0,67.50,1,0,0,0,0,0,0,3,92.38,4658,5040,2,0,0,115,0,flagged,uptime below 99.00 percent
RNSMA,2024-01-10,240,129,360,128,1,35.56,0,0,0,42,42,1,85,3,92.38,4658,5040,2,0,0,115,0,flagged,uptime below 99.00 percent
RNSMA,2024-01-11,240,352,360,351,1,97.50,1,0,0,0,0,0,0,3,92.38,4658,5040,2,0,0,115,0,flagged,uptime below 99.00 percent
RNSMA,2024-01-12,240,359,360,359,0,99.72,0,0,0,0,0,0,0,3,92.38,4658,5040,2,0,0,115,0,flagged,uptime below 99.00 percent
RNSMA,2024-01-13,240,358,360,358,0,99.44,0,0,0,0,0,0,0,3,92.38,4658,5040,2,0,0,115,0,flagged,uptime below 99.00 percent
RNSMA,2024-01-14,240,357,360,357,0,99.17,0,0,0,0,0,0,0,3,92.38,4658,5040,2,0,0,115,0,flagged,uptime below 99.00 percent
RNSME,2024-01-01,240,358,360,358,0,99.44,0,0,0,2,2,2,6,12,99.01,4992,5040,1,1,0,49,0,flagged,frozen air temperature run
RNSME,2024-01-02,240,359,360,358,1,99.44,0,0,0,0,0,0,0,12,99.01,4992,5040,1,1,0,49,0,flagged,frozen air temperature run
RNSME,2024-01-03,240,360,360,360,0,100.00,0,0,0,2,2,3,7,12,99.01,4992,5040,1,1,0,49,0,flagged,frozen air temperature run
RNSME,2024-01-04,240,358,360,358,0,99.44,0,0,0,2,2,3,7,12,99.01,4992,5040,1,1,0,49,0,flagged,frozen air temperature run
RNSME,2024-01-05,240,360,360,360,0,100.00,0,0,0,0,0,1,1,12,99.01,4992,5040,1,1,0,49,0,flagged,frozen air temperature run
RNSME,2024-01-06,240,357,360,357,0,99.17,0,0,0,0,0,1,1,12,99.01,4992,5040,1,1,0,49,0,flagged,frozen air temperature run
RNSME,2024-01-07,240,358,360,358,0,99.44,0,0,0,1,1,2,4,12,99.01,4992,5040,1,1,0,49,0,flagged,frozen air temperature run
RNSME,2024-01-08,240,358,360,358,0,99.44,0,1,0,1,1,2,4,12,99.01,4992,5040,1,1,0,49,0,flagged,frozen air temperature run
RNSME,2024-01-09,240,359,360,359,0,99.72,0,0,0,1,1,2,4,12,99.01,4992,5040,1,1,0,49,0,flagged,frozen air temperature run
RNSME,2024-01-10,240,329,360,328,1,91.11,1,0,0,0,0,2,2,12,99.01,4992,5040,1,1,0,49,0,flagged,frozen air temperature run
RNSME,2024-01-11,240,360,360,360,0,100.00,0,0,0,1,2,2,5,12,99.01,4992,5040,1,1,0,49,0,flagged,frozen air temperature run
RNSME,2024-01-12,240,359,360,359,0,99.72,0,0,0,1,1,2,4,12,99.01,4992,5040,1,1,0,49,0,flagged,frozen air temperature run
RNSME,2024-01-13,240,359,360,359,0,99.72,0,0,0,0,0,1,1,12,99.01,4992,5040,1,1,0,49,0,flagged,frozen air temperature run
RNSME,2024-01-14,240,358,360,358,0,99.44,0,0,0,1,1,1,3,12,99.01,4992,5040,1,1,0,49,0,flagged,frozen air temperature run
RNSMF,2024-01-01,240,357,360,357,0,99.17,0,0,0,357,357,0,714,20,99.25,5002,5040,0,0,0,10023,0,flagged,air_temperature never reported; relative_humidity never reported
RNSMF,2024-01-02,240,359,360,359,0,99.72,0,0,0,359,359,0,718,20,99.25,5002,5040,0,0,0,10023,0,flagged,air_temperature never reported; relative_humidity never reported
RNSMF,2024-01-03,240,356,360,356,0,98.89,0,0,0,356,356,2,714,20,99.25,5002,5040,0,0,0,10023,0,flagged,air_temperature never reported; relative_humidity never reported
RNSMF,2024-01-04,240,356,360,356,0,98.89,0,0,0,356,356,2,714,20,99.25,5002,5040,0,0,0,10023,0,flagged,air_temperature never reported; relative_humidity never reported
RNSMF,2024-01-05,240,357,360,357,0,99.17,0,0,0,357,357,3,717,20,99.25,5002,5040,0,0,0,10023,0,flagged,air_temperature never reported; relative_humidity never reported
RNSMF,2024-01-06,240,357,360,357,0,99.17,0,0,0,357,357,2,716,20,99.25,5002,5040,0,0,0,10023,0,flagged,air_temperature never reported; relative_humidity never reported
RNSMF,2024-01-07,240,358,360,358,0,99.44,0,0,0,358,358,4,720,20,99.25,5002,5040,0,0,0,10023,0,flagged,air_temperature never reported; relative_humidity never reported
RNSMF,2024-01-08,240,356,360,356,0,98.89,0,0,0,356,356,0,712,20,99.25,5002,5040,0,0,0,10023,0,flagged,air_temperature never reported; relative_humidity never reported
RNSMF,2024-01-09,240,358,360,358,0,99.44,0,0,0,358,358,0,716,20,99.25,5002,5040,0,0,0,10023,0,flagged,air_temperature never reported; relative_humidity never reported
RNSMF,2024-01-10,240,358,360,358,0,99.44,0,0,0,358,358,0,716,20,99.25,5002,5040,0,0,0,10023,0,flagged,air_temperature never reported; relative_humidity never reported
RNSMF,2024-01-11,240,357,360,357,0,99.17,0,0,0,357,357,1,715,20,99.25,5002,5040,0,0,0,10023,0,flagged,air_temperature never reported; relative_humidity never reported
RNSMF,2024-01-12,240,357,360,357,0,99.17,0,0,0,357,357,1,715,20,99.25,5002,5040,0,0,0,10023,0,flagged,air_temperature never reported; relative_humidity never reported
RNSMF,2024-01-13,240,358,360,358,0,99.44,0,0,0,358,358,0,716,20,99.25,5002,5040,0,0,0,10023,0,flagged,air_temperature never reported; relative_humidity never reported
RNSMF,2024-01-14,240,358,360,358,0,99.44,0,0,0,358,358,4,720,20,99.25,5002,5040,0,0,0,10023,0,flagged,air_temperature never reported; relative_humidity never reported
RNSMH,2024-01-01,240,357,360,357,0,99.17,0,0,0,0,0,1,1,23,99.35,5008,5040,0,0,0,27,0,ok,""
RNSMH,2024-01-02,240,357,360,357,0,99.17,0,0,0,0,0,0,0,23,99.35,5008,5040,0,0,0,27,0,ok,""
RNSMH,2024-01-03,240,359,360,359,0,99.72,0,0,0,0,0,1,1,23,99.35,5008,5040,0,0,0,27,0,ok,""
RNSMH,2024-01-04,240,357,360,357,0,99.17,0,0,0,1,1,2,4,23,99.35,5008,5040,0,0,0,27,0,ok,""
RNSMH,2024-01-05,240,357,360,357,0,99.17,0,0,0,0,1,1,2,23,99.35,5008,5040,0,0,0,27,0,ok,""
RNSMH,2024-01-06,240,357,360,357,0,99.17,0,0,0,0,0,1,1,23,99.35,5008,5040,0,0,0,27,0,ok,""
RNSMH,2024-01-07,240,356,360,356,0,98.89,0,0,0,0,0,1,1,23,99.35,5008,5040,0,0,0,27,0,ok,""
RNSMH,2024-01-08,240,357,360,357,0,99.17,0,0,0,0,0,1,1,23,99.35,5008,5040,0,0,0,27,0,ok,""
RNSMH,2024-01-09,240,358,360,358,0,99.44,0,0,0,0,0,1,1,23,99.35,5008,5040,0,0,0,27,0,ok,""
RNSMH,2024-01-10,240,360,360,360,0,100.00,0,0,0,0,0,1,1,23,99.35,5008,5040,0,0,0,27,0,ok,""
RNSMH,2024-01-11,240,360,360,360,0,100.00,0,0,0,2,3,2,7,23,99.35,5008,5040,0,0,0,27,0,ok,""
RNSMH,2024-01-12,240,357,360,356,1,98.89,0,0,0,1,1,1,3,23,99.35,5008,5040,0,0,0,27,0,ok,""
RNSMH,2024-01-13,240,357,360,357,0,99.17,0,0,0,0,0,0,0,23,99.35,5008,5040,0,0,0,27,0,ok,""
RNSMH,2024-01-14,240,359,360,359,0,99.72,0,0,0,1,1,2,4,23,99.35,5008,5040,0,0,0,27,0,ok,""
RNSMO,2024-01-01,240,359,360,359,0,99.72,0,0,0,1,1,1,3,34,99.56,5018,5040,0,0,0,200,0,ok,""
RNSMO,2024-01-02,240,360,360,360,0,100.00,0,0,0,2,2,2,6,34,99.56,5018,5040,0,0,0,200,0,ok,""
RNSMO,2024-01-03,240,357,360,357,0,99.17,0,0,0,2,2,2,6,34,99.56,5018,5040,0,0,0,200,0,ok,""
RNSMO,2024-01-04,240,356,360,356,0,98.89,0,0,0,1,1,1,3,34,99.56,5018,5040,0,0,0,200,0,ok,""
RNSMO,2024-01-05,240,360,360,360,0,100.00,0,0,0,5,5,4,14,34,99.56,5018,5040,0,0,0,200,0,ok,""
RNSMO,2024-01-06,240,357,360,357,0,99.17,0,0,0,1,1,1,3,34,99.56,5018,5040,0,0,0,200,0,ok,""
RNSMO,2024-01-07,240,358,360,358,0,99.44,0,0,0,2,2,1,5,34,99.56,5018,5040,0,0,0,200,0,ok,""
RNSMO,2024-01-08,240,359,360,359,0,99.72,0,0,0,3,3,3,9,34,99.56,5018,5040,0,0,0,200,0,ok,""
RNSMO,2024-01-09,240,358,360,358,0,99.44,0,0,0,1,1,1,3,34,99.56,5018,5040,0,0,0,200,0,ok,""
RNSMO,2024-01-10,240,359,360,359,0,99.72,0,0,0,1,59,1,61,34,99.56,5018,5040,0,0,0,200,0,ok,""
RNSMO,2024-01-11,240,358,360,358,0,99.44,0,0,0,0,38,0,38,34,99.56,5018,5040,0,0,0,200,0,ok,""
RNSMO,2024-01-12,240,358,360,358,0,99.44,0,0,0,2,2,2,6,34,99.56,5018,5040,0,0,0,200,0,ok,""
RNSMO,2024-01-13,240,359,360,359,0,99.72,0,0,0,0,0,0,0,34,99.56,5018,5040,0,0,0,200,0,ok,""
RNSMO,2024-01-14,240,360,360,360,0,100.00,0,0,0,3,36,4,43,34,99.56,5018,5040,0,0,0,200,0,ok,""
RNSMT,2024-01-01,240,358,360,358,0,99.44,0,0,0,3,3,2,8,13,99.03,4992,5040,1,0,0,43,0,ok,""
RNSMT,2024-01-02,240,356,360,356,0,98.89,0,0,0,1,1,1,3,13,99.03,4992,5040,1,0,0,43,0,ok,""
RNSMT,2024-01-03,240,357,360,357,0,99.17,0,0,0,0,0,0,0,13,99.03,4992,5040,1,0,0,43,0,ok,""
RNSMT,2024-01-04,240,354,360,354,0,98.33,0,0,0,0,1,0,1,13,99.03,4992,5040,1,0,0,43,0,ok,""
RNSMT,2024-01-05,240,359,360,359,0,99.72,0,0,0,2,2,2,6,13,99.03,4992,5040,1,0,0,43,0,ok,""
RNSMT,2024-01-06,240,359,360,359,0,99.72,0,0,0,3,3,3,9,13,99.03,4992,5040,1,0,0,43,0,ok,""
RNSMT,2024-01-07,240,357,360,357,0,99.17,0,0,0,1,1,1,3,13,99.03,4992,5040,1,0,0,43,0,ok,""
RNSMT,2024-01-08,240,358,360,358,0,99.44,0,0,0,2,2,2,6,13,99.03,4992,5040,1,0,0,43,0,ok,""
RNSMT,2024-01-09,240,359,360,359,0,99.72,0,0,0,0,1,0,1,13,99.03,4992,5040,1,0,0,43,0,ok,""
RNSMT,2024-01-10,240,342,360,341,1,94.72,1,0,0,2,2,2,6,13,99.03,4992,5040,1,0,0,43,0,ok,""
RNSMT,2024-01-11,240,357,360,357,0,99.17,0,0,0,0,0,0,0,13,99.03,4992,5040,1,0,0,43,0,ok,""
RNSMT,2024-01-12,240,359,360,359,0,99.72,0,0,0,0,0,0,0,13,99.03,4992,5040,1,0,0,43,0,ok,""
RNSMT,2024-01-13,240,359,360,359,0,99.72,0,0,0,0,0,0,0,13,99.03,4992,5040,1,0,0,43,0,ok,""
RNSMT,2024-01-14,240,358,360,358,0,99.44,0,0,0,0,0,0,0,13,99.03,4992,5040,1,0,0,43,0,ok,""
RNSMW,2024-01-01,240,359,360,359,0,99.72,0,0,0,1,1,2,4,11,98.65,4997,5040,6,0,4,62,0,flagged,uptime below 99.00 percent; out-of-range values
RNSMW,2024-01-02,240,358,360,358,0,99.44,0,0,0,2,2,2,6,11,98.65,4997,5040,6,0,4,62,0,flagged,uptime below 99.00 percent; out-of-range values
RNSMW,2024-01-03,240,359,360,359,0,99.72,0,0,0,1,1,1,3,11,98.65,4997,5040,6,0,4,62,0,flagged,uptime below 99.00 percent; out-of-range values
RNSMW,2024-01-04,240,358,360,358,0,99.44,0,0,0,1,1,1,3,11,98.65,4997,5040,6,0,4,62,0,flagged,uptime below 99.00 percent; out-of-range values
RNSMW,2024-01-05,240,360,360,360,0,100.00,0,0,0,0,0,0,0,11,98.65,4997,5040,6,0,4,62,0,flagged,uptime below 99.00 percent; out-of-range values
RNSMW,2024-01-06,240,356,360,356,0,98.89,0,0,0,0,0,0,0,11,98.65,4997,5040,6,0,4,62,0,flagged,uptime below 99.00 percent; out-of-range values
RNSMW,2024-01-07,240,358,360,358,0,99.44,0,0,0,1,1,1,3,11,98.65,4997,5040,6,0,4,62,0,flagged,uptime below 99.00 percent; out-of-range values
RNSMW,2024-01-08,240,358,360,358,0,99.44,0,0,0,2,2,2,6,11,98.65,4997,5040,6,0,4,62,0,flagged,uptime below 99.00 percent; out-of-range values
RNSMW,2024-01-09,240,360,360,360,0,100.00,0,0,0,4,4,3,11,11,98.65,4997,5040,6,0,4,62,0,flagged,uptime below 99.00 percent; out-of-range values
RNSMW,2024-01-10,240,326,360,321,5,89.17,4,0,1,0,0,1,1,11,98.65,4997,5040,6,0,4,62,0,flagged,uptime below 99.00 percent; out-of-range values
RNSMW,2024-01-11,240,364,360,359,5,99.72,0,0,0,2,0,2,4,11,98.65,4997,5040,6,0,4,62,0,flagged,uptime below 99.00 percent; out-of-range values
RNSMW,2024-01-12,240,359,360,359,0,99.72,0,0,0,0,0,0,0,11,98.65,4997,5040,6,0,4,62,0,flagged,uptime below 99.00 percent; out-of-range values
RNSMW,2024-01-13,240,360,360,360,0,100.00,0,0,0,0,0,0,0,11,98.65,4997,5040,6,0,4,62,0,flagged,uptime below 99.00 percent; out-of-range values
RNSMW,2024-01-14,240,362,360,347,15,96.39,2,0,3,3,5,13,21,11,98.65,4997,5040,6,0,4,62,0,flagged,uptime below 99.00 percent; out-of-range values
RNSNS,2024-01-01,240,360,360,360,0,100.00,0,0,0,0,0,0,0,38,99.60,5020,5040,0,0,0,23,0,ok,""
RNSNS,2024-01-02,240,356,360,356,0,98.89,0,0,0,1,1,1,3,38,99.60,5020,5040,0,0,0,23,0,ok,""
RNSNS,2024-01-03,240,359,360,359,0,99.72,0,0,0,2,2,2,6,38,99.60,5020,5040,0,0,0,23,0,ok,""
RNSNS,2024-01-04,240,357,360,357,0,99.17,0,0,0,2,2,1,5,38,99.60,5020,5040,0,0,0,23,0,ok,""
RNSNS,2024-01-05,240,360,360,360,0,100.00,0,0,0,0,0,1,1,38,99.60,5020,5040,0,0,0,23,0,ok,""
RNSNS,2024-01-06,240,356,360,356,0,98.89,0,0,0,0,0,0,0,38,99.60,5020,5040,0,0,0,23,0,ok,""
RNSNS,2024-01-07,240,358,360,358,0,99.44,0,0,0,2,2,2,6,38,99.60,5020,5040,0,0,0,23,0,ok,""
RNSNS,2024-01-08,240,358,360,358,0,99.44,0,0,0,0,0,0,0,38,99.60,5020,5040,0,0,0,23,0,ok,""
RNSNS,2024-01-09,240,360,360,360,0,100.00,0,0,0,0,0,0,0,38,99.60,5020,5040,0,0,0,23,0,ok,""
RNSNS,2024-01-10,240,359,360,359,0,99.72,0,0,0,0,1,0,1,38,99.60,5020,5040,0,0,0,23,0,ok,""
RNSNS,2024-01-11,240,359,360,359,0,99.72,0,0,0,0,0,0,0,38,99.60,5020,5040,0,0,0,23,0,ok,""
RNSNS,2024-01-12,240,359,360,359,0,99.72,0,0,0,0,0,0,0,38,99.60,5020,5040,0,0,0,23,0,ok,""
RNSNS,2024-01-13,240,360,360,360,0,100.00,0,0,0,0,0,0,0,38,99.60,5020,5040,0,0,0,23,0,ok,""
RNSNS,2024-01-14,240,359,360,359,0,99.72,0,0,0,0,1,0,1,38,99.60,5020,5040,0,0,0,23,0,ok,""
RNSON,2024-01-01,240,360,360,360,0,100.00,0,0,0,1,1,2,4,39,99.62,5021,5040,0,0,0,46,0,ok,""
RNSON,2024-01-02,240,355,360,355,0,98.61,0,0,0,0,0,0,0,39,99.62,5021,5040,0,0,0,46,0,ok,""
RNSON,2024-01-03,240,360,360,360,0,100.00,0,0,0,2,2,2,6,39,99.62,5021,5040,0,0,0,46,0,ok,""
RNSON,2024-01-04,240,358,360,358,0,99.44,0,0,0,2,2,2,6,39,99.62,5021,5040,0,0,0,46,0,ok,""
RNSON,2024-01-05,240,360,360,360,0,100.00,0,0,0,2,2,2,6,39,99.62,5021,5040,0,0,0,46,0,ok,""
RNSON,2024-01-06,240,356,360,356,0,98.89,0,0,0,0,0,0,0,39,99.62,5021,5040,0,0,0,46,0,ok,""
RNSON,2024-01-07,240,358,360,358,0,99.44,0,0,0,2,2,2,6,39,99.62,5021,5040,0,0,0,46,0,ok,""
RNSON,2024-01-08,240,358,360,358,0,99.44,0,0,0,2,2,2,6,39,99.62,5021,5040,0,0,0,46,0,ok,""
RNSON,2024-01-09,240,359,360,359,0,99.72,0,0,0,1,1,1,3,39,99.62,5021,5040,0,0,0,46,0,ok,""
RNSON,2024-01-10,240,359,360,359,0,99.72,0,0,0,1,1,1,3,39,99.62,5021,5040,0,0,0,46,0,ok,""
RNSON,2024-01-11,240,359,360,359,0,99.72,0,0,0,0,0,0,0,39,99.62,5021,5040,0,0,0,46,0,ok,""
RNSON,2024-01-12,240,359,360,359,0,99.72,0,0,0,0,0,0,0,39,99.62,5021,5040,0,0,0,46,0,ok,""
RNSON,2024-01-13,240,360,360,360,0,100.00,0,0,0,0,0,0,0,39,99.62,5021,5040,0,0,0,46,0,ok,""
RNSON,2024-01-14,240,360,360,360,0,100.00,0,0,0,2,2,2,6,39,99.62,5021,5040,0,0,0,46,0,ok,""
RNSPB,2024-01-01,240,358,360,358,0,99.44,0,0,0,2,2,2,6,21,99.25,5002,5040,0,0,0,32,0,ok,""
RNSPB,2024-01-02,240,359,360,359,0,99.72,0,0,0,0,1,0,1,21,99.25,5002,5040,0,0,0,32,0,ok,""
RNSPB,2024-01-03,240,355,360,355,0,98.61,0,0,0,1,2,1,4,21,99.25,5002,5040,0,0,0,32,0,ok,""
RNSPB,2024-01-04,240,355,360,355,0,98.61,0,0,0,1,1,0,2,21,99.25,5002,5040,0,0,0,32,0,ok,""
RNSPB,2024-01-05,240,357,360,357,0,99.17,0,0,0,1,1,0,2,21,99.25,5002,5040,0,0,0,32,0,ok,""
RNSPB,2024-01-06,240,358,360,358,0,99.44,0,0,0,0,0,0,0,21,99.25,5002,5040,0,0,0,32,0,ok,""
RNSPB,2024-01-07,240,357,360,357,0,99.17,0,0,0,1,3,0,4,21,99.25,5002,5040,0,0,0,32,0,ok,""
RNSPB,2024-01-08,240,358,360,358,0,99.44,0,0,0,1,1,0,2,21,99.25,5002,5040,0,0,0,32,0,ok,""
RNSPB,2024-01-09,240,357,360,357,0,99.17,0,0,0,1,1,0,2,21,99.25,5002,5040,0,0,0,32,0,ok,""
RNSPB,2024-01-10,240,359,360,359,0,99.72,0,0,0,0,0,0,0,21,99.25,5002,5040,0,0,0,32,0,ok,""
RNSPB,2024-01-11,240,355,360,355,0,98.61,0,0,0,1,1,1,3,21,99.25,5002,5040,0,0,0,32,0,ok,""
RNSPB,2024-01-12,240,358,360,358,0,99.44,0,0,0,0,0,0,0,21,99.25,5002,5040,0,0,0,32,0,ok,""
RNSPB,2024-01-13,240,359,360,359,0,99.72,0,0,0,1,1,0,2,21,99.25,5002,5040,0,0,0,32,0,ok,""
RNSPB,2024-01-14,240,357,360,357,0,99.17,0,0,0,1,2,1,4,21,99.25,5002,5040,0,0,0,32,0,ok,""
RNSPC,2024-01-01,240,358,360,358,0,99.44,0,0,0,3,3,3,9,29,99.48,5015,5040,0,0,0,38,0,ok,""
RNSPC,2024-01-02,240,357,360,357,0,99.17,0,0,0,2,2,2,6,29,99.48,5015,5040,0,0,0,38,0,ok,""
RNSPC,2024-01-03,240,360,360,360,0,100.00,0,0,0,2,2,2,6,29,99.48,5015,5040,0,0,0,38,0,ok,""
RNSPC,2024-01-04,240,355,360,355,0,98.61,0,0,0,0,0,0,0,29,99.48,5015,5040,0,0,0,38,0,ok,""
RNSPC,2024-01-05,240,358,360,358,0,99.44,0,0,0,1,1,1,3,29,99.48,5015,5040,0,0,0,38,0,ok,""
RNSPC,2024-01-06,240,360,360,360,0,100.00,0,0,0,3,3,3,9,29,99.48,5015,5040,0,0,0,38,0,ok,""
RNSPC,2024-01-07,240,357,360,357,0,99.17,0,0,0,0,0,0,0,29,99.48,5015,5040,0,0,0,38,0,ok,""
RNSPC,2024-01-08,240,358,360,358,0,99.44,0,0,0,1,1,1,3,29,99.48,5015,5040,0,0,0,38,0,ok,""
RNSPC,2024-01-09,240,359,360,359,0,99.72,0,0,0,0,0,1,1,29,99.48,5015,5040,0,0,0,38,0,ok,""
RNSPC,2024-01-10,240,358,360,357,1,99.17,0,0,0,0,0,0,0,29,99.48,5015,5040,0,0,0,38,0,ok,""
RNSPC,2024-01-11,240,358,360,358,0,99.44,0,0,0,0,0,0,0,29,99.48,5015,5040,0,0,0,38,0,ok,""
RNSPC,2024-01-12,240,360,360,360,0,100.00,0,0,0,0,0,1,1,29,99.48,5015,5040,0,0,0,38,0,ok,""
RNSPC,2024-01-13,240,359,360,359,0,99.72,0,0,0,0,0,0,0,29,99.48,5015,5040,0,0,0,38,0,ok,""
RNSPC,2024-01-14,240,358,360,358,0,99.44,0,0,0,0,0,0,0,29,99.48,5015,5040,0,0,0,38,0,ok,""
RNSPG,2024-01-01,240,356,360,356,0,98.89,0,0,0,2,2,1,5,25,99.42,5011,5040,0,0,0,40,0,ok,""
RNSPG,2024-01-02,240,357,360,357,0,99.17,0,0,0,1,1,0,2,25,99.42,5011,5040,0,0,0,40,0,ok,""
RNSPG,2024-01-03,240,360,360,360,0,100.00,0,0,0,1,1,0,2,25,99.42,5011,5040,0,0,0,40,0,ok,""
RNSPG,2024-01-04,240,356,360,356,0,98.89,0,0,0,2,2,1,5,25,99.42,5011,5040,0,0,0,40,0,ok,""
RNSPG,2024-01-05,240,358,360,358,0,99.44,0,0,0,4,4,3,11,25,99.42,5011,5040,0,0,0,40,0,ok,""
RNSPG,2024-01-06,240,359,360,359,0,99.72,0,0,0,2,2,1,5,25,99.42,5011,5040,0,0,0,40,0,ok,""
RNSPG,2024-01-07,240,357,360,357,0,99.17,0,0,0,0,0,0,0,25,99.42,5011,5040,0,0,0,40,0,ok,""
RNSPG,2024-01-08,240,357,360,357,0,99.17,0,0,0,2,2,1,5,25,99.42,5011,5040,0,0,0,40,0,ok,""
RNSPG,2024-01-09,240,359,360,359,0,99.72,0,0,0,1,1,1,3,25,99.42,5011,5040,0,0,0,40,0,ok,""
RNSPG,2024-01-10,240,358,360,358,0,99.44,0,0,0,0,0,0,0,25,99.42,5011,5040,0,0,0,40,0,ok,""
RNSPG,2024-01-11,240,358,360,358,0,99.44,0,0,0,1,1,0,2,25,99.42,5011,5040,0,0,0,40,0,ok,""
RNSPG,2024-01-12,240,359,360,359,0,99.72,0,0,0,0,0,0,0,25,99.42,5011,5040,0,0,0,40,0,ok,""
RNSPG,2024-01-13,240,359,360,359,0,99.72,0,0,0,0,0,0,0,25,99.42,5011,5040,0,0,0,40,0,ok,""
RNSPG,2024-01-14,240,358,360,358,0,99.44,0,0,0,0,0,0,0,25,99.42,5011,5040,0,0,0,40,0,ok,""
RNSPU,2024-01-01,240,359,360,359,0,99.72,0,0,0,2,3,2,7,24,99.37,5011,5040,0,0,0,38,0,ok,""
RNSPU,2024-01-02,240,356,360,356,0,98.89,0,0,0,1,1,1,3,24,99.37,5011,5040,0,0,0,38,0,ok,""
RNSPU,2024-01-03,240,358,360,357,1,99.17,0,0,0,2,2,2,6,24,99.37,5011,5040,0,0,0,38,0,ok,""
RNSPU,2024-01-04,240,357,360,357,0,99.17,0,0,0,2,3,2,7,24,99.37,5011,5040,0,0,0,38,0,ok,""
RNSPU,2024-01-05,240,358,360,358,0,99.44,0,0,0,0,0,0,0,24,99.37,5011,5040,0,0,0,38,0,ok,""
RNSPU,2024-01-06,240,359,360,359,0,99.72,0,0,0,1,1,1,3,24,99.37,5011,5040,0,0,0,38,0,ok,""
RNSPU,2024-01-07,240,357,360,356,1,98.89,0,0,0,0,0,0,0,24,99.37,5011,5040,0,0,0,38,0,ok,""
RNSPU,2024-01-08,240,356,360,356,0,98.89,0,0,0,1,1,3,5,24,99.37,5011,5040,0,0,0,38,0,ok,""
RNSPU,2024-01-09,240,359,360,358,1,99.44,0,0,0,1,1,1,3,24,99.37,5011,5040,0,0,0,38,0,ok,""
RNSPU,2024-01-10,240,358,360,358,0,99.44,0,0,0,0,0,0,0,24,99.37,5011,5040,0,0,0,38,0,ok,""
RNSPU,2024-01-11,240,358,360,358,0,99.44,0,0,0,1,1,1,3,24,99.37,5011,5040,0,0,0,38,0,ok,""
RNSPU,2024-01-12,240,359,360,359,0,99.72,0,0,0,0,0,0,0,24,99.37,5011,5040,0,0,0,38,0,ok,""
RNSPU,2024-01-13,240,359,360,359,0,99.72,0,0,0,0,0,1,1,24,99.37,5011,5040,0,0,0,38,0,ok,""
RNSPU,2024-01-14,240,358,360,358,0,99.44,0,0,0,0,0,0,0,24,99.37,5011,5040,0,0,0,38,0,ok,""
RNSRB,2024-01-01,240,360,360,360,0,100.00,0,0,0,3,2,4,9,40,99.62,5021,5040,0,0,0,97,0,ok,""
RNSRB,2024-01-02,240,359,360,359,0,99.72,0,0,0,1,1,3,5,40,99.62,5021,5040,0,0,0,97,0,ok,""
RNSRB,2024-01-03,240,359,360,359,0,99.72,0,0,0,5,6,3,14,40,99.62,5021,5040,0,0,0,97,0,ok,""
RNSRB,2024-01-04,240,357,360,357,0,99.17,0,0,0,7,7,0,14,40,99.62,5021,5040,0,0,0,97,0,ok,""
RNSRB,2024-01-05,240,360,360,360,0,100.00,0,0,0,3,3,4,10,40,99.62,5021,5040,0,0,0,97,0,ok,""
RNSRB,2024-01-06,240,359,360,359,0,99.72,0,0,0,1,2,3,6,40,99.62,5021,5040,0,0,0,97,0,ok,""
RNSRB,2024-01-07,240,358,360,358,0,99.44,0,0,0,0,3,2,5,40,99.62,5021,5040,0,0,0,97,0,ok,""
RNSRB,2024-01-08,240,358,360,358,0,99.44,0,0,0,1,1,0,2,40,99.62,5021,5040,0,0,0,97,0,ok,""
RNSRB,2024-01-09,240,358,360,358,0,99.44,0,0,0,0,0,1,1,40,99.62,5021,5040,0,0,0,97,0,ok,""
RNSRB,2024-01-10,240,357,360,357,0,99.17,0,0,0,1,1,1,3,40,99.62,5021,5040,0,0,0,97,0,ok,""
RNSRB,2024-01-11,240,358,360,358,0,99.44,0,0,0,3,3,1,7,40,99.62,5021,5040,0,0,0,97,0,ok,""
RNSRB,2024-01-12,240,359,360,359,0,99.72,0,0,0,2,1,2,5,40,99.62,5021,5040,0,0,0,97,0,ok,""
RNSRB,2024-01-13,240,359,360,359,0,99.72,0,0,0,1,2,3,6,40,99.62,5021,5040,0,0,0,97,0,ok,""
RNSRB,2024-01-14,240,360,360,360,0,100.00,0,0,0,2,3,5,10,40,99.62,5021,5040,0,0,0,97,0,ok,""
RNSSI,2024-01-01,120,715,720,715,0,99.31,0,0,0,715,715,2,1432,14,99.05,9984,10080,0,0,0,19996,0,flagged,air_temperature never reported; relative_humidity never reported
RNSSI,2024-01-02,120,713,720,713,0,99.03,0,0,0,713,713,1,1427,14,99.05,9984,10080,0,0,0,19996,0,flagged,air_temperature never reported; relative_humidity never reported
RNSSI,2024-01-03,120,713,720,713,0,99.03,0,0,0,713,713,2,1428,14,99.05,9984,10080,0,0,0,19996,0,flagged,air_temperature never reported; relative_humidity never reported
RNSSI,2024-01-04,120,706,720,706,0,98.06,0,0,0,706,706,2,1414,14,99.05,9984,10080,0,0,0,19996,0,flagged,air_temperature never reported; relative_humidity never reported
RNSSI,2024-01-05,120,712,720,712,0,98.89,0,0,0,712,712,0,1424,14,99.05,9984,10080,0,0,0,19996,0,flagged,air_temperature never reported; relative_humidity never reported
RNSSI,2024-01-06,120,715,720,715,0,99.31,0,0,0,715,715,3,1433,14,99.05,9984,10080,0,0,0,19996,0,flagged,air_temperature never reported; relative_humidity never reported
RNSSI,2024-01-07,120,714,720,714,0,99.17,0,0,0,714,714,5,1433,14,99.05,9984,10080,0,0,0,19996,0,flagged,air_temperature never reported; relative_humidity never reported
RNSSI,2024-01-08,120,713,720,713,0,99.03,0,0,0,713,713,2,1428,14,99.05,9984,10080,0,0,0,19996,0,flagged,air_temperature never reported; relative_humidity never reported
RNSSI,2024-01-09,120,712,720,712,0,98.89,0,0,0,712,712,0,1424,14,99.05,9984,10080,0,0,0,19996,0,flagged,air_temperature never reported; relative_humidity never reported
RNSSI,2024-01-10,120,711,720,711,0,98.75,0,0,0,711,711,1,1423,14,99.05,9984,10080,0,0,0,19996,0,flagged,air_temperature never reported; relative_humidity never reported
RNSSI,2024-01-11,120,712,720,712,0,98.89,0,0,0,712,712,1,1425,14,99.05,9984,10080,0,0,0,19996,0,flagged,air_temperature never reported; relative_humidity never reported
RNSSI,2024-01-12,120,717,720,717,0,99.58,0,0,0,717,717,2,1436,14,99.05,9984,10080,0,0,0,19996,0,flagged,air_temperature never reported; relative_humidity never reported
RNSSI,2024-01-13,120,716,720,716,0,99.44,0,0,0,716,716,2,1434,14,99.05,9984,10080,0,0,0,19996,0,flagged,air_temperature never reported; relative_humidity never reported
RNSSI,2024-01-14,120,715,720,715,0,99.31,0,0,0,715,715,5,1435,14,99.05,9984,10080,0,0,0,19996,0,flagged,air_temperature never reported; relative_humidity never reported
RNSSP,2024-01-01,240,358,360,358,0,99.44,0,0,0,1,2,2,5,42,99.64,5022,5040,0,0,0,45,0,ok,""
RNSSP,2024-01-02,240,360,360,360,0,100.00,0,0,0,0,0,2,2,42,99.64,5022,5040,0,0,0,45,0,ok,""
RNSSP,2024-01-03,240,360,360,360,0,100.00,0,0,0,0,1,1,2,42,99.64,5022,5040,0,0,0,45,0,ok,""
RNSSP,2024-01-04,240,358,360,358,0,99.44,0,0,0,1,1,2,4,42,99.64,5022,5040,0,0,0,45,0,ok,""
RNSSP,2024-01-05,240,358,360,358,0,99.44,0,0,0,2,1,1,4,42,99.64,5022,5040,0,0,0,45,0,ok,""
RNSSP,2024-01-06,240,356,360,356,0,98.89,0,0,0,0,0,0,0,42,99.64,5022,5040,0,0,0,45,0,ok,""
RNSSP,2024-01-07,240,358,360,358,0,99.44,0,0,0,1,1,1,3,42,99.64,5022,5040,0,0,0,45,0,ok,""
RNSSP,2024-01-08,240,358,360,358,0,99.44,0,0,0,2,2,2,6,42,99.64,5022,5040,0,0,0,45,0,ok,""
RNSSP,2024-01-09,240,359,360,359,0,99.72,0,0,0,0,1,2,3,42,99.64,5022,5040,0,0,0,45,0,ok,""
RNSSP,2024-01-10,240,360,360,360,0,100.00,0,0,0,0,0,1,1,42,99.64,5022,5040,0,0,0,45,0,ok,""
RNSSP,2024-01-11,240,359,360,359,0,99.72,0,0,0,2,3,2,7,42,99.64,5022,5040,0,0,0,45,0,ok,""
RNSSP,2024-01-12,240,359,360,359,0,99.72,0,0,0,0,0,2,2,42,99.64,5022,5040,0,0,0,45,0,ok,""
RNSSP,2024-01-13,240,360,360,360,0,100.00,0,0,0,0,0,3,3,42,99.64,5022,5040,0,0,0,45,0,ok,""
RNSSP,2024-01-14,240,359,360,359,0,99.72,0,0,0,0,1,2,3,42,99.64,5022,5040,0,0,0,45,0,ok,""
RNSTN,2024-01-01,240,359,360,359,0,99.72,0,0,0,2,2,2,6,26,99.42,5012,5040,0,1,0,44,0,flagged,frozen air temperature run
RNSTN,2024-01-02,240,356,360,356,0,98.89,0,1,0,1,1,0,2,26,99.42,5012,5040,0,1,0,44,0,flagged,frozen air temperature run
RNSTN,2024-01-03,240,359,360,359,0,99.72,0,0,0,0,0,0,0,26,99.42,5012,5040,0,1,0,44,0,flagged,frozen air temperature run
RNSTN,2024-01-04,240,355,360,355,0,98.61,0,0,0,1,1,1,3,26,99.42,5012,5040,0,1,0,44,0,flagged,frozen air temperature run
RNSTN,2024-01-05,240,358,360,358,0,99.44,0,0,0,3,4,4,11,26,99.42,5012,5040,0,1,0,44,0,flagged,frozen air temperature run
RNSTN,2024-01-06,240,359,360,359,0,99.72,0,0,0,1,1,1,3,26,99.42,5012,5040,0,1,0,44,0,flagged,frozen air temperature run
RNSTN,2024-01-07,240,358,360,358,0,99.44,0,0,0,2,2,1,5,26,99.42,5012,5040,0,1,0,44,0,flagged,frozen air temperature run
RNSTN,2024-01-08,240,357,360,357,0,99.17,0,0,0,1,1,2,4,26,99.42,5012,5040,0,1,0,44,0,flagged,frozen air temperature run
RNSTN,2024-01-09,240,359,360,359,0,99.72,0,0,0,0,0,1,1,26,99.42,5012,5040,0,1,0,44,0,flagged,frozen air temperature run
RNSTN,2024-01-10,240,359,360,358,1,99.44,0,0,0,0,1,0,1,26,99.42,5012,5040,0,1,0,44,0,flagged,frozen air temperature run
RNSTN,2024-01-11,240,358,360,358,0,99.44,0,0,0,0,0,0,0,26,99.42,5012,5040,0,1,0,44,0,flagged,frozen air temperature run
RNSTN,2024-01-12,240,359,360,359,0,99.72,0,0,0,0,0,0,0,26,99.42,5012,5040,0,1,0,44,0,flagged,frozen air temperature run
RNSTN,2024-01-13,240,359,360,359,0,99.72,0,0,0,1,1,4,6,26,99.42,5012,5040,0,1,0,44,0,flagged,frozen air temperature run
RNSTN,2024-01-14,240,357,360,357,0,99.17,0,0,0,0,0,2,2,26,99.42,5012,5040,0,1,0,44,0,flagged,frozen air temperature run
RNSTR,2024-01-01,240,364,360,357,7,99.17,0,0,0,2,2,8,12,5,94.72,4852,5040,3,0,0,202,0,flagged,uptime below 99.00 percent
RNSTR,2024-01-02,240,365,360,358,7,99.44,0,0,0,2,2,1,5,5,94.72,4852,5040,3,0,0,202,0,flagged,uptime below 99.00 percent
RNSTR,2024-01-03,240,363,360,352,11,97.78,0,0,0,9,6,7,22,5,94.72,4852,5040,3,0,0,202,0,flagged,uptime below 99.00 percent
RNSTR,2024-01-04,240,363,360,358,5,99.44,0,0,0,5,6,4,15,5,94.72,4852,5040,3,0,0,202,0,flagged,uptime below 99.00 percent
RNSTR,2024-01-05,240,362,360,360,2,100.00,0,0,0,4,4,9,17,5,94.72,4852,5040,3,0,0,202,0,flagged,uptime below 99.00 percent
RNSTR,2024-01-06,240,362,360,357,5,99.17,0,0,0,8,7,8,23,5,94.72,4852,5040,3,0,0,202,0,flagged,uptime below 99.00 percent
RNSTR,2024-01-07,240,363,360,349,14,96.94,0,0,0,5,5,9,19,5,94.72,4852,5040,3,0,0,202,0,flagged,uptime below 99.00 percent
RNSTR,2024-01-08,240,360,360,355,5,98.61,0,0,0,4,3,5,12,5,94.72,4852,5040,3,0,0,202,0,flagged,uptime below 99.00 percent
RNSTR,2024-01-09,240,359,360,357,2,99.17,0,0,0,3,3,5,11,5,94.72,4852,5040,3,0,0,202,0,flagged,uptime below 99.00 percent
RNSTR,2024-01-10,240,275,360,267,8,74.17,1,0,0,2,2,14,18,5,94.72,4852,5040,3,0,0,202,0,flagged,uptime below 99.00 percent
RNSTR,2024-01-11,240,358,360,357,1,99.17,0,0,0,2,6,3,11,5,94.72,4852,5040,3,0,0,202,0,flagged,uptime below 99.00 percent
RNSTR,2024-01-12,240,360,360,360,0,100.00,0,0,0,3,3,0,6,5,94.72,4852,5040,3,0,0,202,0,flagged,uptime below 99.00 percent
RNSTR,2024-01-13,240,343,360,336,7,93.33,2,0,0,6,4,10,20,5,94.72,4852,5040,3,0,0,202,0,flagged,uptime below 99.00 percent
RNSTR,2024-01-14,240,255,360,251,4,69.72,0,0,0,4,2,5,11,5,94.72,4852,5040,3,0,0,202,0,flagged,uptime below 99.00 percent
RNSVI,2024-01-01,240,360,360,360,0,100.00,0,0,0,0,0,0,0,32,99.50,5022,5040,0,0,0,26,0,ok,""
RNSVI,2024-01-02,240,355,360,355,0,98.61,0,0,0,0,0,0,0,32,99.50,5022,5040,0,0,0,26,0,ok,""
RNSVI,2024-01-03,240,359,360,359,0,99.72,0,0,0,1,1,1,3,32,99.50,5022,5040,0,0,0,26,0,ok,""
RNSVI,2024-01-04,240,359,360,359,0,99.72,0,0,0,1,1,1,3,32,99.50,5022,5040,0,0,0,26,0,ok,""
RNSVI,2024-01-05,240,360,360,360,0,100.00,0,0,0,0,0,0,0,32,99.50,5022,5040,0,0,0,26,0,ok,""
RNSVI,2024-01-06,240,356,360,356,0,98.89,0,0,0,1,1,0,2,32,99.50,5022,5040,0,0,0,26,0,ok,""
RNSVI,2024-01-07,240,358,360,358,0,99.44,0,0,0,1,1,0,2,32,99.50,5022,5040,0,0,0,26,0,ok,""
RNSVI,2024-01-08,240,358,360,358,0,99.44,0,0,0,0,0,0,0,32,99.50,5022,5040,0,0,0,26,0,ok,""
RNSVI,2024-01-09,240,360,360,360,0,100.00,0,0,0,1,2,1,4,32,99.50,5022,5040,0,0,0,26,0,ok,""
RNSVI,2024-01-10,240,359,360,355,4,98.61,0,0,0,3,1,1,5,32,99.50,5022,5040,0,0,0,26,0,ok,""
RNSVI,2024-01-11,240,360,360,359,1,99.72,0,0,0,1,1,1,3,32,99.50,5022,5040,0,0,0,26,0,ok,""
RNSVI,2024-01-12,240,359,360,357,2,99.17,0,0,0,1,1,1,3,32,99.50,5022,5040,0,0,0,26,0,ok,""
RNSVI,2024-01-13,240,360,360,360,0,100.00,0,0,0,1,0,0,1,32,99.50,5022,5040,0,0,0,26,0,ok,""
RNSVI,2024-01-14,240,359,360,359,0,99.72,0,0,0,0,0,0,0,32,99.50,5022,5040,0,0,0,26,0,ok,""
RNSWA,2024-01-01,240,346,360,329,17,91.39,0,0,0,1,1,11,13,2,90.93,4884,5040,4,0,0,321,0,flagged,uptime below 99.00 percent
RNSWA,2024-01-02,240,349,360,330,19,91.67,0,0,0,3,3,14,20,2,90.93,4884,5040,4,0,0,321,0,flagged,uptime below 99.00 percent
RNSWA,2024-01-03,240,352,360,329,23,91.39,0,0,0,2,2,12,16,2,90.93,4884,5040,4,0,0,321,0,flagged,uptime below 99.00 percent
RNSWA,2024-01-04,240,347,360,324,23,90.00,0,0,0,7,6,18,31,2,90.93,4884,5040,4,0,0,321,0,flagged,uptime below 99.00 percent
RNSWA,2024-01-05,240,346,360,322,24,89.44,1,0,0,1,1,15,17,2,90.93,4884,5040,4,0,0,321,0,flagged,uptime below 99.00 percent
RNSWA,2024-01-06,240,357,360,333,24,92.50,0,0,0,4,3,25,32,2,90.93,4884,5040,4,0,0,321,0,flagged,uptime below 99.00 percent
RNSWA,2024-01-07,240,334,360,307,27,85.28,1,0,0,2,2,17,21,2,90.93,4884,5040,4,0,0,321,0,flagged,uptime below 99.00 percent
RNSWA,2024-01-08,240,346,360,319,27,88.61,0,0,0,8,7,25,40,2,90.93,4884,5040,4,0,0,321,0,flagged,uptime below 99.00 percent
RNSWA,2024-01-09,240,352,360,329,23,91.39,1,0,0,1,1,21,23,2,90.93,4884,5040,4,0,0,321,0,flagged,uptime below 99.00 percent
RNSWA,2024-01-10,240,354,360,327,27,90.83,0,0,0,4,4,25,33,2,90.93,4884,5040,4,0,0,321,0,flagged,uptime below 99.00 percent
RNSWA,2024-01-11,240,354,360,337,17,93.61,0,0,0,1,1,20,22,2,90.93,4884,5040,4,0,0,321,0,flagged,uptime below 99.00 percent
RNSWA,2024-01-12,240,345,360,331,14,91.94,1,0,0,2,2,15,19,2,90.93,4884,5040,4,0,0,321,0,flagged,uptime below 99.00 percent
RNSWA,2024-01-13,240,353,360,334,19,92.78,0,0,0,1,1,7,9,2,90.93,4884,5040,4,0,0,321,0,flagged,uptime below 99.00 percent
RNSWA,2024-01-14,240,349,360,332,17,92.22,0,0,0,3,3,19,25,2,90.93,4884,5040,4,0,0,321,0,flagged,uptime below 99.00 percent
RNSWE,2024-01-01,240,357,360,357,0,99.17,0,0,0,0,1,3,4,41,99.62,5026,5040,0,0,0,50,0,ok,""
RNSWE,2024-01-02,240,361,360,360,1,100.00,0,0,0,2,2,3,7,41,99.62,5026,5040,0,0,0,50,0,ok,""
RNSWE,2024-01-03,240,360,360,360,0,100.00,0,0,0,2,0,2,4,41,99.62,5026,5040,0,0,0,50,0,ok,""
RNSWE,2024-01-04,240,358,360,358,0,99.44,0,0,0,1,1,2,4,41,99.62,5026,5040,0,0,0,50,0,ok,""
RNSWE,2024-01-05,240,360,360,360,0,100.00,0,0,0,1,1,1,3,41,99.62,5026,5040,0,0,0,50,0,ok,""
RNSWE,2024-01-06,240,357,360,357,0,99.17,0,0,0,0,0,1,1,41,99.62,5026,5040,0,0,0,50,0,ok,""
RNSWE,2024-01-07,240,358,360,358,0,99.44,0,0,0,1,1,2,4,41,99.62,5026,5040,0,0,0,50,0,ok,""
RNSWE,2024-01-08,240,359,360,359,0,99.72,0,0,0,3,3,2,8,41,99.62,5026,5040,0,0,0,50,0,ok,""
RNSWE,2024-01-09,240,359,360,359,0,99.72,0,0,0,1,1,1,3,41,99.62,5026,5040,0,0,0,50,0,ok,""
RNSWE,2024-01-10,240,361,360,360,1,100.00,0,0,0,1,1,0,2,41,99.62,5026,5040,0,0,0,50,0,ok,""
RNSWE,2024-01-11,240,359,360,359,0,99.72,0,0,0,0,1,3,4,41,99.62,5026,5040,0,0,0,50,0,ok,""
RNSWE,2024-01-12,240,359,360,358,1,99.44,0,0,0,0,1,1,2,41,99.62,5026,5040,0,0,0,50,0,ok,""
RNSWE,2024-01-13,240,359,360,358,1,99.44,0,0,0,1,1,0,2,41,99.62,5026,5040,0,0,0,50,0,ok,""
RNSWE,2024-01-14,240,359,360,358,1,99.44,0,0,0,0,1,1,2,41,99.62,5026,5040,0,0,0,50,0,ok,""
RNSWM,2024-01-01,600,141,144,141,0,97.92,0,0,0,0,0,0,0,8,97.77,1973,2016,0,0,0,15,0,flagged,uptime below 99.00 percent
RNSWM,2024-01-02,600,143,144,143,0,99.31,0,0,0,1,1,1,3,8,97.77,1973,2016,0,0,0,15,0,flagged,uptime below 99.00 percent
RNSWM,2024-01-03,600,138,144,138,0,95.83,0,0,0,0,0,0,0,8,97.77,1973,2016,0,0,0,15,0,flagged,uptime below 99.00 percent
RNSWM,2024-01-04,600,140,144,140,0,97.22,0,0,0,0,0,0,0,8,97.77,1973,2016,0,0,0,15,0,flagged,uptime below 99.00 percent
RNSWM,2024-01-05,600,141,144,141,0,97.92,0,0,0,0,0,0,0,8,97.77,1973,2016,0,0,0,15,0,flagged,uptime below 99.00 percent
RNSWM,2024-01-06,600,141,144,141,0,97.92,0,0,0,0,0,0,0,8,97.77,1973,2016,0,0,0,15,0,flagged,uptime below 99.00 percent
RNSWM,2024-01-07,600,141,144,141,0,97.92,0,0,0,1,1,1,3,8,97.77,1973,2016,0,0,0,15,0,flagged,uptime below 99.00 percent
RNSWM,2024-01-08,600,141,144,141,0,97.92,0,0,0,1,1,1,3,8,97.77,1973,2016,0,0,0,15,0,flagged,uptime below 99.00 percent
RNSWM,2024-01-09,600,144,144,144,0,100.00,0,0,0,0,0,0,0,8,97.77,1973,2016,0,0,0,15,0,flagged,uptime below 99.00 percent
RNSWM,2024-01-10,600,138,144,138,0,95.83,0,0,0,0,0,0,0,8,97.77,1973,2016,0,0,0,15,0,flagged,uptime below 99.00 percent
RNSWM,2024-01-11,600,140,144,139,1,96.53,0,0,0,0,0,1,1,8,97.77,1973,2016,0,0,0,15,0,flagged,uptime below 99.00 percent
RNSWM,2024-01-12,600,143,144,143,0,99.31,0,0,0,0,0,0,0,8,97.77,1973,2016,0,0,0,15,0,flagged,uptime below 99.00 percent
RNSWM,2024-01-13,600,141,144,141,0,97.92,0,0,0,0,0,1,1,8,97.77,1973,2016,0,0,0,15,0,flagged,uptime below 99.00 percent
RNSWM,2024-01-14,600,141,144,140,1,97.22,0,0,0,1,1,2,4,8,97.77,1973,2016,0,0,0,15,0,flagged,uptime below 99.00 percent
RNSYA,2024-01-01,240,358,360,357,1,99.17,0,0,0,1,1,0,2,35,99.56,5023,5040,0,0,0,65,0,ok,""
RNSYA,2024-01-02,240,360,360,360,0,100.00,0,0,0,1,1,1,3,35,99.56,5023,5040,0,0,0,65,0,ok,""
RNSYA,2024-01-03,240,360,360,360,0,100.00,0,0,0,2,2,2,6,35,99.56,5023,5040,0,0,0,65,0,ok,""
RNSYA,2024-01-04,240,358,360,357,1,99.17,0,0,0,1,2,5,8,35,99.56,5023,5040,0,0,0,65,0,ok,""
RNSYA,2024-01-05,240,360,360,360,0,100.00,0,0,0,0,0,3,3,35,99.56,5023,5040,0,0,0,65,0,ok,""
RNSYA,2024-01-06,240,358,360,358,0,99.44,0,0,0,2,2,2,6,35,99.56,5023,5040,0,0,0,65,0,ok,""
RNSYA,2024-01-07,240,357,360,356,1,98.89,0,0,0,3,3,1,7,35,99.56,5023,5040,0,0,0,65,0,ok,""
RNSYA,2024-01-08,240,358,360,357,1,99.17,0,0,0,6,4,3,13,35,99.56,5023,5040,0,0,0,65,0,ok,""
RNSYA,2024-01-09,240,358,360,358,0,99.44,0,0,0,3,1,2,6,35,99.56,5023,5040,0,0,0,65,0,ok,""
RNSYA,2024-01-10,240,360,360,360,0,100.00,0,0,0,0,0,0,0,35,99.56,5023,5040,0,0,0,65,0,ok,""
RNSYA,2024-01-11,240,360,360,360,0,100.00,0,0,0,2,3,1,6,35,99.56,5023,5040,0,0,0,65,0,ok,""
RNSYA,2024-01-12,240,359,360,359,0,99.72,0,0,0,1,1,1,3,35,99.56,5023,5040,0,0,0,65,0,ok,""
RNSYA,2024-01-13,240,359,360,359,0,99.72,0,0,0,0,0,0,0,35,99.56,5023,5040,0,0,0,65,0,ok,""
RNSYA,2024-01-14,240,358,360,357,1,99.17,0,0,0,1,1,0,2,35,99.56,5023,5040,0,0,0,65,0,ok,""
