community_mix_rank,community,classes,total_area,dominant_class,largest_class_share,mix_index
1,BEDFORD,8,22.3564,Other,30.59,69.41
2,HALIFAX,7,39.6522,Residential,32.40,67.60
3,LOWER SACKVILLE,7,9.4431,Residential,33.21,66.79
4,WAVERLEY,7,22.5687,Rural and Resource,35.94,64.06
5,EASTERN PASSAGE,8,10.6437,Rural and Resource,37.53,62.47
6,DARTMOUTH,8,32.5885,Industrial,38.33,61.67
7,HARRIETSFIELD,7,12.2381,Residential,38.35,61.65
8,MIDDLE SACKVILLE,7,15.3103,Residential,38.89,61.11
8,WILLIAMSWOOD,5,12.7649,Residential,38.89,61.11
9,BAYSIDE,7,4.6959,Residential,39.63,60.37
10,TIMBERLEA,7,14.5063,Park and Open Space,39.68,60.32
11,UPPER SACKVILLE,7,11.4417,Mixed Use,41.36,58.64
12,HUBBARDS,5,2.5120,Mixed Use,43.38,56.62
13,ENFIELD,4,9.8444,Residential,44.08,55.92
14,UPPER TANTALLON,5,13.4383,Residential,44.20,55.80
15,HAMMONDS PLAINS,7,36.5048,Rural and Resource,44.91,55.09
16,LOWER EAST CHEZZETCOOK,3,7.1533,Residential,45.07,54.93
17,WESTPHAL,8,5.3523,Residential,45.40,54.60
18,GLEN MARGARET,4,33.8352,Park and Open Space,48.45,51.55
19,KETCH HARBOUR,5,5.8047,Rural and Resource,48.60,51.40
20,GOFFS,5,48.4302,Park and Open Space,49.01,50.99
21,COLE HARBOUR,7,9.1343,Residential,50.45,49.55
22,WEST PORTERS LAKE,3,1.6147,Rural and Resource,50.83,49.17
23,POPES HARBOUR,2,4.4216,Rural and Resource,51.41,48.59
24,UPPER MUSQUODOBOIT,3,7.5319,Other,51.46,48.54
25,SAMBRO HEAD,2,1.8715,Rural and Resource,51.76,48.24
26,LAKE ECHO,5,8.6650,Residential,52.96,47.04
27,PORTERS LAKE,6,82.0386,Rural and Resource,53.68,46.32
28,WEST JEDDORE,2,12.4233,Mixed Use,53.80,46.20
29,BEECHVILLE,6,6.8944,Other,54.49,45.51
30,LEWIS LAKE,3,1.5597,Residential,56.45,43.55
31,HACKETTS COVE,4,1.7460,Mixed Use,56.69,43.31
32,LAKE LOON,5,2.6661,Residential,56.70,43.30
33,HERRING COVE,5,5.9312,Park and Open Space,56.92,43.08
34,PORT DUFFERIN,2,0.3578,Park and Open Space,57.00,43.00
35,SHAD BAY,6,1.9497,Rural and Resource,58.12,41.88
36,BLIND BAY,4,7.9730,Rural and Resource,58.31,41.69
37,PROSPECT,6,4.0595,Rural and Resource,58.42,41.58
38,BEAVER BANK,8,57.6659,Rural and Resource,58.63,41.37
39,OSTREA LAKE,2,3.9532,Park and Open Space,60.16,39.84
40,STILLWATER LAKE,4,2.8594,Residential,60.43,39.57
41,SEABRIGHT,3,3.3105,Mixed Use,61.59,38.41
42,HEAD OF ST MARGARETS BAY,5,10.1799,Mixed Use,61.69,38.31
43,PLEASANT HARBOUR,2,2.8184,Rural and Resource,61.92,38.08
44,EAST DOVER,4,2.2193,Rural and Resource,61.96,38.04
45,UPPER HAMMONDS PLAINS,3,26.3189,Park and Open Space,61.98,38.02
46,FALL RIVER,6,20.0334,Residential,62.08,37.92
47,GAETZ BROOK,4,6.8976,Rural and Resource,62.11,37.89
48,MUSQUODOBOIT HARBOUR,5,53.4277,Park and Open Space,62.58,37.42
49,EAST PRESTON,4,42.0105,Park and Open Space,63.03,36.97
50,SPRY BAY,2,8.9143,Park and Open Space,63.25,36.75
51,FERGUSONS COVE,3,0.8248,Residential,63.41,36.59
52,WHITES LAKE,7,11.3924,Residential,63.89,36.11
53,GRAND LAKE,5,2.4658,Residential,63.95,36.05
54,CLAM HARBOUR,2,1.8402,Park and Open Space,64.14,35.86
55,COW BAY,4,6.9732,Rural and Resource,64.40,35.60
56,WINDSOR JUNCTION,7,4.5064,Residential,65.79,34.21
57,LAKE CHARLOTTE,3,19.3783,Mixed Use,65.98,34.02
58,OTTER LAKE,3,14.0780,Park and Open Space,66.76,33.24
59,WEST DOVER,6,4.1393,Rural and Resource,67.44,32.56
60,MITCHELL BAY,2,1.7331,Park and Open Space,67.54,32.46
61,SOUTHWEST COVE,2,2.4134,Park and Open Space,67.55,32.45
62,GOODWOOD,6,13.5913,Park and Open Space,68.37,31.63
63,FLETCHERS LAKE,5,0.9783,Residential,68.51,31.49
64,BOUTILIERS POINT,4,2.1405,Rural and Resource,68.52,31.48
65,SAMBRO,5,2.5662,Park and Open Space,69.44,30.56
66,OLDHAM,3,8.0200,Rural and Resource,69.55,30.45
67,EAST PENNANT,3,0.8144,Rural and Resource,70.51,29.49
68,OAKFIELD,4,4.9539,Residential,72.92,27.08
69,MIDDLE MUSQUODOBOIT,4,14.8907,Mixed Use,73.40,26.60
70,KINSAC,2,0.1734,Mixed Use,75.27,24.73
71,TERENCE BAY,7,24.5086,Park and Open Space,75.67,24.33
72,EAST PETPESWICK,3,17.5188,Mixed Use,77.21,22.79
73,SHEARWATER,4,3.7413,Mixed Use,77.89,22.11
74,PROSPECT BAY,7,2.5772,Rural and Resource,78.37,21.63
75,ECUM SECUM WEST,2,0.4982,Rural and Resource,78.48,21.52
76,MONTAGUE GOLD MINES,4,8.2789,Park and Open Space,78.59,21.41
77,LITTLE HARBOUR,3,5.0694,Mixed Use,78.92,21.08
78,BIG LAKE,4,3.8522,Park and Open Space,78.98,21.02
79,LAWRENCETOWN,5,16.1342,Rural and Resource,79.23,20.77
80,CHERRY BROOK,2,0.0306,Institutional,79.69,20.31
81,SHEET HARBOUR,4,23.2298,Rural and Resource,79.71,20.29
82,SAMBRO CREEK,2,3.8289,Park and Open Space,81.08,18.92
83,DUNCANS COVE,4,2.8209,Park and Open Space,82.16,17.84
84,BALD ROCK,2,2.2631,Rural and Resource,82.34,17.66
85,MUSHABOOM,2,2.4725,Rural and Resource,82.48,17.52
86,BROOKSIDE,5,3.7199,Residential,83.61,16.39
87,HUBLEY,5,38.8288,Park and Open Space,84.20,15.80
88,DUTCH SETTLEMENT,2,50.5467,Mixed Use,84.79,15.21
89,LOWER PROSPECT,3,0.7101,Park and Open Space,84.84,15.16
90,LAKEVIEW,5,0.5808,Residential,85.02,14.98
91,SALMON RIVER BRIDGE,2,0.8203,Park and Open Space,85.09,14.91
92,WEST PETPESWICK,2,7.1923,Mixed Use,85.24,14.76
93,EAST JEDDORE,2,23.3294,Mixed Use,86.10,13.90
94,MURPHY COVE,2,32.9393,Rural and Resource,86.57,13.43
95,HATCHET LAKE,7,26.5560,Park and Open Space,87.15,12.85
96,MINEVILLE,3,16.8317,Rural and Resource,87.26,12.74
97,LAKESIDE,5,0.3692,Residential,87.37,12.63
98,WYSES CORNER,2,59.5746,Mixed Use,87.83,12.17
99,CLAM BAY,2,2.6646,Mixed Use,88.09,11.91
99,LUCASVILLE,4,10.0242,Mixed Use,88.09,11.91
100,THREE FATHOM HARBOUR,3,2.0359,Rural and Resource,88.43,11.57
101,HALIBUT BAY,2,14.5981,Park and Open Space,88.74,11.26
102,NORTH PRESTON,4,33.0189,Park and Open Space,88.83,11.17
103,TANTALLON,2,5.2600,Rural and Resource,89.43,10.57
104,SHEET HARBOUR PASSAGE,2,1.1877,Park and Open Space,90.22,9.78
104,WEST PENNANT,2,3.1924,Rural and Resource,90.22,9.78
105,ANTRIM,2,10.3428,Mixed Use,90.79,9.21
106,GLEN HAVEN,2,14.4621,Rural and Resource,90.83,9.17
107,HARRIGAN COVE,2,2.4820,Rural and Resource,91.15,8.85
108,EAST LAWRENCETOWN,2,8.4642,Rural and Resource,93.71,6.29
109,GREENWOOD,2,2.9167,Mixed Use,93.80,6.20
110,MOOSEHEAD,2,1.4633,Rural and Resource,94.24,5.76
111,TANGIER,2,10.9545,Rural and Resource,94.38,5.62
112,WEST CHEZZETCOOK,2,8.5988,Rural and Resource,94.98,5.02
113,INDIAN HARBOUR,4,6.9036,Mixed Use,95.28,4.72
114,BEECH HILL,2,0.2083,Park and Open Space,95.29,4.71
115,CONROD SETTLEMENT,3,34.7843,Rural and Resource,95.34,4.66
116,SHIP HARBOUR,3,5.4988,Mixed Use,95.43,4.57
117,DEBAIES COVE,2,2.0716,Mixed Use,95.49,4.51
118,HEAD OF CHEZZETCOOK,2,0.7318,Rural and Resource,95.75,4.25
119,ELDERBANK,2,5.7973,Mixed Use,95.92,4.08
120,INGRAMPORT,3,163.9779,Rural and Resource,96.67,3.33
121,LOCHABER MINES,2,23.6934,Rural and Resource,96.71,3.29
121,MEAGHERS GRANT,3,194.9087,Mixed Use,96.71,3.29
122,EAST CHEZZETCOOK,2,11.4311,Rural and Resource,97.26,2.74
123,WELLINGTON,5,27.5020,Rural and Resource,97.47,2.53
124,DEAN,2,23.6212,Mixed Use,98.19,1.81
124,MCGRATHS COVE,2,0.2818,Rural and Resource,98.19,1.81
125,QUEENSLAND,3,2.4029,Mixed Use,98.20,1.80
126,GRAND DESERT,3,5.3167,Rural and Resource,98.44,1.56
127,BLACK POINT,2,0.3251,Mixed Use,98.77,1.23
128,SOBER ISLAND,2,3.7733,Rural and Resource,98.89,1.11
129,EAST SHIP HARBOUR,2,117.3589,Park and Open Space,99.29,0.71
130,PORTUGUESE COVE,4,1.4969,Residential,99.30,0.70
131,RIVER LAKE,2,218.2809,Rural and Resource,99.67,0.33
132,MURCHYVILLE,2,167.1501,Mixed Use,99.71,0.29
133,BROOKVALE,2,11.3522,Mixed Use,99.77,0.23
134,MOSER RIVER,2,300.8632,Rural and Resource,99.84,0.16
135,DEVON,2,12.2733,Park and Open Space,99.89,0.11
136,THIRD LAKE,2,0.7507,Rural and Resource,99.95,0.05
137,BEAR COVE,1,5.8402,Rural and Resource,100.00,0.00
137,BEAVER HARBOUR,1,0.0645,Rural and Resource,100.00,0.00
137,CARIBOU MINES,1,131.9478,Mixed Use,100.00,0.00
137,CHASWOOD,1,16.1764,Mixed Use,100.00,0.00
137,DEVILS ISLAND,1,0.0749,Rural and Resource,100.00,0.00
137,EAST QUODDY,1,1.6364,Rural and Resource,100.00,0.00
137,ECUM SECUM,1,0.0729,Rural and Resource,100.00,0.00
137,ELMSVALE,1,41.1251,Mixed Use,100.00,0.00
137,FRENCH VILLAGE,1,2.1290,Mixed Use,100.00,0.00
137,GOVERNOR LAKE,1,2.1289,Park and Open Space,100.00,0.00
137,HARTLIN SETTLEMENT,1,0.1089,Mixed Use,100.00,0.00
137,HEAD OF JEDDORE,1,15.8262,Mixed Use,100.00,0.00
137,HIGGINSVILLE,1,0.0004,Mixed Use,100.00,0.00
137,LAKE EGMONT,1,117.6747,Mixed Use,100.00,0.00
137,LISCOMB SANCTUARY,1,0.0094,Rural and Resource,100.00,0.00
137,LONG LAKE,1,0.1016,Park and Open Space,100.00,0.00
137,LOWER SHIP HARBOUR,1,23.8900,Mixed Use,100.00,0.00
137,LOWER THREE FATHOM HARBOUR,1,0.0012,Rural and Resource,100.00,0.00
137,MALAY FALLS,1,148.2407,Rural and Resource,100.00,0.00
137,MARINETTE,1,0.0936,Rural and Resource,100.00,0.00
137,MCNABS ISLAND,1,2.6952,Park and Open Space,100.00,0.00
137,MIDDLE PORTERS LAKE,1,0.1458,Rural and Resource,100.00,0.00
137,MOOSE RIVER GOLD MINES,1,0.0276,Park and Open Space,100.00,0.00
137,MOOSELAND,1,0.0421,Rural and Resource,100.00,0.00
137,MYERS POINT,1,1.4989,Mixed Use,100.00,0.00
137,NECUM TEUCH,1,2.6035,Rural and Resource,100.00,0.00
137,NEWCOMB CORNER,1,2.1729,Mixed Use,100.00,0.00
137,OWLS HEAD,1,2.0898,Mixed Use,100.00,0.00
137,OYSTER POND,1,0.3725,Mixed Use,100.00,0.00
137,PACE SETTLEMENT,1,0.2324,Rural and Resource,100.00,0.00
137,PEGGYS COVE,1,0.3425,Park and Open Space,100.00,0.00
137,PEGGYS COVE PRESERVATION AREA,1,5.4836,Park and Open Space,100.00,0.00
137,PLEASANT POINT,1,0.8462,Mixed Use,100.00,0.00
137,PLEASANT VALLEY,1,1.5462,Mixed Use,100.00,0.00
137,SEAFORTH,1,2.2033,Rural and Resource,100.00,0.00
137,SMITHS SETTLEMENT,1,0.0040,Mixed Use,100.00,0.00
137,SPRY HARBOUR,1,0.3559,Rural and Resource,100.00,0.00
137,TEN MILE LAKE,1,346.2260,Mixed Use,100.00,0.00
137,TRAFALGAR,1,16.7486,Mixed Use,100.00,0.00
137,UPPER LAKEVILLE,1,0.1761,Mixed Use,100.00,0.00
137,WEST QUODDY,1,0.0019,Rural and Resource,100.00,0.00
