OBJECT_ID,Bill_Year,Rate_Description,Rate_Code,Rate_Type,Rate,Minimum_Rate,Maximum_Rate,Calculation_Type
1,2022,FRAME SUB HOMEOWNERS RES,A000,Residential,45,0,0,Flat Rate
2,2022,FRAME SUB HOMEOWNERS RES,A000,Resource,45,0,0,Flat Rate
3,2022,HALIBURTON/HIGHBURY REC RES,A010,Residential,0.023,0,0,Rate
4,2022,HALIBURTON/HIGHBURY RE RESO,A010,Resource,0.023,0,0,Rate
5,2022,SILVERSIDES RESIDENTS RES,A020,Commercial,100,0,0,Flat Rate
6,2022,SILVERSIDES RESIDENTS RES,A020,Residential,100,0,0,Flat Rate
7,2022,SILVERSIDES RESIDENTS RES,A020,Resource,100,0,0,Flat Rate
8,2022,HIGHLAND PARK REC ASSOC RES,A030,Residential,0.005,0,0,Rate
9,2022,HIGHLAND PARK REC ASSO RESO,A030,Resource,0.005,0,0,Rate
10,2022,KINGSWOOD RATEPAYERS RES,A040,Commercial,50,0,0,Flat Rate
11,2022,KINGSWOOD RATEPAYERS RES,A040,Residential,50,0,0,Flat Rate
12,2022,KINGSWOOD RATEPAYERS RES,A040,Resource,50,0,0,Flat Rate
13,2022,LWF RECREATION - RESIDENTIAL,A050,Residential,0.03,0,0,Rate
14,2022,LWF RECREATION - RESOURCE,A050,Resource,0.03,0,0,Rate
15,2022,MINEVILLE COMMUNITY RES,A070,Commercial,20,0,0,Flat Rate
16,2022,MINEVILLE COMMUNITY RES,A070,Residential,20,0,0,Flat Rate
17,2022,MINEVILLE COMMUNITY RES,A070,Resource,20,0,0,Flat Rate
18,2022,MUSQUODOBOIT HBR COMMON RES,A080,Residential,0.005,0,0,Rate
19,2022,MUSQUODOBOIT HBR COM RESO,A080,Resource,0.005,0,0,Rate
20,2022,PROSPECT ROAD REC ASSOC - RES,A090,Residential,0.012,0,0,Rate
21,2022,PROSPECT ROAD REC ASSO - RESO,A090,Resource,0.012,0,0,Rate
22,2022,SACK HEIGHTS COMM CENTRE COM,A100,Commercial,0.01,0,0,Rate
23,2022,SACK HEIGHTS COMM CENTRE RES,A100,Residential,0.01,0,0,Rate
24,2022,SACK HEIGHTS COM CENTRE RESO,A100,Resource,0.01,0,0,Rate
25,2022,FOX HOLLOW ST MARGS BAY RES,A110,Commercial,60,0,0,Flat Rate
26,2022,FOX HOLLOW ST MARGS BAY RES,A110,Residential,60,0,0,Flat Rate
27,2022,FOX HOLLOW ST MARGS BAY RES,A110,Resource,60,0,0,Flat Rate
28,2022,GLEN ARBOUR RESIDENTS RES,A120,Commercial,65,0,0,Flat Rate
29,2022,GLEN ARBOUR RESIDENTS RES,A120,Residential,65,0,0,Flat Rate
30,2022,GLEN ARBOUR RESIDENTS RES,A120,Resource,65,0,0,Flat Rate
31,2022,THREE BROOKS HOMEOWNERS RES,A130,Residential,60,0,0,Flat Rate
32,2022,THREE BROOKS HOMEOWNERS RES,A130,Resource,60,0,0,Flat Rate
33,2022,WESTWOOD HILLS RESIDENTS RES,A140,Residential,50,0,0,Flat Rate
34,2022,WESTWOOD HILLS RESIDENTS RES,A140,Resource,50,0,0,Flat Rate
35,2022,GR.LAKE/OAKFIELD COMM'Y RES,A160,Residential,0.021,0,0,Rate
36,2022,GR.LAKE/OAKFIELD COMM RESO,A160,Resource,0.021,0,0,Rate
37,2022,KETCH HARBOUR AREA RES,A170,Residential,66.67,0,0,Flat Rate
38,2022,KETCH HARBOUR AREA RES,A170,Resource,66.67,0,0,Flat Rate
39,2022,SHEET HBR STREETSCAPE T1 RES,A180,Commercial,25,0,0,Flat Rate
40,2022,SHEET HBR STREETSCAPE T1 RES,A180,Residential,25,0,0,Flat Rate
41,2022,SHEET HBR STREETSCAPE T2 RES,A190,Commercial,15,0,0,Flat Rate
42,2022,SHEET HBR STREETSCAPE T2 RES,A190,Residential,15,0,0,Flat Rate
43,2022,SHEET HBR STREETSCAPE T3 RES,A200,Commercial,5,0,0,Flat Rate
44,2022,SHEET HBR STREETSCAPE T3 RES,A200,Residential,5,0,0,Flat Rate
45,2022,HALIFAX DOWNTOWN BID,B000,Commercial,0.091,300,0,Rate
46,2022,DARTMOUTH DOWNTOWN BID,B010,Commercial,0.36,300,0,Rate
47,2022,SPRING GARDEN ROAD BID,B020,Commercial,0.34,250,18000,Rate
48,2022,QUINPOOL ROAD BID,B030,Commercial,0.22,300,20000,Rate
49,2022,SPRYFIELD BID,B040,Commercial,0.29,300,10000,Rate
50,2022,DARTMOUTH MAIN STREET BID,B050,Commercial,0.195,250,0,Rate
51,2022,SACKVILLE BID,B060,Commercial,0.15,200,7000,Rate
52,2022,NORTH END COMMERCIAL BID,B070,Commercial,0.16,350,10000,Rate
53,2022,PORTERS LAKE COMMERCIAL BID,B080,Commercial,0.1,300,3000,Rate
54,2022,URBAN GENERAL RATE-COMMERCIAL,M010,Commercial,3.016,0,0,Rate
55,2022,URBAN GENERAL RATE-RESIDENTIAL,M010,Residential,0.626,0,0,Rate
56,2022,URBAN GENERAL RATE-RESOURCE,M010,Resource,0.626,0,0,Rate
57,2022,SUBURBAN GENERAL RATE-COM,M020,Commercial,3.016,0,0,Rate
58,2022,SUBURBAN GENERAL RATE-RESIDENT,M020,Residential,0.593,0,0,Rate
59,2022,SUBURBAN GENERAL RATE-RESOURCE,M020,Resource,0.593,0,0,Rate
60,2022,RURAL GENERAL RATE-COMMERCIAL,M030,Commercial,2.662,0,0,Rate
61,2022,RURAL GENERAL RATE-RESIDENTIAL,M030,Residential,0.593,0,0,Rate
62,2022,RURAL GENERAL RATE-RESOURCE,M030,Resource,0.593,0,0,Rate
63,2022,SUPPLEMENTARY EDUCATION-COM,M040,Commercial,0.058,0,0,Rate
64,2022,SUPPLEMENTARY EDUCATION-RESIDE,M040,Residential,0.019,0,0,Rate
65,2022,SUPPLEMENTARY EDUCATION-RESOUR,M040,Resource,0.019,0,0,Rate
66,2022,FIRE PROTECTION (HYDRANTS)-COM,M050,Commercial,0.039,0,0,Rate
67,2022,FIRE PROTECTION (HYDRANTS)-RES,M050,Residential,0.013,0,0,Rate
68,2022,FIRE PROTECT (HYDRANTS)-RESOUR,M050,Resource,0.013,0,0,Rate
69,2022,FIRE PROTECTION (HYDRANTS)-COM,M051,Commercial,0.039,0,0,Rate
70,2022,FIRE PROTECT CHURCH COM EXEMPT,M051,Commercial Exempt,0.013,0,0,Rate
71,2022,FIRE PROTECTION (HYDRANTS)-RES,M051,Residential,0.013,0,0,Rate
72,2022,FIRE PROTECTION -RESI EXEMPT,M051,Residential Exempt,0.013,0,0,Rate
73,2022,FIRE PROTECT (HYDRANTS)-RESOUR,M051,Resource,0.013,0,0,Rate
74,2022,FIRE PROTECTION RESO EXEMPT,M051,Resource Exempt,0.013,0,0,Rate
75,2022,FIRE PROTECTION COM EXEMPT,M052,Commercial Exempt,0.039,0,0,Rate
76,2022,FIRE PROTECTION -RESI EXEMPT,M052,Residential Exempt,0.013,0,0,Rate
77,2022,FIRE PROTECTION RESO EXEMPT,M052,Resource Exempt,0.013,0,0,Rate
78,2022,LOCAL TRANSIT-RESIDENTIAL,M060,Residential,0.098,0,0,Rate
79,2022,LOCAL TRANSIT-RESOURCE,M060,Resource,0.098,0,0,Rate
80,2022,REGIONAL TRANSPORTATION-RESIDE,M070,Residential,0.047,0,0,Rate
81,2022,REGIONAL TRANSPORTATION-RESO,M070,Resource,0.047,0,0,Rate
82,2022,CLIMATE CHANGE-COMMERCIAL,M080,Commercial,0.089,0,0,Rate
83,2022,CLIMATE CHANGE-RESIDENTIAL,M080,Residential,0.023,0,0,Rate
84,2022,CLIMATE CHANGE-RESOURCE,M080,Resource,0.023,0,0,Rate
85,2022,NON PROFIT ACREAGE,M410,Non-Profit Acre,42.8,0,0,Mandatory Rate
86,2022,COMMERCIAL FOREST,M610,Commercial Forrest Acre,0.41,0,0,Mandatory Rate
87,2022,RESOURCE FOREST,M710,Resource Forrest Acre,0.269,0,0,Mandatory Rate
88,2022,PROPERTY VALU SERVICE TAX-COM,P010,Commercial,0.013,0,0,Rate
89,2022,PROPERTY VALUATION SERVICE TAX,P010,Residential,0.013,0,0,Rate
90,2022,PROPERTY VALU SERVICE TAX-RESO,P010,Resource,0.013,0,0,Rate
91,2022,CORRECTION SERVICES TAX-COMMER,P020,Commercial,0.013,0,0,Rate
92,2022,CORRECTION SERVICES TAX-RESIDE,P020,Residential,0.013,0,0,Rate
93,2022,CORRECTION SERVICES TAX-RESOUR,P020,Resource,0.013,0,0,Rate
94,2022,EDUCATION TAX-COMMERCIAL,P030,Commercial,0.293,0,0,Rate
95,2022,EDUCATION TAX-RESIDENTIAL,P030,Residential,0.293,0,0,Rate
96,2022,EDUCATION TAX-RESOURCE,P030,Resource,0.293,0,0,Rate
97,2022,METRO HOUSING AUTH TAX-COM,P040,Commercial,0.009,0,0,Rate
98,2022,METRO HOUSING AUTH TAX-RES,P040,Residential,0.009,0,0,Rate
99,2022,METRO HOUSING AUTH TAX-RESO,P040,Resource,0.009,0,0,Rate
100,2022,PETPESWICK DR PRIV ROAD RES,R000,Commercial,300,0,0,Flat Rate
101,2022,PETPESWICK DR PRIV ROAD RES,R000,Residential,300,0,0,Flat Rate
102,2022,PETPESWICK DR PRIV ROAD RES,R000,Resource,300,0,0,Flat Rate
103,2022,THREE BROOKS PRIV ROAD RES,R010,Commercial,450,0,0,Flat Rate
104,2022,THREE BROOKS PRIV ROAD RES,R010,Residential,450,0,0,Flat Rate
105,2022,THREE BROOKS PRIV ROAD RES,R010,Resource,450,0,0,Flat Rate
106,2022,SOUTHWEST GRAND LAKE PRIV RDT1,R020,Commercial,350,0,0,Flat Rate
107,2022,SOUTHWEST GRAND LAKE PRIV RDT1,R020,Residential,350,0,0,Flat Rate
108,2022,SOUTHWEST GRAND LAKE PRIV RDT1,R020,Resource,350,0,0,Flat Rate
109,2022,SOUTHWEST GRAND LAKE PRIV RDT2,R030,Commercial,450,0,0,Flat Rate
110,2022,SOUTHWEST GRAND LAKE PRIV RDT2,R030,Residential,450,0,0,Flat Rate
111,2022,SOUTHWEST GRAND LAKE PRIV RDT2,R030,Resource,450,0,0,Flat Rate
112,2022,SOUTHWEST GRAND LAKE PRIV RDT3,R040,Commercial,600,0,0,Flat Rate
113,2022,SOUTHWEST GRAND LAKE PRIV RDT3,R040,Residential,600,0,0,Flat Rate
114,2022,SOUTHWEST GRAND LAKE PRIV RDT3,R040,Resource,600,0,0,Flat Rate
115,2022,SOUTHWEST GRAND LAKE PRIV RDT4,R050,Commercial,750,0,0,Flat Rate
116,2022,SOUTHWEST GRAND LAKE PRIV RDT4,R050,Residential,750,0,0,Flat Rate
117,2022,SOUTHWEST GRAND LAKE PRIV RDT4,R050,Resource,750,0,0,Flat Rate
118,2022,RIVER BEND/RIVER CRT MAINT RES,R060,Commercial,350,0,0,Flat Rate
119,2022,RIVER BEND/RIVER CRT MAINT RES,R060,Residential,350,0,0,Flat Rate
120,2022,RIVER BEND/RIVER CRT MAINT RES,R060,Resource,350,0,0,Flat Rate
121,2022,RANGE ROAD PRIVATE ROAD RES,R070,Commercial,150,0,0,Flat Rate
122,2022,RANGE ROAD PRIVATE ROAD RES,R070,Residential,150,0,0,Flat Rate
123,2022,RANGE ROAD PRIVATE ROAD RES,R070,Resource,150,0,0,Flat Rate
124,2022,RUTTER COURT RESIDENTS RES,R080,Commercial,450,0,0,Flat Rate
125,2022,RUTTER COURT RESIDENTS RES,R080,Residential,450,0,0,Flat Rate
126,2022,RUTTER COURT RESIDENTS RES,R080,Resource,450,0,0,Flat Rate
127,2022,BALD ROCK RD MAINTENANCE RES,R090,Commercial,385.33,0,0,Flat Rate
128,2022,BALD ROCK RD MAINTENANCE RES,R090,Residential,385.33,0,0,Flat Rate
129,2022,BALD ROCK RD MAINTENANCE RES,R090,Resource,385.33,0,0,Flat Rate
130,2022,ST MARG RD MAINTENANCE RES,R100,Commercial,450,0,0,Flat Rate
131,2022,ST MARG RD MAINTENANCE RES,R100,Residential,450,0,0,Flat Rate
132,2022,ST MARG RD MAINTENANCE RES,R100,Resource,450,0,0,Flat Rate
133,2022,BLACK'S SUBDIV RATE PAY RES,R110,Commercial,150,0,0,Flat Rate
134,2022,BLACK'S SUBDIV RATE PAY RES,R110,Residential,150,0,0,Flat Rate
135,2022,BLACK'S SUBDIV RATE PAY RES,R110,Resource,150,0,0,Flat Rate
136,2022,REDOUBT HEAD HOMEOWN RES,R120,Commercial,500,0,0,Flat Rate
137,2022,REDOUBT HEAD HOMEOWN RES,R120,Residential,500,0,0,Flat Rate
138,2022,REDOUBT HEAD HOMEOWN RES,R120,Resource,500,0,0,Flat Rate
139,2022,MARINER'S ANCHORAGE RES,R130,Commercial,300,0,0,Flat Rate
140,2022,MARINER'S ANCHORAGE RES,R130,Residential,300,0,0,Flat Rate
141,2022,MARINER'S ANCHORAGE RES,R130,Resource,300,0,0,Flat Rate
142,2022,ST MARG BAY HEIGHTS PR RES,R140,Commercial,280,0,0,Flat Rate
143,2022,ST MARG BAY HEIGHTS PR RES,R140,Residential,280,0,0,Flat Rate
144,2022,ST MARG BAY HEIGHTS PR RES,R140,Resource,280,0,0,Flat Rate
145,2022,SHILOH /KARLA DR ROAD RES,R150,Commercial,700,0,0,Flat Rate
146,2022,SHILOH /KARLA DR ROAD RES,R150,Residential,700,0,0,Flat Rate
147,2022,SHILOH /KARLA DR ROAD RES,R150,Resource,700,0,0,Flat Rate
148,2022,KELLY POINT PRIVATE ROAD RES,R160,Commercial,700,0,0,Flat Rate
149,2022,KELLY POINT PRIVATE ROAD RES,R160,Residential,700,0,0,Flat Rate
150,2022,KELLY POINT PRIVATE ROAD RES,R160,Resource,700,0,0,Flat Rate
151,2022,JENNA LANE PRIVATE ROAD RES,R170,Commercial,625,0,0,Flat Rate
152,2022,JENNA LANE PRIVATE ROAD RES,R170,Residential,625,0,0,Flat Rate
153,2022,JENNA LANE PRIVATE ROAD RES,R170,Resource,625,0,0,Flat Rate
154,2022,BAYVIEW HOMEOWNERS SOC RES,R180,Commercial,600,0,0,Flat Rate
155,2022,BAYVIEW HOMEOWNERS SOC RES,R180,Residential,600,0,0,Flat Rate
156,2022,BAYVIEW HOMEOWNERS SOC RES,R180,Resource,600,0,0,Flat Rate
157,2022,CAMBRIAN'S COVE HOMEOWNER RES,R190,Commercial,680,0,0,Flat Rate
158,2022,CAMBRIAN'S COVE HOMEOWNER RES,R190,Residential,680,0,0,Flat Rate
159,2022,CAMBRIAN'S COVE HOMEOWNER RES,R190,Resource,680,0,0,Flat Rate
160,2022,SELOA RD MAINTENANCE RES,R200,Commercial,900,0,0,Flat Rate
161,2022,SELOA RD MAINTENANCE RES,R200,Residential,900,0,0,Flat Rate
162,2022,SELOA RD MAINTENANCE RES,R200,Resource,900,0,0,Flat Rate
163,2022,BLACK'S SUBDIV RATE PAY RES 75,R210,Commercial,75,0,0,Flat Rate
164,2022,BLACK'S SUBDIV RATE PAY RES 75,R210,Residential,75,0,0,Flat Rate
165,2022,BLACK'S SUBDIV RATE PAY RES 75,R210,Resource,75,0,0,Flat Rate
166,2023,FRAME SUB HOMEOWNERS RES,A000,Residential,45,0,0,Flat Rate
167,2023,FRAME SUB HOMEOWNERS RES,A000,Resource,45,0,0,Flat Rate
168,2023,HALIBURTON/HIGHBURY REC RES,A010,Residential,0.023,0,0,Rate
169,2023,HALIBURTON/HIGHBURY RE RESO,A010,Resource,0.023,0,0,Rate
170,2023,SILVERSIDES RESIDENTS RES,A020,Commercial,100,0,0,Flat Rate
171,2023,SILVERSIDES RESIDENTS RES,A020,Residential,100,0,0,Flat Rate
172,2023,SILVERSIDES RESIDENTS RES,A020,Resource,100,0,0,Flat Rate
173,2023,HIGHLAND PARK REC ASSOC RES,A030,Residential,0.005,0,0,Rate
174,2023,HIGHLAND PARK REC ASSO RESO,A030,Resource,0.005,0,0,Rate
175,2023,KINGSWOOD RATEPAYERS RES,A040,Commercial,50,0,0,Flat Rate
176,2023,KINGSWOOD RATEPAYERS RES,A040,Residential,50,0,0,Flat Rate
177,2023,KINGSWOOD RATEPAYERS RES,A040,Resource,50,0,0,Flat Rate
178,2023,LWF RECREATION - RESIDENTIAL,A050,Residential,0.03,0,0,Rate
179,2023,LWF RECREATION - RESOURCE,A050,Resource,0.03,0,0,Rate
180,2023,MINEVILLE COMMUNITY RES,A070,Commercial,20,0,0,Flat Rate
181,2023,MINEVILLE COMMUNITY RES,A070,Residential,20,0,0,Flat Rate
182,2023,MINEVILLE COMMUNITY RES,A070,Resource,20,0,0,Flat Rate
183,2023,MUSQUODOBOIT HBR COMMON RES,A080,Residential,0.005,0,0,Rate
184,2023,MUSQUODOBOIT HBR COM RESO,A080,Resource,0.005,0,0,Rate
185,2023,PROSPECT ROAD REC ASSOC - RES,A090,Residential,0.012,0,0,Rate
186,2023,PROSPECT ROAD REC ASSO - RESO,A090,Resource,0.012,0,0,Rate
187,2023,SACK HEIGHTS COMM CENTRE COM,A100,Commercial,0.01,0,0,Rate
188,2023,SACK HEIGHTS COMM CENTRE RES,A100,Residential,0.01,0,0,Rate
189,2023,SACK HEIGHTS COM CENTRE RESO,A100,Resource,0.01,0,0,Rate
190,2023,FOX HOLLOW ST MARGS BAY RES,A110,Commercial,60,0,0,Flat Rate
191,2023,FOX HOLLOW ST MARGS BAY RES,A110,Residential,60,0,0,Flat Rate
192,2023,FOX HOLLOW ST MARGS BAY RES,A110,Resource,60,0,0,Flat Rate
193,2023,GLEN ARBOUR RESIDENTS RES,A120,Commercial,65,0,0,Flat Rate
194,2023,GLEN ARBOUR RESIDENTS RES,A120,Residential,65,0,0,Flat Rate
195,2023,GLEN ARBOUR RESIDENTS RES,A120,Resource,65,0,0,Flat Rate
196,2023,THREE BROOKS HOMEOWNERS RES,A130,Residential,60,0,0,Flat Rate
197,2023,THREE BROOKS HOMEOWNERS RES,A130,Resource,60,0,0,Flat Rate
198,2023,WESTWOOD HILLS RESIDENTS RES,A140,Residential,50,0,0,Flat Rate
199,2023,WESTWOOD HILLS RESIDENTS RES,A140,Resource,50,0,0,Flat Rate
200,2023,GR.LAKE/OAKFIELD COMM'Y RES,A160,Residential,0.021,0,0,Rate
201,2023,GR.LAKE/OAKFIELD COMM RESO,A160,Resource,0.021,0,0,Rate
202,2023,KETCH HARBOUR AREA RES,A170,Residential,66.67,0,0,Flat Rate
203,2023,KETCH HARBOUR AREA RES,A170,Resource,66.67,0,0,Flat Rate
204,2023,SHEET HBR STREETSCAPE T1 RES,A180,Commercial,25,0,0,Flat Rate
205,2023,SHEET HBR STREETSCAPE T1 RES,A180,Residential,25,0,0,Flat Rate
206,2023,SHEET HBR STREETSCAPE T2 RES,A190,Commercial,15,0,0,Flat Rate
207,2023,SHEET HBR STREETSCAPE T2 RES,A190,Residential,15,0,0,Flat Rate
208,2023,SHEET HBR STREETSCAPE T3 RES,A200,Commercial,5,0,0,Flat Rate
209,2023,SHEET HBR STREETSCAPE T3 RES,A200,Residential,5,0,0,Flat Rate
210,2023,WAVERLEY COMMUNITY ASSOCIATION,A210,Commercial,35,0,0,Flat Rate
211,2023,WAVERLEY COMMUNITY ASSOCIATION,A210,Residential,35,0,0,Flat Rate
212,2023,WAVERLEY COMMUNITY ASSOCIATION,A210,Resource,35,0,0,Flat Rate
213,2023,HALIFAX DOWNTOWN BID,B000,Commercial,0.13,300,0,Rate
214,2023,DARTMOUTH DOWNTOWN BID,B010,Commercial,0.36,300,0,Rate
215,2023,SPRING GARDEN ROAD BID,B020,Commercial,0.34,500,23000,Rate
216,2023,QUINPOOL ROAD BID,B030,Commercial,0.22,300,22000,Rate
217,2023,SPRYFIELD BID,B040,Commercial,0.32,500,15000,Rate
218,2023,DARTMOUTH MAIN STREET BID,B050,Commercial,0.195,250,0,Rate
219,2023,SACKVILLE BID,B060,Commercial,0.17,250,7000,Rate
220,2023,NORTH END COMMERCIAL BID,B070,Commercial,0.16,350,10000,Rate
221,2023,PORTERS LAKE COMMERCIAL BID,B080,Commercial,0.1,300,3000,Rate
222,2023,URBAN GENERAL RATE-RESIDENTIAL,M010,Residential,0.649,0,0,Rate
223,2023,URBAN GENERAL RATE-RESOURCE,M010,Resource,0.649,0,0,Rate
224,2023,SUBURBAN GENERAL RATE-RESIDENT,M020,Residential,0.616,0,0,Rate
225,2023,SUBURBAN GENERAL RATE-RESOURCE,M020,Resource,0.616,0,0,Rate
226,2023,RURAL GENERAL RATE-RESIDENTIAL,M030,Residential,0.616,0,0,Rate
227,2023,RURAL GENERAL RATE-RESOURCE,M030,Resource,0.616,0,0,Rate
228,2023,SUPPLEMENTARY EDUCATION-COM,M040,Commercial,0.058,0,0,Rate
229,2023,SUPPLEMENTARY EDUCATION-RESIDE,M040,Residential,0.019,0,0,Rate
230,2023,SUPPLEMENTARY EDUCATION-RESOUR,M040,Resource,0.019,0,0,Rate
231,2023,FIRE PROTECTION (HYDRANTS)-COM,M050,Commercial,0.036,0,0,Rate
232,2023,FIRE PROTECTION (HYDRANTS)-RES,M050,Residential,0.012,0,0,Rate
233,2023,FIRE PROTECT (HYDRANTS)-RESOUR,M050,Resource,0.012,0,0,Rate
234,2023,FIRE PROTECTION COM EXEMPT,M052,Commercial Exempt,0.036,0,0,Rate
235,2023,FIRE PROTECTION -RESI EXEMPT,M052,Residential Exempt,0.012,0,0,Rate
236,2023,FIRE PROTECTION RESO EXEMPT,M052,Resource Exempt,0.012,0,0,Rate
237,2023,LOCAL TRANSIT-RESIDENTIAL,M060,Residential,0.091,0,0,Rate
238,2023,LOCAL TRANSIT-RESOURCE,M060,Resource,0.091,0,0,Rate
239,2023,CLIMATE CHANGE-COMMERCIAL,M080,Commercial,0.079,0,0,Rate
240,2023,CLIMATE CHANGE-RESIDENTIAL,M080,Residential,0.02,0,0,Rate
241,2023,CLIMATE CHANGE-RESOURCE,M080,Resource,0.02,0,0,Rate
242,2023,Stormwater Right Of Way-COMMER,M090,Commercial,0.011,0,0,Rate
243,2023,Stormwater Right Of Way-RESIDE,M090,Residential,0.011,0,0,Rate
244,2023,Stormwater Right Of Way-RESOUR,M090,Resource,0.011,0,0,Rate
245,2023,Business Park Area-COMMERCIAL,M100,Commercial,0,0,0,Tiered Rate
246,2023,Industrial Park Area-COMMERCIA,M110,Commercial,0,0,0,Tiered Rate
247,2023,Downtown/Community-COMMERCIAL,M120,Commercial,0,0,0,Tiered Rate
248,2023,Community Area-COMMERCIAL,M130,Commercial,0,0,0,Tiered Rate
249,2023,Rural Area-COMMERCIAL,M140,Commercial,2.611,0,0,Rate
250,2023,NON PROFIT ACREAGE,M410,Non-Profit Acre,44.95,0,0,Mandatory Rate
251,2023,COMMERCIAL FOREST,M610,Commercial Forrest Acre,0.41,0,0,Mandatory Rate
252,2023,RESOURCE FOREST,M710,Resource Forrest Acre,0.269,0,0,Mandatory Rate
253,2023,PROPERTY VALU SERVICE TAX-COM,P010,Commercial,0.012,0,0,Rate
254,2023,PROPERTY VALUATION SERVICE TAX,P010,Residential,0.012,0,0,Rate
255,2023,PROPERTY VALU SERVICE TAX-RESO,P010,Resource,0.012,0,0,Rate
256,2023,CORRECTION SERVICES TAX-COMMER,P020,Commercial,0.012,0,0,Rate
257,2023,CORRECTION SERVICES TAX-RESIDE,P020,Residential,0.012,0,0,Rate
258,2023,CORRECTION SERVICES TAX-RESOUR,P020,Resource,0.012,0,0,Rate
259,2023,EDUCATION TAX-COMMERCIAL,P030,Commercial,0.282,0,0,Rate
260,2023,EDUCATION TAX-RESIDENTIAL,P030,Residential,0.282,0,0,Rate
261,2023,EDUCATION TAX-RESOURCE,P030,Resource,0.282,0,0,Rate
262,2023,METRO HOUSING AUTH TAX-COM,P040,Commercial,0.007,0,0,Rate
263,2023,METRO HOUSING AUTH TAX-RES,P040,Residential,0.007,0,0,Rate
264,2023,METRO HOUSING AUTH TAX-RESO,P040,Resource,0.007,0,0,Rate
265,2023,PETPESWICK DR PRIV ROAD RES,R000,Commercial,300,0,0,Flat Rate
266,2023,PETPESWICK DR PRIV ROAD RES,R000,Residential,300,0,0,Flat Rate
267,2023,PETPESWICK DR PRIV ROAD RES,R000,Resource,300,0,0,Flat Rate
268,2023,THREE BROOKS PRIV ROAD RES,R010,Commercial,640,0,0,Flat Rate
269,2023,THREE BROOKS PRIV ROAD RES,R010,Residential,640,0,0,Flat Rate
270,2023,THREE BROOKS PRIV ROAD RES,R010,Resource,640,0,0,Flat Rate
271,2023,SOUTHWEST GRAND LAKE PRIV RDT1,R020,Commercial,350,0,0,Flat Rate
272,2023,SOUTHWEST GRAND LAKE PRIV RDT1,R020,Residential,350,0,0,Flat Rate
273,2023,SOUTHWEST GRAND LAKE PRIV RDT1,R020,Resource,350,0,0,Flat Rate
274,2023,SOUTHWEST GRAND LAKE PRIV RDT2,R030,Commercial,450,0,0,Flat Rate
275,2023,SOUTHWEST GRAND LAKE PRIV RDT2,R030,Residential,450,0,0,Flat Rate
276,2023,SOUTHWEST GRAND LAKE PRIV RDT2,R030,Resource,450,0,0,Flat Rate
277,2023,SOUTHWEST GRAND LAKE PRIV RDT3,R040,Commercial,600,0,0,Flat Rate
278,2023,SOUTHWEST GRAND LAKE PRIV RDT3,R040,Residential,600,0,0,Flat Rate
279,2023,SOUTHWEST GRAND LAKE PRIV RDT3,R040,Resource,600,0,0,Flat Rate
280,2023,SOUTHWEST GRAND LAKE PRIV RDT4,R050,Commercial,750,0,0,Flat Rate
281,2023,SOUTHWEST GRAND LAKE PRIV RDT4,R050,Residential,750,0,0,Flat Rate
282,2023,SOUTHWEST GRAND LAKE PRIV RDT4,R050,Resource,750,0,0,Flat Rate
283,2023,RIVER BEND/RIVER CRT MAINT RES,R060,Commercial,350,0,0,Flat Rate
284,2023,RIVER BEND/RIVER CRT MAINT RES,R060,Residential,350,0,0,Flat Rate
285,2023,RIVER BEND/RIVER CRT MAINT RES,R060,Resource,350,0,0,Flat Rate
286,2023,RANGE ROAD PRIVATE ROAD RES,R070,Commercial,150,0,0,Flat Rate
287,2023,RANGE ROAD PRIVATE ROAD RES,R070,Residential,150,0,0,Flat Rate
288,2023,RANGE ROAD PRIVATE ROAD RES,R070,Resource,150,0,0,Flat Rate
289,2023,RUTTER COURT RESIDENTS RES,R080,Commercial,450,0,0,Flat Rate
290,2023,RUTTER COURT RESIDENTS RES,R080,Residential,450,0,0,Flat Rate
291,2023,RUTTER COURT RESIDENTS RES,R080,Resource,450,0,0,Flat Rate
292,2023,BALD ROCK RD MAINTENANCE RES,R090,Commercial,385.33,0,0,Flat Rate
293,2023,BALD ROCK RD MAINTENANCE RES,R090,Residential,385.33,0,0,Flat Rate
294,2023,BALD ROCK RD MAINTENANCE RES,R090,Resource,385.33,0,0,Flat Rate
295,2023,ST MARG RD MAINTENANCE RES,R100,Commercial,450,0,0,Flat Rate
296,2023,ST MARG RD MAINTENANCE RES,R100,Residential,450,0,0,Flat Rate
297,2023,ST MARG RD MAINTENANCE RES,R100,Resource,450,0,0,Flat Rate
298,2023,BLACK'S SUBDIV RATE PAY RES,R110,Commercial,150,0,0,Flat Rate
299,2023,BLACK'S SUBDIV RATE PAY RES,R110,Residential,150,0,0,Flat Rate
300,2023,BLACK'S SUBDIV RATE PAY RES,R110,Resource,150,0,0,Flat Rate
301,2023,REDOUBT HEAD HOMEOWN RES,R120,Commercial,500,0,0,Flat Rate
302,2023,REDOUBT HEAD HOMEOWN RES,R120,Residential,500,0,0,Flat Rate
303,2023,REDOUBT HEAD HOMEOWN RES,R120,Resource,500,0,0,Flat Rate
304,2023,MARINER'S ANCHORAGE RES,R130,Commercial,300,0,0,Flat Rate
305,2023,MARINER'S ANCHORAGE RES,R130,Residential,300,0,0,Flat Rate
306,2023,MARINER'S ANCHORAGE RES,R130,Resource,300,0,0,Flat Rate
307,2023,ST MARG BAY HEIGHTS PR RES,R140,Commercial,340,0,0,Flat Rate
308,2023,ST MARG BAY HEIGHTS PR RES,R140,Residential,340,0,0,Flat Rate
309,2023,ST MARG BAY HEIGHTS PR RES,R140,Resource,340,0,0,Flat Rate
310,2023,SHILOH /KARLA DR ROAD RES,R150,Commercial,700,0,0,Flat Rate
311,2023,SHILOH /KARLA DR ROAD RES,R150,Residential,700,0,0,Flat Rate
312,2023,SHILOH /KARLA DR ROAD RES,R150,Resource,700,0,0,Flat Rate
313,2023,KELLY POINT PRIVATE ROAD RES,R160,Commercial,900,0,0,Flat Rate
314,2023,KELLY POINT PRIVATE ROAD RES,R160,Residential,900,0,0,Flat Rate
315,2023,KELLY POINT PRIVATE ROAD RES,R160,Resource,900,0,0,Flat Rate
316,2023,JENNA LANE PRIVATE ROAD RES,R170,Commercial,625,0,0,Flat Rate
317,2023,JENNA LANE PRIVATE ROAD RES,R170,Residential,625,0,0,Flat Rate
318,2023,JENNA LANE PRIVATE ROAD RES,R170,Resource,625,0,0,Flat Rate
319,2023,BAYVIEW HOMEOWNERS SOC RES,R180,Commercial,600,0,0,Flat Rate
320,2023,BAYVIEW HOMEOWNERS SOC RES,R180,Residential,600,0,0,Flat Rate
321,2023,BAYVIEW HOMEOWNERS SOC RES,R180,Resource,600,0,0,Flat Rate
322,2023,CAMBRIAN'S COVE HOMEOWNER RES,R190,Commercial,680,0,0,Flat Rate
323,2023,CAMBRIAN'S COVE HOMEOWNER RES,R190,Residential,680,0,0,Flat Rate
324,2023,CAMBRIAN'S COVE HOMEOWNER RES,R190,Resource,680,0,0,Flat Rate
325,2023,SELOA RD MAINTENANCE RES,R200,Commercial,900,0,0,Flat Rate
326,2023,SELOA RD MAINTENANCE RES,R200,Residential,900,0,0,Flat Rate
327,2023,SELOA RD MAINTENANCE RES,R200,Resource,900,0,0,Flat Rate
328,2023,BLACK'S SUBDIV RATE PAY RES 75,R210,Commercial,75,0,0,Flat Rate
329,2023,BLACK'S SUBDIV RATE PAY RES 75,R210,Residential,75,0,0,Flat Rate
330,2023,BLACK'S SUBDIV RATE PAY RES 75,R210,Resource,75,0,0,Flat Rate
331,2024,FRAME SUB HOMEOWNERS RES,A000,Residential,45,0,0,Flat Rate
332,2024,FRAME SUB HOMEOWNERS RES,A000,Resource,45,0,0,Flat Rate
333,2024,HALIBURTON/HIGHBURY REC RES,A010,Residential,0.023,0,0,Rate
334,2024,HALIBURTON/HIGHBURY RE RESO,A010,Resource,0.023,0,0,Rate
335,2024,SILVERSIDES RESIDENTS RES,A020,Commercial,100,0,0,Flat Rate
336,2024,SILVERSIDES RESIDENTS RES,A020,Residential,100,0,0,Flat Rate
337,2024,SILVERSIDES RESIDENTS RES,A020,Resource,100,0,0,Flat Rate
338,2024,HIGHLAND PARK REC ASSOC RES,A030,Residential,0.005,0,0,Rate
339,2024,HIGHLAND PARK REC ASSO RESO,A030,Resource,0.005,0,0,Rate
340,2024,KINGSWOOD RATEPAYERS RES,A040,Commercial,50,0,0,Flat Rate
341,2024,KINGSWOOD RATEPAYERS RES,A040,Residential,50,0,0,Flat Rate
342,2024,KINGSWOOD RATEPAYERS RES,A040,Resource,50,0,0,Flat Rate
343,2024,LWF RECREATION - RESIDENTIAL,A050,Residential,0.03,0,0,Rate
344,2024,LWF RECREATION - RESOURCE,A050,Resource,0.03,0,0,Rate
345,2024,MINEVILLE COMMUNITY RES,A070,Commercial,20,0,0,Flat Rate
346,2024,MINEVILLE COMMUNITY RES,A070,Residential,20,0,0,Flat Rate
347,2024,MINEVILLE COMMUNITY RES,A070,Resource,20,0,0,Flat Rate
348,2024,MUSQUODOBOIT HBR COMMON RES,A080,Residential,0.005,0,0,Rate
349,2024,MUSQUODOBOIT HBR COM RESO,A080,Resource,0.005,0,0,Rate
350,2024,PROSPECT ROAD REC ASSOC - RES,A090,Residential,0.012,0,0,Rate
351,2024,PROSPECT ROAD REC ASSO - RESO,A090,Resource,0.012,0,0,Rate
352,2024,SACK HEIGHTS COMM CENTRE COM,A100,Commercial,0.01,0,0,Rate
353,2024,SACK HEIGHTS COMM CENTRE RES,A100,Residential,0.01,0,0,Rate
354,2024,SACK HEIGHTS COM CENTRE RESO,A100,Resource,0.01,0,0,Rate
355,2024,FOX HOLLOW ST MARGS BAY RES,A110,Commercial,60,0,0,Flat Rate
356,2024,FOX HOLLOW ST MARGS BAY RES,A110,Residential,60,0,0,Flat Rate
357,2024,FOX HOLLOW ST MARGS BAY RES,A110,Resource,60,0,0,Flat Rate
358,2024,GLEN ARBOUR RESIDENTS RES,A120,Commercial,65,0,0,Flat Rate
359,2024,GLEN ARBOUR RESIDENTS RES,A120,Residential,65,0,0,Flat Rate
360,2024,GLEN ARBOUR RESIDENTS RES,A120,Resource,65,0,0,Flat Rate
361,2024,THREE BROOKS HOMEOWNERS RES,A130,Residential,60,0,0,Flat Rate
362,2024,THREE BROOKS HOMEOWNERS RES,A130,Resource,60,0,0,Flat Rate
363,2024,WESTWOOD HILLS RESIDENTS RES,A140,Residential,50,0,0,Flat Rate
364,2024,WESTWOOD HILLS RESIDENTS RES,A140,Resource,50,0,0,Flat Rate
365,2024,GR.LAKE/OAKFIELD COMM'Y RES,A160,Residential,0.021,0,0,Rate
366,2024,GR.LAKE/OAKFIELD COMM RESO,A160,Resource,0.021,0,0,Rate
367,2024,KETCH HARBOUR AREA RES,A170,Residential,66.67,0,0,Flat Rate
368,2024,KETCH HARBOUR AREA RES,A170,Resource,66.67,0,0,Flat Rate
369,2024,SHEET HBR STREETSCAPE T1 RES,A180,Commercial,25,0,0,Flat Rate
370,2024,SHEET HBR STREETSCAPE T1 RES,A180,Residential,25,0,0,Flat Rate
371,2024,SHEET HBR STREETSCAPE T2 RES,A190,Commercial,15,0,0,Flat Rate
372,2024,SHEET HBR STREETSCAPE T2 RES,A190,Residential,15,0,0,Flat Rate
373,2024,SHEET HBR STREETSCAPE T3 RES,A200,Commercial,5,0,0,Flat Rate
374,2024,SHEET HBR STREETSCAPE T3 RES,A200,Residential,5,0,0,Flat Rate
375,2024,WAVERLEY COMMUNITY ASSOCIATION,A210,Commercial,35,0,0,Flat Rate
376,2024,WAVERLEY COMMUNITY ASSOCIATION,A210,Residential,35,0,0,Flat Rate
377,2024,WAVERLEY COMMUNITY ASSOCIATION,A210,Resource,35,0,0,Flat Rate
378,2024,HALIFAX DOWNTOWN BID,B000,Commercial,0.13,500,0,Rate
379,2024,DARTMOUTH DOWNTOWN BID,B010,Commercial,0.36,300,0,Rate
380,2024,SPRING GARDEN ROAD BID,B020,Commercial,0.34,500,23000,Rate
381,2024,QUINPOOL ROAD BID,B030,Commercial,0.22,350,25000,Rate
382,2024,SPRYFIELD BID,B040,Commercial,0.32,500,15000,Rate
383,2024,DARTMOUTH MAIN STREET BID,B050,Commercial,0.2,250,0,Rate
384,2024,SACKVILLE BID,B060,Commercial,0.17,250,7000,Rate
385,2024,NORTH END COMMERCIAL BID,B070,Commercial,0.18,450,10000,Rate
386,2024,PORTERS LAKE COMMERCIAL BID,B080,Commercial,0.1,300,3000,Rate
387,2024,URBAN GENERAL RATE-RESIDENTIAL,M010,Residential,0.659,0,0,Rate
388,2024,URBAN GENERAL RATE-RESOURCE,M010,Resource,0.659,0,0,Rate
389,2024,SUBURBAN GENERAL RATE-RESIDENT,M020,Residential,0.626,0,0,Rate
390,2024,SUBURBAN GENERAL RATE-RESOURCE,M020,Resource,0.626,0,0,Rate
391,2024,RURAL GENERAL RATE-RESIDENTIAL,M030,Residential,0.626,0,0,Rate
392,2024,RURAL GENERAL RATE-RESOURCE,M030,Resource,0.626,0,0,Rate
393,2024,SUPPLEMENTARY EDUCATION-COM,M040,Commercial,0.042,0,0,Rate
394,2024,SUPPLEMENTARY EDUCATION-RESIDE,M040,Residential,0.017,0,0,Rate
395,2024,SUPPLEMENTARY EDUCATION-RESOUR,M040,Resource,0.017,0,0,Rate
396,2024,FIRE PROTECTION (HYDRANTS)-COM,M050,Commercial,0.034,0,0,Rate
397,2024,FIRE PROTECTION (HYDRANTS)-RES,M050,Residential,0.014,0,0,Rate
398,2024,FIRE PROTECT (HYDRANTS)-RESOUR,M050,Resource,0.014,0,0,Rate
399,2024,FIRE PROTECTION COM EXEMPT,M052,Commercial Exempt,0.034,0,0,Rate
400,2024,FIRE PROTECTION -RESI EXEMPT,M052,Residential Exempt,0.014,0,0,Rate
401,2024,FIRE PROTECTION RESO EXEMPT,M052,Resource Exempt,0.014,0,0,Rate
402,2024,LOCAL TRANSIT-RESIDENTIAL,M060,Residential,0.092,0,0,Rate
403,2024,LOCAL TRANSIT-RESOURCE,M060,Resource,0.092,0,0,Rate
404,2024,CLIMATE CHANGE-COMMERCIAL,M080,Commercial,0.077,0,0,Rate
405,2024,CLIMATE CHANGE-RESIDENTIAL,M080,Residential,0.019,0,0,Rate
406,2024,CLIMATE CHANGE-RESOURCE,M080,Resource,0.019,0,0,Rate
407,2024,Stormwater Right Of Way-COMMER,M090,Commercial,0.009,0,0,Rate
408,2024,Stormwater Right Of Way-RESIDE,M090,Residential,0.009,0,0,Rate
409,2024,Stormwater Right Of Way-RESOUR,M090,Resource,0.009,0,0,Rate
410,2024,Business Park Area-COMMERCIAL,M100,Commercial,0,0,0,Tiered Rate
411,2024,Industrial Park Area-COMMERCIA,M110,Commercial,0,0,0,Tiered Rate
412,2024,Downtown/Community-COMMERCIAL,M120,Commercial,0,0,0,Tiered Rate
413,2024,Community Area-COMMERCIAL,M130,Commercial,0,0,0,Tiered Rate
414,2024,Rural Area-COMMERCIAL,M140,Commercial,2.607,0,0,Rate
415,2024,NON PROFIT ACREAGE,M410,Non-Profit Acre,47.19,0,0,Mandatory Rate
416,2024,COMMERCIAL FOREST,M610,Commercial Forrest Acre,0.41,0,0,Mandatory Rate
417,2024,RESOURCE FOREST,M710,Resource Forrest Acre,0.269,0,0,Mandatory Rate
418,2024,PROPERTY VALU SERVICE TAX-COM,P010,Commercial,0.011,0,0,Rate
419,2024,PROPERTY VALUATION SERVICE TAX,P010,Residential,0.011,0,0,Rate
420,2024,PROPERTY VALU SERVICE TAX-RESO,P010,Resource,0.011,0,0,Rate
421,2024,EDUCATION TAX-COMMERCIAL,P030,Commercial,0.289,0,0,Rate
422,2024,EDUCATION TAX-RESIDENTIAL,P030,Residential,0.289,0,0,Rate
423,2024,EDUCATION TAX-RESOURCE,P030,Resource,0.289,0,0,Rate
424,2024,PETPESWICK DR PRIV ROAD RES,R000,Commercial,300,0,0,Flat Rate
425,2024,PETPESWICK DR PRIV ROAD RES,R000,Residential,300,0,0,Flat Rate
426,2024,PETPESWICK DR PRIV ROAD RES,R000,Resource,300,0,0,Flat Rate
427,2024,THREE BROOKS PRIV ROAD RES,R010,Commercial,590,0,0,Flat Rate
428,2024,THREE BROOKS PRIV ROAD RES,R010,Residential,590,0,0,Flat Rate
429,2024,THREE BROOKS PRIV ROAD RES,R010,Resource,590,0,0,Flat Rate
430,2024,SOUTHWEST GRAND LAKE PRIV RDT1,R020,Commercial,650,0,0,Flat Rate
431,2024,SOUTHWEST GRAND LAKE PRIV RDT1,R020,Residential,650,0,0,Flat Rate
432,2024,SOUTHWEST GRAND LAKE PRIV RDT1,R020,Resource,650,0,0,Flat Rate
433,2024,SOUTHWEST GRAND LAKE PRIV RDT2,R030,Commercial,750,0,0,Flat Rate
434,2024,SOUTHWEST GRAND LAKE PRIV RDT2,R030,Residential,750,0,0,Flat Rate
435,2024,SOUTHWEST GRAND LAKE PRIV RDT2,R030,Resource,750,0,0,Flat Rate
436,2024,SOUTHWEST GRAND LAKE PRIV RDT3,R040,Commercial,900,0,0,Flat Rate
437,2024,SOUTHWEST GRAND LAKE PRIV RDT3,R040,Residential,900,0,0,Flat Rate
438,2024,SOUTHWEST GRAND LAKE PRIV RDT3,R040,Resource,900,0,0,Flat Rate
439,2024,SOUTHWEST GRAND LAKE PRIV RDT4,R050,Commercial,1050,0,0,Flat Rate
440,2024,SOUTHWEST GRAND LAKE PRIV RDT4,R050,Residential,1050,0,0,Flat Rate
441,2024,SOUTHWEST GRAND LAKE PRIV RDT4,R050,Resource,1050,0,0,Flat Rate
442,2024,RIVER BEND/RIVER CRT MAINT RES,R060,Commercial,350,0,0,Flat Rate
443,2024,RIVER BEND/RIVER CRT MAINT RES,R060,Residential,350,0,0,Flat Rate
444,2024,RIVER BEND/RIVER CRT MAINT RES,R060,Resource,350,0,0,Flat Rate
445,2024,RANGE ROAD PRIVATE ROAD RES,R070,Commercial,150,0,0,Flat Rate
446,2024,RANGE ROAD PRIVATE ROAD RES,R070,Residential,150,0,0,Flat Rate
447,2024,RANGE ROAD PRIVATE ROAD RES,R070,Resource,150,0,0,Flat Rate
448,2024,RUTTER COURT RESIDENTS RES,R080,Commercial,450,0,0,Flat Rate
449,2024,RUTTER COURT RESIDENTS RES,R080,Residential,450,0,0,Flat Rate
450,2024,RUTTER COURT RESIDENTS RES,R080,Resource,450,0,0,Flat Rate
451,2024,BALD ROCK RD MAINTENANCE RES,R090,Commercial,385.33,0,0,Flat Rate
452,2024,BALD ROCK RD MAINTENANCE RES,R090,Residential,385.33,0,0,Flat Rate
453,2024,BALD ROCK RD MAINTENANCE RES,R090,Resource,385.33,0,0,Flat Rate
454,2024,ST MARG RD MAINTENANCE RES,R100,Commercial,450,0,0,Flat Rate
455,2024,ST MARG RD MAINTENANCE RES,R100,Residential,450,0,0,Flat Rate
456,2024,ST MARG RD MAINTENANCE RES,R100,Resource,450,0,0,Flat Rate
457,2024,BLACK'S SUBDIV RATE PAY RES,R110,Commercial,150,0,0,Flat Rate
458,2024,BLACK'S SUBDIV RATE PAY RES,R110,Residential,150,0,0,Flat Rate
459,2024,BLACK'S SUBDIV RATE PAY RES,R110,Resource,150,0,0,Flat Rate
460,2024,REDOUBT HEAD HOMEOWN RES,R120,Commercial,500,0,0,Flat Rate
461,2024,REDOUBT HEAD HOMEOWN RES,R120,Residential,500,0,0,Flat Rate
462,2024,REDOUBT HEAD HOMEOWN RES,R120,Resource,500,0,0,Flat Rate
463,2024,MARINER'S ANCHORAGE RES,R130,Commercial,300,0,0,Flat Rate
464,2024,MARINER'S ANCHORAGE RES,R130,Residential,300,0,0,Flat Rate
465,2024,MARINER'S ANCHORAGE RES,R130,Resource,300,0,0,Flat Rate
466,2024,ST MARG BAY HEIGHTS PR RES,R140,Commercial,340,0,0,Flat Rate
467,2024,ST MARG BAY HEIGHTS PR RES,R140,Residential,340,0,0,Flat Rate
468,2024,ST MARG BAY HEIGHTS PR RES,R140,Resource,340,0,0,Flat Rate
469,2024,SHILOH /KARLA DR ROAD RES,R150,Commercial,700,0,0,Flat Rate
470,2024,SHILOH /KARLA DR ROAD RES,R150,Residential,700,0,0,Flat Rate
471,2024,SHILOH /KARLA DR ROAD RES,R150,Resource,700,0,0,Flat Rate
472,2024,KELLY POINT PRIVATE ROAD RES,R160,Commercial,900,0,0,Flat Rate
473,2024,KELLY POINT PRIVATE ROAD RES,R160,Residential,900,0,0,Flat Rate
474,2024,KELLY POINT PRIVATE ROAD RES,R160,Resource,900,0,0,Flat Rate
475,2024,JENNA LANE PRIVATE ROAD RES,R170,Commercial,625,0,0,Flat Rate
476,2024,JENNA LANE PRIVATE ROAD RES,R170,Residential,625,0,0,Flat Rate
477,2024,JENNA LANE PRIVATE ROAD RES,R170,Resource,625,0,0,Flat Rate
478,2024,BAYVIEW HOMEOWNERS SOC RES,R180,Commercial,600,0,0,Flat Rate
479,2024,BAYVIEW HOMEOWNERS SOC RES,R180,Residential,600,0,0,Flat Rate
480,2024,BAYVIEW HOMEOWNERS SOC RES,R180,Resource,600,0,0,Flat Rate
481,2024,CAMBRIAN'S COVE HOMEOWNER RES,R190,Commercial,680,0,0,Flat Rate
482,2024,CAMBRIAN'S COVE HOMEOWNER RES,R190,Residential,680,0,0,Flat Rate
483,2024,CAMBRIAN'S COVE HOMEOWNER RES,R190,Resource,680,0,0,Flat Rate
484,2024,SELOA RD MAINTENANCE RES,R200,Commercial,900,0,0,Flat Rate
485,2024,SELOA RD MAINTENANCE RES,R200,Residential,900,0,0,Flat Rate
486,2024,SELOA RD MAINTENANCE RES,R200,Resource,900,0,0,Flat Rate
487,2024,BLACK'S SUBDIV RATE PAY RES 75,R210,Commercial,75,0,0,Flat Rate
488,2024,BLACK'S SUBDIV RATE PAY RES 75,R210,Residential,75,0,0,Flat Rate
489,2024,BLACK'S SUBDIV RATE PAY RES 75,R210,Resource,75,0,0,Flat Rate
490,2024,GILL COVE RD MAINT RES,R220,Commercial,250,0,0,Flat Rate
491,2024,GILL COVE RD MAINT RES,R220,Residential,250,0,0,Flat Rate
492,2024,GILL COVE RD MAINT RES,R220,Resource,250,0,0,Flat Rate
493,2025,FRAME SUB HOMEOWNERS RES,A000,Residential,45,0,0,Flat Rate
494,2025,FRAME SUB HOMEOWNERS RES,A000,Resource,45,0,0,Flat Rate
495,2025,HALIBURTON/HIGHBURY REC RES,A010,Residential,0.023,0,0,Rate
496,2025,HALIBURTON/HIGHBURY RE RESO,A010,Resource,0.023,0,0,Rate
497,2025,SILVERSIDES RESIDENTS RES,A020,Commercial,100,0,0,Flat Rate
498,2025,SILVERSIDES RESIDENTS RES,A020,Residential,100,0,0,Flat Rate
499,2025,SILVERSIDES RESIDENTS RES,A020,Resource,100,0,0,Flat Rate
500,2025,HIGHLAND PARK REC ASSOC RES,A030,Residential,0.005,0,0,Rate
501,2025,HIGHLAND PARK REC ASSO RESO,A030,Resource,0.005,0,0,Rate
502,2025,KINGSWOOD RATEPAYERS RES,A040,Commercial,50,0,0,Flat Rate
503,2025,KINGSWOOD RATEPAYERS RES,A040,Residential,50,0,0,Flat Rate
504,2025,KINGSWOOD RATEPAYERS RES,A040,Resource,50,0,0,Flat Rate
505,2025,LWF RECREATION - RESIDENTIAL,A050,Residential,0.03,0,0,Rate
506,2025,LWF RECREATION - RESOURCE,A050,Resource,0.03,0,0,Rate
507,2025,MINEVILLE COMMUNITY RES,A070,Commercial,20,0,0,Flat Rate
508,2025,MINEVILLE COMMUNITY RES,A070,Residential,20,0,0,Flat Rate
509,2025,MINEVILLE COMMUNITY RES,A070,Resource,20,0,0,Flat Rate
510,2025,MUSQUODOBOIT HBR COMMON RES,A080,Residential,0.005,0,0,Rate
511,2025,MUSQUODOBOIT HBR COM RESO,A080,Resource,0.005,0,0,Rate
512,2025,PROSPECT ROAD REC ASSOC - RES,A090,Residential,0.012,0,0,Rate
513,2025,PROSPECT ROAD REC ASSO - RESO,A090,Resource,0.012,0,0,Rate
514,2025,SACK HEIGHTS COMM CENTRE COM,A100,Commercial,0.007,0,0,Rate
515,2025,SACK HEIGHTS COMM CENTRE RES,A100,Residential,0.007,0,0,Rate
516,2025,SACK HEIGHTS COM CENTRE RESO,A100,Resource,0.007,0,0,Rate
517,2025,FOX HOLLOW ST MARGS BAY RES,A110,Commercial,60,0,0,Flat Rate
518,2025,FOX HOLLOW ST MARGS BAY RES,A110,Residential,60,0,0,Flat Rate
519,2025,FOX HOLLOW ST MARGS BAY RES,A110,Resource,60,0,0,Flat Rate
520,2025,GLEN ARBOUR RESIDENTS RES,A120,Commercial,65,0,0,Flat Rate
521,2025,GLEN ARBOUR RESIDENTS RES,A120,Residential,65,0,0,Flat Rate
522,2025,GLEN ARBOUR RESIDENTS RES,A120,Resource,65,0,0,Flat Rate
523,2025,THREE BROOKS HOMEOWNERS RES,A130,Residential,60,0,0,Flat Rate
524,2025,THREE BROOKS HOMEOWNERS RES,A130,Resource,60,0,0,Flat Rate
525,2025,WESTWOOD HILLS RESIDENTS RES,A140,Residential,50,0,0,Flat Rate
526,2025,WESTWOOD HILLS RESIDENTS RES,A140,Resource,50,0,0,Flat Rate
527,2025,GR.LAKE/OAKFIELD COMM'Y RES,A160,Residential,0.021,0,0,Rate
528,2025,GR.LAKE/OAKFIELD COMM RESO,A160,Resource,0.021,0,0,Rate
529,2025,KETCH HARBOUR AREA RES,A170,Residential,66.67,0,0,Flat Rate
530,2025,KETCH HARBOUR AREA RES,A170,Resource,66.67,0,0,Flat Rate
531,2025,SHEET HBR STREETSCAPE T1 RES,A180,Commercial,25,0,0,Flat Rate
532,2025,SHEET HBR STREETSCAPE T1 RES,A180,Residential,25,0,0,Flat Rate
533,2025,SHEET HBR STREETSCAPE T2 RES,A190,Commercial,15,0,0,Flat Rate
534,2025,SHEET HBR STREETSCAPE T2 RES,A190,Residential,15,0,0,Flat Rate
535,2025,SHEET HBR STREETSCAPE T3 RES,A200,Commercial,5,0,0,Flat Rate
536,2025,SHEET HBR STREETSCAPE T3 RES,A200,Residential,5,0,0,Flat Rate
537,2025,WAVERLEY COMMUNITY ASSOCIATION,A210,Commercial,35,0,0,Flat Rate
538,2025,WAVERLEY COMMUNITY ASSOCIATION,A210,Residential,35,0,0,Flat Rate
539,2025,WAVERLEY COMMUNITY ASSOCIATION,A210,Resource,35,0,0,Flat Rate
540,2025,ACTIVE TRANSPORTATION RATE,A220,Commercial,0.021,0,0,Rate
541,2025,ACTIVE TRANSPORTATION RATE,A220,Residential,0.021,0,0,Rate
542,2025,ACTIVE TRANSPORTATION RATE,A220,Resource,0.021,0,0,Rate
543,2025,HALIFAX DOWNTOWN BID,B000,Commercial,0.13,500,0,Rate
544,2025,DARTMOUTH DOWNTOWN BID,B010,Commercial,0.36,300,0,Rate
545,2025,SPRING GARDEN ROAD BID,B020,Commercial,0.34,500,23000,Rate
546,2025,QUINPOOL ROAD BID,B030,Commercial,0.22,350,30000,Rate
547,2025,SPRYFIELD BID,B040,Commercial,0.32,500,15000,Rate
548,2025,DARTMOUTH MAIN STREET BID,B050,Commercial,0.2,250,0,Rate
549,2025,SACKVILLE BID,B060,Commercial,0.17,250,7000,Rate
550,2025,NORTH END COMMERCIAL BID,B070,Commercial,0.18,450,10000,Rate
551,2025,PORTERS LAKE COMMERCIAL BID,B080,Commercial,0.1,300,3000,Rate
552,2025,URBAN GENERAL RATE-RESIDENTIAL,M010,Residential,0.661,0,0,Rate
553,2025,URBAN GENERAL RATE-RESOURCE,M010,Resource,0.661,0,0,Rate
554,2025,SUBURBAN GENERAL RATE-RESIDENT,M020,Residential,0.628,0,0,Rate
555,2025,SUBURBAN GENERAL RATE-RESOURCE,M020,Resource,0.628,0,0,Rate
556,2025,RURAL GENERAL RATE-RESIDENTIAL,M030,Residential,0.628,0,0,Rate
557,2025,RURAL GENERAL RATE-RESOURCE,M030,Resource,0.628,0,0,Rate
558,2025,SUPPLEMENTARY EDUCATION-COM,M040,Commercial,0.039,0,0,Rate
559,2025,SUPPLEMENTARY EDUCATION-RESIDE,M040,Residential,0.015,0,0,Rate
560,2025,SUPPLEMENTARY EDUCATION-RESOUR,M040,Resource,0.015,0,0,Rate
561,2025,FIRE PROTECTION (HYDRANTS)-COM,M050,Commercial,0.039,0,0,Rate
562,2025,FIRE PROTECTION (HYDRANTS)-RES,M050,Residential,0.015,0,0,Rate
563,2025,FIRE PROTECT (HYDRANTS)-RESOUR,M050,Resource,0.015,0,0,Rate
564,2025,FIRE PROTECTION COM EXEMPT,M052,Commercial Exempt,0.039,0,0,Rate
565,2025,FIRE PROTECTION -RESI EXEMPT,M052,Residential Exempt,0.015,0,0,Rate
566,2025,FIRE PROTECTION RESO EXEMPT,M052,Resource Exempt,0.015,0,0,Rate
567,2025,LOCAL TRANSIT-RESIDENTIAL,M060,Residential,0.092,0,0,Rate
568,2025,LOCAL TRANSIT-RESOURCE,M060,Resource,0.092,0,0,Rate
569,2025,CLIMATE CHANGE-COMMERCIAL,M080,Commercial,0.071,0,0,Rate
570,2025,CLIMATE CHANGE-RESIDENTIAL,M080,Residential,0.017,0,0,Rate
571,2025,CLIMATE CHANGE-RESOURCE,M080,Resource,0.017,0,0,Rate
572,2025,Stormwater Right Of Way-COMMER,M090,Commercial,0.01,0,0,Rate
573,2025,Stormwater Right Of Way-RESIDE,M090,Residential,0.01,0,0,Rate
574,2025,Stormwater Right Of Way-RESOUR,M090,Resource,0.01,0,0,Rate
575,2025,Business Park Area-COMMERCIAL,M100,Commercial,0,0,0,Tiered Rate
576,2025,Industrial Park Area-COMMERCIA,M110,Commercial,0,0,0,Tiered Rate
577,2025,Downtown/Community-COMMERCIAL,M120,Commercial,0,0,0,Tiered Rate
578,2025,Community Area-COMMERCIAL,M130,Commercial,0,0,0,Tiered Rate
579,2025,Rural Area-COMMERCIAL,M140,Commercial,2.55,0,0,Rate
580,2025,NON PROFIT ACREAGE,M410,Non-Profit Acre,49.5495,0,0,Mandatory Rate
581,2025,COMMERCIAL FOREST,M610,Commercial Forrest Acre,0.41,0,0,Mandatory Rate
582,2025,RESOURCE FOREST,M710,Resource Forrest Acre,0.269,0,0,Mandatory Rate
583,2025,PROPERTY VALU SERVICE TAX-COM,P010,Commercial,0.011,0,0,Rate
584,2025,PROPERTY VALUATION SERVICE TAX,P010,Residential,0.011,0,0,Rate
585,2025,PROPERTY VALU SERVICE TAX-RESO,P010,Resource,0.011,0,0,Rate
586,2025,EDUCATION TAX-COMMERCIAL,P030,Commercial,0.294,0,0,Rate
587,2025,EDUCATION TAX-RESIDENTIAL,P030,Residential,0.294,0,0,Rate
588,2025,EDUCATION TAX-RESOURCE,P030,Resource,0.294,0,0,Rate
589,2025,PETPESWICK DR PRIV ROAD RES,R000,Commercial,330,0,0,Flat Rate
590,2025,PETPESWICK DR PRIV ROAD RES,R000,Residential,330,0,0,Flat Rate
591,2025,PETPESWICK DR PRIV ROAD RES,R000,Resource,330,0,0,Flat Rate
592,2025,THREE BROOKS PRIV ROAD RES,R010,Commercial,590,0,0,Flat Rate
593,2025,THREE BROOKS PRIV ROAD RES,R010,Residential,590,0,0,Flat Rate
594,2025,THREE BROOKS PRIV ROAD RES,R010,Resource,590,0,0,Flat Rate
595,2025,SOUTHWEST GRAND LAKE PRIV RDT1,R020,Commercial,350,0,0,Flat Rate
596,2025,SOUTHWEST GRAND LAKE PRIV RDT1,R020,Residential,350,0,0,Flat Rate
597,2025,SOUTHWEST GRAND LAKE PRIV RDT1,R020,Resource,350,0,0,Flat Rate
598,2025,SOUTHWEST GRAND LAKE PRIV RDT2,R030,Commercial,450,0,0,Flat Rate
599,2025,SOUTHWEST GRAND LAKE PRIV RDT2,R030,Residential,450,0,0,Flat Rate
600,2025,SOUTHWEST GRAND LAKE PRIV RDT2,R030,Resource,450,0,0,Flat Rate
601,2025,SOUTHWEST GRAND LAKE PRIV RDT3,R040,Commercial,600,0,0,Flat Rate
602,2025,SOUTHWEST GRAND LAKE PRIV RDT3,R040,Residential,600,0,0,Flat Rate
603,2025,SOUTHWEST GRAND LAKE PRIV RDT3,R040,Resource,600,0,0,Flat Rate
604,2025,SOUTHWEST GRAND LAKE PRIV RDT4,R050,Commercial,750,0,0,Flat Rate
605,2025,SOUTHWEST GRAND LAKE PRIV RDT4,R050,Residential,750,0,0,Flat Rate
606,2025,SOUTHWEST GRAND LAKE PRIV RDT4,R050,Resource,750,0,0,Flat Rate
607,2025,RIVER BEND/RIVER CRT MAINT RES,R060,Commercial,500,0,0,Flat Rate
608,2025,RIVER BEND/RIVER CRT MAINT RES,R060,Residential,500,0,0,Flat Rate
609,2025,RIVER BEND/RIVER CRT MAINT RES,R060,Resource,500,0,0,Flat Rate
610,2025,RANGE ROAD PRIVATE ROAD RES,R070,Commercial,150,0,0,Flat Rate
611,2025,RANGE ROAD PRIVATE ROAD RES,R070,Residential,150,0,0,Flat Rate
612,2025,RANGE ROAD PRIVATE ROAD RES,R070,Resource,150,0,0,Flat Rate
613,2025,RUTTER COURT RESIDENTS RES,R080,Commercial,450,0,0,Flat Rate
614,2025,RUTTER COURT RESIDENTS RES,R080,Residential,450,0,0,Flat Rate
615,2025,RUTTER COURT RESIDENTS RES,R080,Resource,450,0,0,Flat Rate
616,2025,BALD ROCK RD MAINTENANCE RES,R090,Commercial,445.33,0,0,Flat Rate
617,2025,BALD ROCK RD MAINTENANCE RES,R090,Residential,445.33,0,0,Flat Rate
618,2025,BALD ROCK RD MAINTENANCE RES,R090,Resource,445.33,0,0,Flat Rate
619,2025,ST MARG RD MAINTENANCE RES,R100,Commercial,450,0,0,Flat Rate
620,2025,ST MARG RD MAINTENANCE RES,R100,Residential,450,0,0,Flat Rate
621,2025,ST MARG RD MAINTENANCE RES,R100,Resource,450,0,0,Flat Rate
622,2025,BLACK'S SUBDIV RATE PAY RES,R110,Commercial,150,0,0,Flat Rate
623,2025,BLACK'S SUBDIV RATE PAY RES,R110,Residential,150,0,0,Flat Rate
624,2025,BLACK'S SUBDIV RATE PAY RES,R110,Resource,150,0,0,Flat Rate
625,2025,REDOUBT HEAD HOMEOWN RES,R120,Commercial,500,0,0,Flat Rate
626,2025,REDOUBT HEAD HOMEOWN RES,R120,Residential,500,0,0,Flat Rate
627,2025,REDOUBT HEAD HOMEOWN RES,R120,Resource,500,0,0,Flat Rate
628,2025,MARINER'S ANCHORAGE RES,R130,Commercial,300,0,0,Flat Rate
629,2025,MARINER'S ANCHORAGE RES,R130,Residential,300,0,0,Flat Rate
630,2025,MARINER'S ANCHORAGE RES,R130,Resource,300,0,0,Flat Rate
631,2025,ST MARG BAY HEIGHTS PR RES,R140,Commercial,340,0,0,Flat Rate
632,2025,ST MARG BAY HEIGHTS PR RES,R140,Residential,340,0,0,Flat Rate
633,2025,ST MARG BAY HEIGHTS PR RES,R140,Resource,340,0,0,Flat Rate
634,2025,SHILOH /KARLA DR ROAD RES,R150,Commercial,700,0,0,Flat Rate
635,2025,SHILOH /KARLA DR ROAD RES,R150,Residential,700,0,0,Flat Rate
636,2025,SHILOH /KARLA DR ROAD RES,R150,Resource,700,0,0,Flat Rate
637,2025,KELLY POINT PRIVATE ROAD RES,R160,Commercial,900,0,0,Flat Rate
638,2025,KELLY POINT PRIVATE ROAD RES,R160,Residential,900,0,0,Flat Rate
639,2025,KELLY POINT PRIVATE ROAD RES,R160,Resource,900,0,0,Flat Rate
640,2025,JENNA LANE PRIVATE ROAD RES,R170,Commercial,750,0,0,Flat Rate
641,2025,JENNA LANE PRIVATE ROAD RES,R170,Residential,750,0,0,Flat Rate
642,2025,JENNA LANE PRIVATE ROAD RES,R170,Resource,750,0,0,Flat Rate
643,2025,BAYVIEW HOMEOWNERS SOC RES,R180,Commercial,600,0,0,Flat Rate
644,2025,BAYVIEW HOMEOWNERS SOC RES,R180,Residential,600,0,0,Flat Rate
645,2025,BAYVIEW HOMEOWNERS SOC RES,R180,Resource,600,0,0,Flat Rate
646,2025,CAMBRIAN'S COVE HOMEOWNER RES,R190,Commercial,680,0,0,Flat Rate
647,2025,CAMBRIAN'S COVE HOMEOWNER RES,R190,Residential,680,0,0,Flat Rate
648,2025,CAMBRIAN'S COVE HOMEOWNER RES,R190,Resource,680,0,0,Flat Rate
649,2025,SELOA RD MAINTENANCE RES,R200,Commercial,900,0,0,Flat Rate
650,2025,SELOA RD MAINTENANCE RES,R200,Residential,900,0,0,Flat Rate
651,2025,SELOA RD MAINTENANCE RES,R200,Resource,900,0,0,Flat Rate
652,2025,BLACK'S SUBDIV RATE PAY RES 75,R210,Commercial,150,0,0,Flat Rate
653,2025,BLACK'S SUBDIV RATE PAY RES 75,R210,Residential,150,0,0,Flat Rate
654,2025,BLACK'S SUBDIV RATE PAY RES 75,R210,Resource,150,0,0,Flat Rate
655,2025,GILL COVE RD MAINT RES,R220,Commercial,250,0,0,Flat Rate
656,2025,GILL COVE RD MAINT RES,R220,Residential,250,0,0,Flat Rate
657,2025,GILL COVE RD MAINT RES,R220,Resource,250,0,0,Flat Rate
