section,rank,measure,zone,facility,procedure,period,year_quarter_index,value,surgery_rows,surgery_breaches,surgery_breach_pct,consult_rows,consult_breaches,consult_breach_pct,qoq_surgery_breach_pct,meets_min_rows,surgery_median,surgery_90th,surgery_tail_gap,consult_median,consult_90th,consult_tail_gap
constants,1,surgery_target_days,"","","","",,182,,,,,,,,,,,,,,
constants,2,consult_target_days,"","","","",,90,,,,,,,,,,,,,,
constants,3,min_measured_rows,"","","","",,9,,,,,,,,,,,,,,
constants,4,worst_lines_shown,"","","","",,25,,,,,,,,,,,,,,
coverage,1,snapshot_rows,"","","","",,6575,,,,,,,,,,,,,,
coverage,2,quarterly_period_rows,"","","","",,4014,,,,,,,,,,,,,,
coverage,3,facility_lines_analysed,"","","","",,2853,,,,,,,,,,,,,,
coverage,4,distinct_zones,"","","","",,5,,,,,,,,,,,,,,
coverage,5,distinct_facilities,"","","","",,16,,,,,,,,,,,,,,
coverage,6,distinct_procedures,"","","","",,111,,,,,,,,,,,,,,
coverage,7,distinct_quarters,"","","","",,9,,,,,,,,,,,,,,
coverage,8,first_period,"","","",2023_q2,8094,,,,,,,,,,,,,,,
coverage,9,last_period,"","","",2025_q2,8102,,,,,,,,,,,,,,,
exclusions,1,rolling_window_rows_excluded,"","","","",,2561,,,,,,,,,,,,,,
exclusions,2,provincial_rollup_rows_excluded,"","","","",,1161,,,,,,,,,,,,,,
exclusions,3,facility_rows_kept,"","","","",,2853,,,,,,,,,,,,,,
exclusions,4,row_class_reconciliation_gap,"","","","",,0,,,,,,,,,,,,,,
exclusions,5,rollup_marker_mismatches,"","","","",,0,,,,,,,,,,,,,,
exclusions,6,facility_lines_no_surgery_median,"","","","",,124,,,,,,,,,,,,,,
exclusions,7,facility_lines_no_consult_median,"","","","",,669,,,,,,,,,,,,,,
exclusions,8,snapshot_rows_blank_specialty,"","","","",,4738,,,,,,,,,,,,,,
exclusions,9,snapshot_rows_blank_provider,"","","","",,4764,,,,,,,,,,,,,,
exclusions,10,facility_lines_blank_specialty,"","","","",,2853,,,,,,,,,,,,,,
exclusions,11,facility_lines_blank_provider,"","","","",,2853,,,,,,,,,,,,,,
exclusions,12,facilities_below_min_measured_rows,"","","","",,1,,,,,,,,,,,,,,
exclusions,13,procedures_below_min_measured_rows,"","","","",,10,,,,,,,,,,,,,,
breach_summary,1,surgery_median_vs_target,"","","","",,182,2729,276,10.11,,,,,,,,,,,
breach_summary,2,consult_median_vs_target,"","","","",,90,,,,2184,671,30.72,,,,,,,,
breach_summary,3,surgery_tail_gap_days_median,"","","","",,92,,,,,,,,,,,,,,
breach_summary,4,surgery_tail_gap_days_max,"","","","",,1323,,,,,,,,,,,,,,
breach_summary,5,consult_tail_gap_days_median,"","","","",,113,,,,,,,,,,,,,,
breach_summary,6,consult_tail_gap_days_max,"","","","",,2130,,,,,,,,,,,,,,
worst_facilities,1,"",IWK,IWK,Dental Extractions and Restorations (Adult),2024_q2,8098,196,196,56,28.57,87,48,55.17,,1,560,1301,741,,,
worst_facilities,2,"",Zone 1,Valley Regional,Hip Replacement,2023_q2,8094,285,281,49,17.44,235,87,37.02,,1,487,664,177,152,400,248
worst_facilities,3,"",Zone 3,Cape Breton Regional,Removal of Ovaries and/or Fallopian Tubes (Cancer Not Suspected),2023_q4,8096,279,268,33,12.31,232,53,22.84,,1,446,484,38,48,107,59
worst_facilities,4,"",Zone 3,St. Martha's Regional,Hernia Repair - Laparoscopic Inguinal Femoral,2025_q1,8101,169,143,15,10.49,132,45,34.09,,1,275,573,298,34,240,206
worst_facilities,5,"",Zone 4,QE2,Surgery for Hearing or Balance Problems of the Ear,2023_q3,8095,789,769,76,9.88,645,177,27.44,,1,503,1093,590,149,392,243
worst_facilities,6,"",Zone 2,Colchester East Hants Health Centre,Male Reproductive System Surgery,2024_q1,8097,151,134,13,9.70,125,36,28.80,,1,385,629,244,169,593,424
worst_facilities,7,"",Zone 4,Dartmouth General,Knee Replacement Revision,2023_q2,8094,287,278,22,7.91,234,66,28.21,,1,299,337,38,,,
worst_facilities,8,"",Zone 1,South Shore Regional,Cataract Surgery,2023_q2,8094,189,188,6,3.19,150,39,26.00,,1,295,389,94,113,140,27
worst_facilities,9,"",Zone 4,Hants Community Hospital,Hernia Repair (Adult),2024_q1,8097,79,78,2,2.56,61,32,52.46,,1,200,363,163,178,433,255
worst_facilities,10,"",Zone 2,Aberdeen Hospital,Shoulder Arthroscopy,2025_q2,8102,141,123,1,0.81,113,42,37.17,,1,214,337,123,72,246,174
worst_facilities,11,"",Zone 1,Yarmouth Regional,Cataract Surgery,2023_q2,8094,141,141,1,0.71,81,18,22.22,,1,200,256,56,149,216,67
worst_facilities,12,"",Zone 2,Cumberland Regional,Dental Extractions and Restorations (Pediatric),2025_q1,8101,70,70,0,0.00,54,9,16.67,,1,116,196,80,22,34,12
worst_facilities,13,"",Zone 3,Inverness Consolidated Memorial,Hernia Repair (Adult),2024_q4,8100,17,17,0,0.00,9,4,44.44,,1,121,453,332,,,
worst_facilities,14,"",Zone 3,Northside General,Cystoscopy,2025_q2,8102,26,26,0,0.00,0,0,,,1,139,433,294,,,
worst_facilities,15,"",Zone 1,Soldiers Memorial,Cataract Surgery,2023_q2,8094,9,9,0,0.00,9,2,22.22,,1,117,214,97,30,69,39
worst_facilities,16,"",Zone 3,Glace Bay,Dental Extractions and Restorations (Pediatric),2024_q2,8098,25,8,2,25.00,17,13,76.47,,0,239,323,84,,,
worst_procedures,1,"","",IWK,Back Surgery (Pediatric),2023_q2,8094,9,9,9,100.00,0,0,,,1,482,715,233,,,
worst_procedures,2,"","",QE2,Bariatric Surgery (for Weight Loss),2023_q2,8094,9,9,9,100.00,9,3,33.33,,1,314,385,71,54,97,43
worst_procedures,3,"","",QE2,Maxillofacial Deformity Surgery,2024_q4,8100,9,9,8,88.89,9,9,100.00,,1,265,552,287,355,582,227
worst_procedures,4,"","",Valley Regional,Shoulder Arthroplasty,2023_q2,8094,18,18,14,77.78,17,10,58.82,,1,400,586,186,113,706,593
worst_procedures,5,"","",Valley Regional,Shoulder Surgery,2023_q2,8094,18,18,14,77.78,18,11,61.11,,1,400,586,186,113,706,593
worst_procedures,6,"","",IWK,Pelvic Floor Repair,2025_q1,8101,18,9,6,66.67,17,15,88.24,,1,272,433,161,176,460,284
worst_procedures,7,"","",IWK,Strabismus Surgery (Pediatric),2024_q3,8099,9,9,5,55.56,0,0,,,1,246,634,388,,,
worst_procedures,8,"","",Dartmouth General,Hip Arthroscopy,2023_q3,8095,9,9,4,44.44,9,0,0.00,,1,258,321,63,72,132,60
worst_procedures,9,"","",Valley Regional,Knee Replacement,2023_q2,8094,45,45,20,44.44,45,43,95.56,,1,483,634,151,242,366,124
worst_procedures,10,"","",QE2,Knee Replacement - Partial,2023_q2,8094,9,9,4,44.44,8,8,100.00,,1,365,531,166,381,420,39
worst_procedures,11,"","",St. Martha's Regional,Hernia Repair - Laparoscopic Inguinal Femoral,2025_q1,8101,26,18,7,38.89,26,10,38.46,,1,275,573,298,34,240,206
worst_procedures,12,"","",QE2,Gastric Surgery - Laparoscopic,2024_q1,8097,9,9,3,33.33,9,2,22.22,,1,196,492,296,68,475,407
worst_procedures,13,"","",Dartmouth General,Hemorrhoidectomy,2024_q3,8099,9,9,3,33.33,0,0,,,1,261,733,472,,,
worst_procedures,14,"","",QE2,Nissen Fundoplication - Laparoscopic,2023_q3,8095,9,9,3,33.33,9,1,11.11,,1,242,514,272,82,476,394
worst_procedures,15,"","",QE2,Temperomandibular Joint Surgery (TMJ),2023_q2,8094,9,9,3,33.33,8,8,100.00,,1,261,574,313,346,818,472
worst_procedures,16,"","",IWK,Dental Extractions and Restorations (Adult),2024_q2,8098,36,36,10,27.78,18,13,72.22,,1,560,1301,741,,,
worst_procedures,17,"","",Cape Breton Regional,Tonsillectomy and/or Adenoidectomy (Pediatric),2025_q2,8102,36,36,10,27.78,27,20,74.07,,1,261,383,122,55,106,51
worst_procedures,18,"","",Cape Breton Regional,Septoplasty,2024_q2,8098,53,53,12,22.64,44,24,54.55,,1,360,390,30,41,152,111
worst_procedures,19,"","",QE2,Cornea and External Disease,2024_q3,8099,9,9,2,22.22,9,2,22.22,,1,206,428,222,56,232,176
worst_procedures,20,"","",QE2,Hand / Upper Extremity,2023_q3,8095,9,9,2,22.22,9,7,77.78,,1,212,699,487,280,528,248
worst_procedures,21,"","",Cape Breton Regional,Hysterectomy (Cancer Not Suspected),2024_q1,8097,90,90,20,22.22,79,37,46.84,,1,357,535,178,51,243,192
worst_procedures,22,"","",QE2,Strabismus Surgery (Adult),2025_q1,8101,9,9,2,22.22,9,8,88.89,,1,218,358,140,198,961,763
worst_procedures,23,"","",Cape Breton Regional,Removal of Ovaries and/or Fallopian Tubes (Cancer Not Suspected),2023_q4,8096,35,33,7,21.21,35,21,60.00,,1,446,484,38,48,107,59
worst_procedures,24,"","",Valley Regional,Hip Replacement,2023_q2,8094,45,45,9,20.00,45,42,93.33,,1,487,664,177,152,400,248
worst_procedures,25,"","",IWK,Dental Extractions and Restorations (Pediatric),2023_q3,8095,53,53,9,16.98,36,15,41.67,,1,329,875,546,88,409,321
worst_procedures,26,"","",IWK,Tendon / Ligament Repair,2023_q2,8094,18,18,3,16.67,9,2,22.22,,1,203,375,172,,,
worst_procedures,27,"","",Valley Regional,Male Circumcision (Adult),2024_q4,8100,34,26,4,15.38,16,9,56.25,,1,218,1118,900,,,
worst_procedures,28,"","",Colchester East Hants Health Centre,Prostate Surgery,2024_q2,8098,63,63,9,14.29,36,1,2.78,,1,324,531,207,,,
worst_procedures,29,"","",Valley Regional,Shoulder Arthroscopy,2023_q2,8094,63,63,8,12.70,63,22,34.92,,1,350,451,101,63,133,70
worst_procedures,30,"","",Dartmouth General,Head and Neck Surgery,2024_q1,8097,18,18,2,11.11,18,0,0.00,,1,246,1181,935,14,99,85
worst_procedures,31,"","",IWK,Hernia Repair (Pediatric),2024_q1,8097,9,9,1,11.11,8,2,25.00,,1,218,436,218,70,149,79
worst_procedures,32,"","",Dartmouth General,Knee Replacement Revision,2023_q2,8094,18,18,2,11.11,0,0,,,1,299,337,38,,,
worst_procedures,33,"","",QE2,Knee Scope with ACL Repair,2025_q2,8102,9,9,1,11.11,9,2,22.22,,1,243,375,132,238,277,39
worst_procedures,34,"","",Cape Breton Regional,Oculo Plastic Surgery,2023_q4,8096,18,18,2,11.11,9,4,44.44,,1,213,267,54,,,
worst_procedures,35,"","",Colchester East Hants Health Centre,Male Reproductive System Surgery,2024_q1,8097,62,62,6,9.68,52,28,53.85,,1,385,629,244,169,593,424
worst_procedures,36,"","",Cape Breton Regional,Hernia Repair (Adult),2024_q3,8099,116,107,9,8.41,108,45,41.67,,1,292,685,393,283,526,243
worst_procedures,37,"","",South Shore Regional,Cataract Surgery,2023_q2,8094,72,72,6,8.33,72,48,66.67,,1,295,389,94,113,140,27
worst_procedures,38,"","",St. Martha's Regional,Carpal Tunnel Surgery,2023_q3,8095,54,52,4,7.69,25,8,32.00,,1,249,293,44,,,
worst_procedures,39,"","",Valley Regional,Functional Endoscopic Sinus Surgery (FESS),2025_q2,8102,35,26,2,7.69,18,0,0.00,,1,342,378,36,,,
worst_procedures,40,"","",Colchester East Hants Health Centre,Hernia Repair - Incisional,2025_q1,8101,26,26,2,7.69,18,7,38.89,,1,209,371,162,,,
worst_procedures,41,"","",QE2,Surgery for Hearing or Balance Problems of the Ear,2023_q3,8095,54,54,4,7.41,44,28,63.64,,1,503,1093,590,149,392,243
worst_procedures,42,"","",IWK,Hernia Repair - Umbilical,2024_q1,8097,53,45,3,6.67,44,14,31.82,,1,323,347,24,,,
worst_procedures,43,"","",Valley Regional,Ear Tubes (Pediatric),2024_q4,8100,36,35,2,5.71,35,10,28.57,,1,191,287,96,167,167,0
worst_procedures,44,"","",Cape Breton Regional,Thyroid or Parathyroid Surgery,2024_q2,8098,36,36,2,5.56,36,0,0.00,,1,254,491,237,49,154,105
worst_procedures,45,"","",Cape Breton Regional,Hernia Repair - Inguinal/Femoral,2024_q2,8098,107,99,3,3.03,98,36,36.73,,1,247,408,161,323,724,401
worst_procedures,46,"","",QE2,Knee Scope,2023_q4,8096,63,60,1,1.67,60,13,21.67,,1,327,667,340,90,108,18
worst_procedures,47,"","",Dartmouth General,Bladder Cancer Surgery,2023_q3,8095,71,71,1,1.41,36,0,0.00,,1,279,1356,1077,,,
worst_procedures,48,"","",QE2,AV Fistula Creation/Closure,2024_q1,8097,9,9,0,0.00,0,0,,,1,47,97,50,,,
worst_procedures,49,"","",QE2,Aneurysm Repair,2024_q2,8098,9,9,0,0.00,9,1,11.11,,1,65,156,91,19,69,50
worst_procedures,50,"","",QE2,Back Surgery (Adult),2023_q4,8096,9,9,0,0.00,9,5,55.56,,1,127,235,108,82,448,366
worst_procedures,51,"","",Cape Breton Regional,Bladder Surgery,2025_q1,8101,18,18,0,0.00,9,0,0.00,,1,70,107,37,,,
worst_procedures,52,"","",Valley Regional,Bowel Resection,2024_q4,8100,61,61,0,0.00,45,0,0.00,,1,53,109,56,31,118,87
worst_procedures,53,"","",QE2,Bowel Resection - Laparoscopic,2024_q3,8099,35,35,0,0.00,35,0,0.00,,1,77,167,90,36,287,251
worst_procedures,54,"","",QE2,Bowel Resection - Open,2023_q2,8094,26,26,0,0.00,17,0,0.00,,1,82,404,322,19,100,81
worst_procedures,55,"","",QE2,Brain Surgery (Adult),2023_q2,8094,9,9,0,0.00,9,0,0.00,,1,54,170,116,35,344,309
worst_procedures,56,"","",Colchester East Hants Health Centre,Breast Cancer Surgery,2025_q1,8101,72,72,0,0.00,72,0,0.00,,1,47,61,14,13,20,7
worst_procedures,57,"","",QE2,Breast Reconstruction,2023_q2,8094,9,9,0,0.00,8,5,62.50,,1,110,782,672,,,
worst_procedures,58,"","",QE2,Breast Reduction Surgery,2023_q3,8095,18,9,0,0.00,18,13,72.22,,1,109,231,122,1187,1367,180
worst_procedures,59,"","",QE2,Cardiac Valve Replacement,2024_q4,8100,9,9,0,0.00,0,0,,,1,70,124,54,,,
worst_procedures,60,"","",QE2,Cardiovascular Surgery,2024_q4,8100,9,9,0,0.00,0,0,,,1,68,136,68,,,
worst_procedures,61,"","",QE2,Cervical Spine (Neck) Surgery,2024_q1,8097,9,9,0,0.00,9,0,0.00,,1,107,328,221,59,273,214
worst_procedures,62,"","",Valley Regional,Colorectal Cancer Surgery,2024_q4,8100,45,45,0,0.00,35,0,0.00,,1,44,93,49,30,66,36
worst_procedures,63,"","",QE2,Coronary Artery Bypass Graft,2024_q4,8100,9,9,0,0.00,0,0,,,1,67,122,55,,,
worst_procedures,64,"","",QE2,Craniotomy or Craniectomy,2023_q4,8096,9,9,0,0.00,0,0,,,1,160,225,65,,,
worst_procedures,65,"","",Northside General,Cystoscopy,2025_q2,8102,81,81,0,0.00,63,1,1.59,,1,139,433,294,,,
worst_procedures,66,"","",Yarmouth Regional,Ear Tubes (Adult),2023_q4,8096,9,9,0,0.00,0,0,,,1,69,258,189,,,
worst_procedures,67,"","",QE2,Endarterectomy,2023_q3,8095,9,9,0,0.00,0,0,,,1,64,83,19,,,
worst_procedures,68,"","",QE2,Esophagectomy / Esophageal Surgery,2024_q3,8099,9,9,0,0.00,8,0,0.00,,1,50,83,33,21,107,86
worst_procedures,69,"","",QE2,Female Incontinence Surgery,2023_q3,8095,9,9,0,0.00,0,0,,,1,174,329,155,,,
worst_procedures,70,"","",St. Martha's Regional,Gallbladder Surgery,2025_q1,8101,107,98,0,0.00,106,13,12.26,,1,181,278,97,42,85,43
worst_procedures,71,"","",QE2,Gastric Surgery,2023_q4,8096,9,9,0,0.00,9,0,0.00,,1,55,109,54,23,38,15
worst_procedures,72,"","",IWK,Gastrointestinal Tract Surgery,2023_q2,8094,81,81,0,0.00,43,4,9.30,,1,101,328,227,,,
worst_procedures,73,"","",QE2,Gastrointestinal Tract Surgery - Laparoscopic,2024_q3,8099,52,43,0,0.00,44,0,0.00,,1,77,167,90,36,287,251
worst_procedures,74,"","",QE2,Glaucoma (Eye Pressure Lowering Surgery),2023_q3,8095,9,9,0,0.00,9,0,0.00,,1,31,118,87,41,260,219
worst_procedures,75,"","",QE2,Hysterectomy (Cancer Suspected or Proven),2023_q3,8095,9,9,0,0.00,9,0,0.00,,1,55,76,21,13,21,8
worst_procedures,76,"","",Cape Breton Regional,Hysteroscopy,2024_q3,8099,81,81,0,0.00,72,1,1.39,,1,115,180,65,,,
worst_procedures,77,"","",IWK,Insertion Vascular Access Catheter,2023_q2,8094,17,17,0,0.00,0,0,,,1,69,300,231,,,
worst_procedures,78,"","",QE2,Kidney / Upper Urinary Tract,2023_q2,8094,18,18,0,0.00,8,1,12.50,,1,57,267,210,,,
worst_procedures,79,"","",QE2,Kidney Removal,2024_q3,8099,18,18,0,0.00,9,0,0.00,,1,87,182,95,13,54,41
worst_procedures,80,"","",Cape Breton Regional,Kidney Stone Surgery,2024_q3,8099,45,36,0,0.00,27,0,0.00,,1,100,225,125,,,
worst_procedures,81,"","",QE2,Lacrimal Duct Probing,2025_q2,8102,9,9,0,0.00,0,0,,,1,146,264,118,,,
worst_procedures,82,"","",QE2,Laryngology and Vocal Cord Surgery,2023_q3,8095,9,9,0,0.00,9,0,0.00,,1,141,569,428,26,75,49
worst_procedures,83,"","",QE2,Liver Surgery,2025_q1,8101,9,9,0,0.00,9,0,0.00,,1,49,77,28,11,21,10
worst_procedures,84,"","",QE2,Lung Cancer Surgery,2023_q3,8095,9,9,0,0.00,9,0,0.00,,1,43,103,60,27,54,27
worst_procedures,85,"","",QE2,Lung Surgery,2023_q3,8095,9,9,0,0.00,9,0,0.00,,1,43,108,65,26,54,28
worst_procedures,86,"","",QE2,Melanoma Excision,2024_q1,8097,9,9,0,0.00,9,0,0.00,,1,24,55,31,35,138,103
worst_procedures,87,"","",QE2,Nerve Surgery,2024_q3,8099,9,9,0,0.00,9,3,33.33,,1,61,89,28,51,139,88
worst_procedures,88,"","",QE2,Nose Surgery - Reconstructive or Aesthetic,2023_q4,8096,9,9,0,0.00,8,1,12.50,,1,42,245,203,20,53,33
worst_procedures,89,"","",QE2,Orthopaedic Trauma,2024_q3,8099,18,18,0,0.00,0,0,,,1,109,134,25,,,
worst_procedures,90,"","",Aberdeen Hospital,Pacemaker Insertion,2025_q2,8102,9,9,0,0.00,0,0,,,1,63,88,25,,,
worst_procedures,91,"","",South Shore Regional,Palmar Fascia Excision for Dupuytren's Disease,2024_q1,8097,26,18,0,0.00,26,19,73.08,,1,155,309,154,133,750,617
worst_procedures,92,"","",QE2,Pancreas Surgery,2025_q2,8102,9,9,0,0.00,9,0,0.00,,1,37,61,24,14,32,18
worst_procedures,93,"","",QE2,Peritoneal Lavage or Catherization,2025_q1,8101,9,9,0,0.00,0,0,,,1,23,45,22,,,
worst_procedures,94,"","",QE2,Prostate Cancer Surgery,2024_q2,8098,9,9,0,0.00,9,0,0.00,,1,172,239,67,20,42,22
worst_procedures,95,"","",QE2,Prostate Surgery - Laparoscopic,2024_q2,8098,9,9,0,0.00,9,0,0.00,,1,174,239,65,20,42,22
worst_procedures,96,"","",QE2,Prostatectomy,2024_q2,8098,9,9,0,0.00,9,0,0.00,,1,174,239,65,20,42,22
worst_procedures,97,"","",QE2,Sacral Nerve Stimulation,2025_q1,8101,9,9,0,0.00,0,0,,,1,173,240,67,,,
worst_procedures,98,"","",QE2,Spinal Cord Stimulation Surgery,2024_q1,8097,9,9,0,0.00,0,0,,,1,120,216,96,,,
worst_procedures,99,"","",QE2,Video-Assisted Thoracic Surgery,2023_q3,8095,9,9,0,0.00,9,0,0.00,,1,43,108,65,27,56,29
worst_procedures,100,"","",QE2,Vitreoretinal Diseases,2024_q3,8099,9,9,0,0.00,9,0,0.00,,1,27,104,77,34,182,148
worst_procedures,101,"","",QE2,Whipple Procedures,2025_q2,8102,9,9,0,0.00,9,0,0.00,,1,37,46,9,13,22,9
worst_procedures,102,"","",IWK,Male Circumcision (Pediatric),2024_q2,8098,8,8,3,37.50,0,0,,,0,511,1134,623,,,
worst_procedures,103,"","",QE2,Hip Replacement Revision,2025_q2,8102,8,8,1,12.50,0,0,,,0,218,455,237,,,
worst_procedures,104,"","",IWK,Brain Surgery (Pediatric),2025_q2,8102,8,8,0,0.00,0,0,,,0,94,198,104,,,
worst_procedures,105,"","",Aberdeen Hospital,Endometrial Ablation,2025_q1,8101,9,8,0,0.00,8,3,37.50,,0,139,266,127,64,177,113
worst_procedures,106,"","",QE2,Foot - Arthrodesis,2023_q4,8096,9,8,0,0.00,8,8,100.00,,0,137,184,47,768,1008,240
worst_procedures,107,"","",QE2,Lymph Node Biopsy,2024_q2,8098,9,8,0,0.00,9,0,0.00,,0,56,79,23,24,36,12
worst_procedures,108,"","",QE2,Nerve or Brain Stimulation,2024_q1,8097,9,8,0,0.00,8,1,12.50,,0,68,160,92,104,791,687
worst_procedures,109,"","",Dartmouth General,Tonsillectomy and/or Adenoidectomy (Adult),2025_q2,8102,8,8,0,0.00,0,0,,,0,137,316,179,,,
worst_procedures,110,"","",QE2,Vascular Bypass Surgery,2024_q3,8099,8,8,0,0.00,0,0,,,0,47,80,33,,,
worst_procedures,111,"","","",Tear Duct Surgery,"",,9,0,0,,9,4,44.44,,0,,,,,,
worst_lines,1,"",IWK,IWK,Dental Extractions and Restorations (Adult),2024_q2,8098,,1,1,,,,,,,560,1301,741,,,
worst_lines,2,"",IWK,IWK,Dental Extractions and Restorations (Adult),2024_q4,8100,,1,1,,,,,,,551,701,150,,,
worst_lines,3,"",IWK,IWK,Dental Extractions and Restorations (Adult),2023_q3,8095,,1,1,,,,,,,520,745,225,,,
worst_lines,4,"",IWK,IWK,Male Circumcision (Pediatric),2024_q2,8098,,1,1,,,,,,,511,1134,623,,,
worst_lines,5,"",Zone 4,QE2,Surgery for Hearing or Balance Problems of the Ear,2023_q3,8095,,1,1,,,,,,,503,1093,590,149,392,243
worst_lines,6,"",Zone 1,Valley Regional,Hip Replacement,2023_q2,8094,,1,1,,,,,,,487,664,177,152,400,248
worst_lines,7,"",Zone 1,Valley Regional,Knee Replacement,2023_q2,8094,,1,1,,,,,,,483,634,151,242,366,124
worst_lines,8,"",IWK,IWK,Back Surgery (Pediatric),2023_q2,8094,,1,1,,,,,,,482,715,233,,,
worst_lines,9,"",Zone 1,Valley Regional,Hip Replacement,2023_q3,8095,,1,1,,,,,,,469,625,156,216,388,172
worst_lines,10,"",Zone 3,Cape Breton Regional,Removal of Ovaries and/or Fallopian Tubes (Cancer Not Suspected),2023_q4,8096,,1,1,,,,,,,446,484,38,48,107,59
worst_lines,11,"",Zone 4,QE2,Knee Replacement,2023_q4,8096,,1,1,,,,,,,438,1355,917,135,392,257
worst_lines,12,"",Zone 1,Valley Regional,Knee Replacement,2023_q3,8095,,1,1,,,,,,,438,655,217,359,436,77
worst_lines,13,"",Zone 1,Valley Regional,Hip Replacement,2023_q4,8096,,1,1,,,,,,,434,652,218,189,419,230
worst_lines,14,"",IWK,IWK,Back Surgery (Pediatric),2024_q2,8098,,1,1,,,,,,,422,437,15,,,
worst_lines,15,"",Zone 4,QE2,Knee Replacement,2024_q1,8097,,1,1,,,,,,,417,1342,925,101,316,215
worst_lines,16,"",Zone 1,Valley Regional,Knee Replacement,2023_q4,8096,,1,1,,,,,,,412,637,225,389,442,53
worst_lines,17,"",IWK,IWK,Dental Extractions and Restorations (Adult),2025_q1,8101,,1,1,,,,,,,407,1242,835,,,
worst_lines,18,"",Zone 1,Valley Regional,Shoulder Arthroplasty,2023_q2,8094,,1,1,,,,,,,400,586,186,113,706,593
worst_lines,19,"",Zone 1,Valley Regional,Shoulder Surgery,2023_q2,8094,,1,1,,,,,,,400,586,186,113,706,593
worst_lines,20,"",Zone 2,Colchester East Hants Health Centre,Male Reproductive System Surgery,2024_q1,8097,,1,1,,,,,,,385,629,244,169,593,424
worst_lines,21,"",IWK,IWK,Dental Extractions and Restorations (Adult),2025_q2,8102,,1,1,,,,,,,374,947,573,,,
worst_lines,22,"",IWK,IWK,Dental Extractions and Restorations (Adult),2024_q3,8099,,1,1,,,,,,,365,844,479,,,
worst_lines,23,"",Zone 4,QE2,Knee Replacement - Partial,2023_q2,8094,,1,1,,,,,,,365,531,166,381,420,39
worst_lines,24,"",Zone 3,Cape Breton Regional,Septoplasty,2024_q2,8098,,1,1,,,,,,,360,390,30,41,152,111
worst_lines,25,"",IWK,IWK,Back Surgery (Pediatric),2023_q3,8095,,1,1,,,,,,,360,720,360,,,
provincial_trend,1,"",Total,Provincial,Back Surgery (Pediatric),2023_q2,8094,130,128,13,10.16,104,19,18.27,,,482,715,233,,,
provincial_trend,2,"",Total,Provincial,Back Surgery (Pediatric),2023_q3,8095,129,127,13,10.24,108,24,22.22,0.08,,360,720,360,,,
provincial_trend,3,"",Total,Provincial,Knee Replacement - Partial,2023_q4,8096,129,127,9,7.09,106,30,28.30,-3.15,,325,399,74,216,696,480
provincial_trend,4,"",Total,Provincial,Back Surgery (Pediatric),2024_q1,8097,130,128,12,9.38,108,27,25.00,2.29,,314,539,225,,,
provincial_trend,5,"",Total,Provincial,Back Surgery (Pediatric),2024_q2,8098,128,126,8,6.35,108,29,26.85,-3.03,,413,437,24,,,
provincial_trend,6,"",Total,Provincial,Back Surgery (Pediatric),2024_q3,8099,128,125,9,7.20,108,42,38.89,0.85,,359,741,382,,,
provincial_trend,7,"",Total,Provincial,Maxillofacial Deformity Surgery,2024_q4,8100,130,128,6,4.69,108,31,28.70,-2.51,,261,540,279,355,582,227
provincial_trend,8,"",Total,Provincial,Back Surgery (Pediatric),2025_q1,8101,129,127,10,7.87,108,39,36.11,3.18,,310,589,279,,,
provincial_trend,9,"",Total,Provincial,Back Surgery (Pediatric),2025_q2,8102,128,127,2,1.57,105,35,33.33,-6.30,,281,569,288,,,
