section,rank,measure,fiscal_year,fiscal_year_start,zone,facility_type,site,site_years,zero_site_years,total_hours,temporary_hours,scheduled_hours,temporary_share_pct,yoy_change_hours,yoy_change_pct
summary,1,total_closure_hours,,,,,,456,238,520811.3,217293.8,303517.5,41.72,,
summary,2,sites_observed,,,,,,38,,,,,,,
summary,3,fiscal_years_observed,,,,,,12,,,,,,,
summary,4,site_years_with_zero_closure_hours,,,,,,238,,,,,,,
summary,5,sites_with_zero_closure_hours_all_years,,,,,,13,,,,,,,
summary,6,sites_with_facility_type_change,,,,,,8,,,,,,,
summary,7,facility_types_with_any_closure_hours,,,,,,2,,,,,,,
summary,8,site_years_with_undefined_temporary_share,,,,,,238,,,,,,,
row_accounting,1,rows_in_snapshot,,,,,,456,,,,,,,
row_accounting,2,rows_excluded_unparsable_fiscal_year,,,,,,0,,,,,,,
row_accounting,3,rows_excluded_unparsable_hours,,,,,,0,,,,,,,
row_accounting,4,rows_excluded_missing_site,,,,,,0,,,,,,,
row_accounting,5,rows_excluded_missing_zone_or_type,,,,,,0,,,,,,,
row_accounting,6,rows_loaded_clean,,,,,,456,,,,,,,
reconciliation,1,rows_checked,,,,,,456,,,,,,,
reconciliation,2,rows_reconciled,,,,,,456,,,,,,,
reconciliation,3,rows_mismatched,,,,,,0,,,,,,,
reconciliation,4,mismatch_total_abs_hours,,,,,,,,0.0,,,,,
reconciliation,5,mismatch_max_abs_hours,,,,,,,,0.0,,,,,
zone_totals,1,,,,3,,,168,90,223648.9,81510.9,142138.0,36.45,,
zone_totals,2,,,,1,,,108,47,118442.9,64474.9,53968.0,54.44,,
zone_totals,3,,,,4,,,84,48,90587.7,40648.7,49939.0,44.87,,
zone_totals,4,,,,2,,,84,41,88131.8,30659.3,57472.5,34.79,,
zone_totals,5,,,,IWK,,,12,12,0.0,0.0,0.0,,,
type_totals,1,,,,,Community,,222,91,293479.4,155368.4,138111.0,52.94,,
type_totals,2,,,,,CEC,,91,4,227331.9,61925.4,165406.5,27.24,,
type_totals,3,,,,,Regional,,108,108,0.0,0.0,0.0,,,
type_totals,4,,,,,Tertiary,,24,24,0.0,0.0,0.0,,,
type_totals,5,,,,,UTC,,11,11,0.0,0.0,0.0,,,
zone_year,1,,2012-13,2012,1,,,9,5,4701.0,1416.0,3285.0,30.12,,
zone_year,2,,2013-14,2013,1,,,9,3,4225.0,932.0,3293.0,22.06,-476.0,-10.13
zone_year,3,,2014-15,2014,1,,,9,5,4447.0,1162.0,3285.0,26.13,222.0,5.25
zone_year,4,,2015-16,2015,1,,,9,4,5107.0,1813.0,3294.0,35.50,660.0,14.84
zone_year,5,,2016-17,2016,1,,,9,4,4570.5,1285.5,3285.0,28.13,-536.5,-10.51
zone_year,6,,2017-18,2017,1,,,9,4,5041.5,1756.5,3285.0,34.84,471.0,10.31
zone_year,7,,2018-19,2018,1,,,9,4,7485.5,3440.5,4045.0,45.96,2444.0,48.48
zone_year,8,,2019-20,2019,1,,,9,4,11129.0,6575.0,4554.0,59.08,3643.5,48.67
zone_year,9,,2020-21,2020,1,,,9,4,6206.0,2341.0,3865.0,37.72,-4923.0,-44.24
zone_year,10,,2021-22,2021,1,,,9,3,14539.8,11254.8,3285.0,77.41,8333.8,134.29
zone_year,11,,2022-23,2022,1,,,9,3,24393.0,16734.0,7659.0,68.60,9853.2,67.77
zone_year,12,,2023-24,2023,1,,,9,4,26597.6,15764.6,10833.0,59.27,2204.6,9.04
zone_year,13,,2012-13,2012,2,,,7,3,1068.0,1068.0,0.0,100.00,,
zone_year,14,,2013-14,2013,2,,,7,3,317.0,317.0,0.0,100.00,-751.0,-70.32
zone_year,15,,2014-15,2014,2,,,7,3,401.0,401.0,0.0,100.00,84.0,26.50
zone_year,16,,2015-16,2015,2,,,7,3,1321.0,1321.0,0.0,100.00,920.0,229.43
zone_year,17,,2016-17,2016,2,,,7,3,1958.0,1958.0,0.0,100.00,637.0,48.22
zone_year,18,,2017-18,2017,2,,,7,3,6402.0,5882.0,520.0,91.88,4444.0,226.97
zone_year,19,,2018-19,2018,2,,,7,3,10441.0,9185.0,1256.0,87.97,4039.0,63.09
zone_year,20,,2019-20,2019,2,,,7,3,9246.5,7831.0,1415.5,84.69,-1194.5,-11.44
zone_year,21,,2020-21,2020,2,,,7,3,27355.0,0.0,27355.0,0.00,18108.5,195.84
zone_year,22,,2021-22,2021,2,,,7,4,18045.0,0.0,18045.0,0.00,-9310.0,-34.03
zone_year,23,,2022-23,2022,2,,,7,4,9085.8,204.8,8881.0,2.25,-8959.2,-49.65
zone_year,24,,2023-24,2023,2,,,7,6,2491.5,2491.5,0.0,100.00,-6594.3,-72.58
zone_year,25,,2012-13,2012,3,,,14,11,5329.0,4309.0,1020.0,80.86,,
zone_year,26,,2013-14,2013,3,,,14,10,6576.0,3906.0,2670.0,59.40,1247.0,23.40
zone_year,27,,2014-15,2014,3,,,14,7,12569.0,4462.0,8107.0,35.50,5993.0,91.13
zone_year,28,,2015-16,2015,3,,,14,8,11620.0,1754.0,9866.0,15.09,-949.0,-7.55
zone_year,29,,2016-17,2016,3,,,14,10,11929.0,2077.0,9852.0,17.41,309.0,2.66
zone_year,30,,2017-18,2017,3,,,14,7,13979.0,4238.0,9741.0,30.32,2050.0,17.19
zone_year,31,,2018-19,2018,3,,,14,5,22116.5,9273.5,12843.0,41.93,8137.5,58.21
zone_year,32,,2019-20,2019,3,,,14,6,32626.5,12674.5,19952.0,38.85,10510.0,47.52
zone_year,33,,2020-21,2020,3,,,14,6,26342.5,7670.5,18672.0,29.12,-6284.0,-19.26
zone_year,34,,2021-22,2021,3,,,14,5,30067.8,10170.8,19897.0,33.83,3725.3,14.14
zone_year,35,,2022-23,2022,3,,,14,6,30359.6,13389.6,16970.0,44.10,291.8,0.97
zone_year,36,,2023-24,2023,3,,,14,9,20134.0,7586.0,12548.0,37.68,-10225.6,-33.68
zone_year,37,,2012-13,2012,4,,,7,5,3985.0,72.0,3913.0,1.81,,
zone_year,38,,2013-14,2013,4,,,7,5,4437.0,45.0,4392.0,1.01,452.0,11.34
zone_year,39,,2014-15,2014,4,,,7,5,4519.0,139.0,4380.0,3.08,82.0,1.85
zone_year,40,,2015-16,2015,4,,,7,5,4457.0,65.0,4392.0,1.46,-62.0,-1.37
zone_year,41,,2016-17,2016,4,,,7,4,6667.0,97.0,6570.0,1.45,2210.0,49.58
zone_year,42,,2017-18,2017,4,,,7,4,5071.0,691.0,4380.0,13.63,-1596.0,-23.94
zone_year,43,,2018-19,2018,4,,,7,4,8740.3,4360.3,4380.0,49.89,3669.3,72.36
zone_year,44,,2019-20,2019,4,,,7,2,10330.5,5938.5,4392.0,57.49,1590.2,18.19
zone_year,45,,2020-21,2020,4,,,7,3,9424.5,5044.5,4380.0,53.53,-906.0,-8.77
zone_year,46,,2021-22,2021,4,,,7,3,14652.4,10272.4,4380.0,70.11,5227.9,55.47
zone_year,47,,2022-23,2022,4,,,7,3,15975.0,11595.0,4380.0,72.58,1322.6,9.03
zone_year,48,,2023-24,2023,4,,,7,5,2329.0,2329.0,0.0,100.00,-13646.0,-85.42
zone_year,49,,2012-13,2012,IWK,,,1,1,0.0,0.0,0.0,,,
zone_year,50,,2013-14,2013,IWK,,,1,1,0.0,0.0,0.0,,0.0,
zone_year,51,,2014-15,2014,IWK,,,1,1,0.0,0.0,0.0,,0.0,
zone_year,52,,2015-16,2015,IWK,,,1,1,0.0,0.0,0.0,,0.0,
zone_year,53,,2016-17,2016,IWK,,,1,1,0.0,0.0,0.0,,0.0,
zone_year,54,,2017-18,2017,IWK,,,1,1,0.0,0.0,0.0,,0.0,
zone_year,55,,2018-19,2018,IWK,,,1,1,0.0,0.0,0.0,,0.0,
zone_year,56,,2019-20,2019,IWK,,,1,1,0.0,0.0,0.0,,0.0,
zone_year,57,,2020-21,2020,IWK,,,1,1,0.0,0.0,0.0,,0.0,
zone_year,58,,2021-22,2021,IWK,,,1,1,0.0,0.0,0.0,,0.0,
zone_year,59,,2022-23,2022,IWK,,,1,1,0.0,0.0,0.0,,0.0,
zone_year,60,,2023-24,2023,IWK,,,1,1,0.0,0.0,0.0,,0.0,
site_totals,1,,,,3,CEC,New Waterford Consolidated Hospital,12,1,65073.5,7488.5,57585.0,11.51,,
site_totals,2,,,,4,UTC,Musquodoboit Valley Memorial Hospital,12,1,58138.0,10389.0,47749.0,17.87,,
site_totals,3,,,,3,UTC,Northside General Hospital,12,2,55843.0,7028.0,48815.0,12.59,,
site_totals,4,,,,1,Community,Fishermen's Memorial Hospital,12,0,47141.3,7365.3,39776.0,15.62,,
site_totals,5,,,,3,Community,Glace Bay Health Care Facility,12,0,43886.5,18204.5,25682.0,41.48,,
site_totals,6,,,,2,CEC,All Saints Springhill Hospital,12,1,28753.3,8745.3,20008.0,30.41,,
site_totals,7,,,,2,UTC,South Cumberland Community Care Centre,12,2,23071.0,7781.5,15289.5,33.73,,
site_totals,8,,,,4,UTC,Eastern Shore Memorial Hospital,12,6,21630.0,21630.0,0.0,100.00,,
site_totals,9,,,,1,Community,Soldiers Memorial Hospital,12,0,20704.0,9112.0,11592.0,44.01,,
site_totals,10,,,,2,UTC,Lillian Fraser Memorial Hospital,12,1,20447.5,2652.5,17795.0,12.97,,
site_totals,11,,,,1,Community,Roseway Hospital,12,1,19424.5,19424.5,0.0,100.00,,
site_totals,12,,,,3,Community,Strait Richmond Hospital,12,2,18967.0,13927.0,5040.0,73.43,,
site_totals,13,,,,2,CEC,North Cumberland Memorial Hospital,12,1,15860.0,11480.0,4380.0,72.38,,
site_totals,14,,,,3,Community,Eastern Memorial Hospital,12,5,13252.8,8440.8,4812.0,63.69,,
site_totals,15,,,,1,Community,Digby General Hospital,12,0,11921.6,11921.6,0.0,100.00,,
site_totals,16,,,,3,UTC,Victoria County Memorial Hospital,12,4,11870.6,11870.6,0.0,100.00,,
site_totals,17,,,,1,Community,Queens General Hospital,12,8,9866.3,9866.3,0.0,100.00,,
site_totals,18,,,,1,UTC,Annapolis Community Health Centre,12,2,9385.2,6785.2,2600.0,72.30,,
site_totals,19,,,,3,Community,Guysborough Memorial Hospital,12,5,7608.5,7608.5,0.0,100.00,,
site_totals,20,,,,3,UTC,St. Anne Community & Nursing Care Centre,12,4,6777.0,6573.0,204.0,96.99,,
site_totals,21,,,,4,CEC,Twin Oaks Memorial Hospital,12,0,6603.4,6603.4,0.0,100.00,,
site_totals,22,,,,4,Community,Cobequid Community Health Centre,12,10,2194.5,4.5,2190.0,0.21,,
site_totals,23,,,,4,Community,Hants Community Hospital,12,7,2021.8,2021.8,0.0,100.00,,
site_totals,24,,,,3,Community,Buchanan Memorial Health Centre,12,8,358.0,358.0,0.0,100.00,,
site_totals,25,,,,3,Community,St. Mary's Memorial Hospital,12,11,12.0,12.0,0.0,100.00,,
site_totals,26,,,,2,Regional,Aberdeen Hospital,12,12,0.0,0.0,0.0,,,
site_totals,27,,,,3,Regional,Cape Breton Regional Hospital,12,12,0.0,0.0,0.0,,,
site_totals,28,,,,2,Regional,Colchester East Hants Health Centre,12,12,0.0,0.0,0.0,,,
site_totals,29,,,,2,Regional,Cumberland Regional Health Care Centre,12,12,0.0,0.0,0.0,,,
site_totals,30,,,,4,Regional,Dartmouth General Hospital,12,12,0.0,0.0,0.0,,,
site_totals,31,,,,IWK,Tertiary,IWK Health Centre,12,12,0.0,0.0,0.0,,,
site_totals,32,,,,3,Community,Inverness Consolidated Memorial Hospital,12,12,0.0,0.0,0.0,,,
site_totals,33,,,,4,Tertiary,QEII Health Sciences Centre,12,12,0.0,0.0,0.0,,,
site_totals,34,,,,3,Community,Sacred Heart Community Health Centre,12,12,0.0,0.0,0.0,,,
site_totals,35,,,,1,Regional,South Shore Regional Hospital,12,12,0.0,0.0,0.0,,,
site_totals,36,,,,3,Regional,St. Martha's Regional Hospital,12,12,0.0,0.0,0.0,,,
site_totals,37,,,,1,Regional,Valley Regional Hospital,12,12,0.0,0.0,0.0,,,
site_totals,38,,,,1,Regional,Yarmouth Regional Hospital,12,12,0.0,0.0,0.0,,,
