section,rank,measure,fiscal_year,nsbi_sector,nsbi_county,deal_type,account_name,deals,amount,share_pct,yoy_change,yoy_pct
summary,1,total_deals_and_contribution,"","","","","",4553,289279591.01,100.00,,
summary,2,deals_with_a_contribution_value,"","","","","",4553,289279591.01,100.00,,
summary,3,blank_contribution_deals,"","","","","",0,,,,
summary,4,zero_contribution_deals,"","","","","",257,0.00,0.00,,
summary,5,negative_contribution_deals,"","","","","",0,0.00,0.00,,
summary,6,non_county_label_deals,"","","","","",2,2016000.00,0.70,,
summary,7,deals_without_coordinates,"","","","","",1,117500.00,0.04,,
summary,8,deals_outside_nova_scotia,"","","","","",7,2465355.12,0.85,,
summary,9,top_sector,"",ICT (includes Digital Media),"","","",764,89152964.26,30.82,,
summary,10,top_county,"","",Halifax,"","",3267,208658110.23,72.13,,
summary,11,top_deal_type,"","","",PRB,"",31,82531894.00,28.53,,
summary,12,top_recipient,"","","","",Cognizant Technology Solutions Corporation,3,47724415.00,16.50,,
totals_tie,1,sum_by_sector,"","","","","",4553,289279591.01,,,
totals_tie,2,sum_by_county,"","","","","",4553,289279591.01,,,
totals_tie,3,sum_by_deal_type,"","","","","",4553,289279591.01,,,
totals_tie,4,sum_by_fiscal_year,"","","","","",4553,289279591.01,,,
totals_tie,5,sum_by_recipient,"","","","","",4553,289279591.01,,,
by_sector,1,"","",ICT (includes Digital Media),"","","",764,89152964.26,30.82,,
by_sector,2,"","",Advanced Manufacturing,"","","",601,63335382.84,21.89,,
by_sector,3,"","",Agri-food,"","","",470,28334207.40,9.79,,
by_sector,4,"","",ICT,"","","",253,25393846.18,8.78,,
by_sector,5,"","",Business Services,"","","",474,22103168.22,7.64,,
by_sector,6,"","",Finance & Insurance,"","","",47,16764318.47,5.80,,
by_sector,7,"","",Life Sciences,"","","",283,8074044.97,2.79,,
by_sector,8,"","",Agrifood Technology,"","","",92,7292935.11,2.52,,
by_sector,9,"","",Fish & Seafood Processing,"","","",219,6346322.78,2.19,,
by_sector,10,"","",Clean Tech,"","","",1,3125741.00,1.08,,
by_sector,11,"","",Finacial Services,"","","",2,2938640.00,1.02,,
by_sector,12,"","",Aerospace & Defence,"","","",36,2017799.85,0.70,,
by_sector,13,"","",CleanTech,"","","",66,1927823.92,0.67,,
by_sector,14,"","",Oceans Technology,"","","",330,1833108.97,0.63,,
by_sector,15,"","",Other,"","","",373,1770872.75,0.61,,
by_sector,16,"","",Clean Technology,"","","",34,1606504.33,0.56,,
by_sector,17,"","",Energy,"","","",95,1098038.51,0.38,,
by_sector,18,"","",Life Science,"","","",3,1000000.00,0.35,,
by_sector,19,"","",Defence,"","","",7,943776.50,0.33,,
by_sector,20,"","",Clean Tech/Oceans,"","","",1,691200.00,0.24,,
by_sector,21,"","",ICT/Oceans,"","","",1,664200.00,0.23,,
by_sector,22,"","",Ocean Technology,"","","",1,419050.00,0.14,,
by_sector,23,"","",Engineering & Professional,"","","",54,417178.42,0.14,,
by_sector,24,"","",Clothing & Textiles,"","","",70,411748.39,0.14,,
by_sector,25,"","",Film Production,"","","",77,409785.00,0.14,,
by_sector,26,"","",Food & Beverage (including Seafood),"","","",72,300406.87,0.10,,
by_sector,27,"","",Chemicals & Plastics,"","","",19,250049.00,0.09,,
by_sector,28,"","",Transportation & Logistics,"","","",20,192116.00,0.07,,
by_sector,29,"","",Food & Beverages ( including Seafood ),"","","",1,117500.00,0.04,,
by_sector,30,"","",Creative Industries,"","","",15,107864.39,0.04,,
by_sector,31,"","",Forest Products,"","","",9,71827.65,0.02,,
by_sector,32,"","",Financial Services,"","","",28,51545.23,0.02,,
by_sector,33,"","",Transportation Equipment,"","","",4,46159.00,0.02,,
by_sector,34,"","",Mining & Mineral Products,"","","",7,32007.00,0.01,,
by_sector,35,"","",Critical Minerals,"","","",6,24900.00,0.01,,
by_sector,36,"","",Travel & Accommodation,"","","",3,12558.00,0.00,,
by_sector,37,"","",Customer Care Centre,"","","",1,0.00,0.00,,
by_sector,38,"","",MedTech,"","","",1,0.00,0.00,,
by_sector,39,"","",Not Coded,"","","",13,0.00,0.00,,
by_county,1,"","","",Halifax,"","",3267,208658110.23,72.13,,
by_county,2,"","","",Kings,"","",149,13527622.07,4.68,,
by_county,3,"","","",Cumberland,"","",46,8055395.30,2.78,,
by_county,4,"","","",Hants,"","",95,7741034.68,2.68,,
by_county,5,"","","",Lunenburg,"","",240,7641274.03,2.64,,
by_county,6,"","","",Cape Breton,"","",154,7082594.12,2.45,,
by_county,7,"","","",Colchester,"","",78,6732631.91,2.33,,
by_county,8,"","","",Pictou,"","",117,6026686.18,2.08,,
by_county,9,"","","",Annapolis,"","",30,5860093.50,2.03,,
by_county,10,"","","",Digby,"","",48,4621040.00,1.60,,
by_county,11,"","","",Yarmouth,"","",49,4251278.33,1.47,,
by_county,12,not_a_county,"","",province-wide,"","",1,2016000.00,0.70,,
by_county,13,"","","",Richmond,"","",12,1710136.70,0.59,,
by_county,14,"","","",Shelburne,"","",77,1709288.92,0.59,,
by_county,15,"","","",Antigonish,"","",77,958659.79,0.33,,
by_county,16,"","","",Victoria,"","",22,948036.00,0.33,,
by_county,17,"","","",Guysborough,"","",28,870465.25,0.30,,
by_county,18,"","","",Inverness,"","",32,607070.00,0.21,,
by_county,19,"","","",Queens,"","",30,262174.00,0.09,,
by_county,20,not_a_county,"","",Not Applicable / Unknown,"","",1,0.00,0.00,,
by_deal_type,1,"","","","",PRB,"",31,82531894.00,28.53,,
by_deal_type,2,"","","","",IRP,"",88,77199120.00,26.69,,
by_deal_type,3,"","","","",Payroll Rebate,"",31,64464248.00,22.28,,
by_deal_type,4,"","","","",PRP,"",6,15725060.00,5.44,,
by_deal_type,5,"","","","",Innovation Rebate Program,"",13,15503597.00,5.36,,
by_deal_type,6,"","","","",EDP2,"",384,5066900.30,1.75,,
by_deal_type,7,"","","","",PIVP,"",239,4408867.25,1.52,,
by_deal_type,8,"","","","",EGP,"",480,3414758.00,1.18,,
by_deal_type,9,"","","","",venture capital,"",8,3214947.00,1.11,,
by_deal_type,10,"","","","",EDP,"",1038,3046281.75,1.05,,
by_deal_type,11,"","","","",Export Growth Program,"",404,2857118.00,0.99,,
by_deal_type,12,"","","","",DAP,"",335,2371593.00,0.82,,
by_deal_type,13,"","","","",EDP1,"",631,2262170.98,0.78,,
by_deal_type,14,"","","","",EDP3,"",155,1694494.73,0.59,,
by_deal_type,15,"","","","",BDP,"",105,1518428.00,0.52,,
by_deal_type,16,"","","","",P&I Voucher,"",59,1095000.00,0.38,,
by_deal_type,17,"","","","",Business Development Program,"",76,868213.00,0.30,,
by_deal_type,18,"","","","",SBDP,"",80,861007.00,0.30,,
by_deal_type,19,"","","","",EDP 1,"",122,675119.00,0.23,,
by_deal_type,20,"","","","",EMGP,"",8,335436.00,0.12,,
by_deal_type,21,"","","","",SME IRP,"",1,100338.00,0.03,,
by_deal_type,22,"","","","",Pitch Prep,"",4,65000.00,0.02,,
by_deal_type,23,"","","","",PMA,"",7,0.00,0.00,,
by_deal_type,24,"","","","",Project Management,"",11,0.00,0.00,,
by_deal_type,25,"","","","",Scale-Up Hub Program,"",3,0.00,0.00,,
by_deal_type,26,"","","","",Trade Mission (Incoming),"",46,0.00,0.00,,
by_deal_type,27,"","","","",Trade Mission (Outgoing),"",164,0.00,0.00,,
by_deal_type,28,"","","","",Trade Show,"",24,0.00,0.00,,
by_fiscal_year,1,"",2018-2019,"","","","",802,32480991.00,11.23,,
by_fiscal_year,2,"",2019-2020,"","","","",661,48411392.00,16.74,15930401.00,49.05
by_fiscal_year,3,"",2020-2021,"","","","",543,25148821.00,8.69,-23262571.00,-48.05
by_fiscal_year,4,"",2021-2022,"","","","",532,72302139.00,24.99,47153318.00,187.50
by_fiscal_year,5,"",2022-2023,"","","","",934,51464335.26,17.79,-20837803.74,-28.82
by_fiscal_year,6,"",2023-2024,"","","","",1081,59471912.75,20.56,8007577.49,15.56
top_recipients,1,"","","","","",Cognizant Technology Solutions Corporation,3,47724415.00,16.50,,
top_recipients,2,"","","","","",Avanade Canada Inc.,1,12264210.00,4.24,,
top_recipients,3,"","","","","",IBM Canada Limited/IBM Canada LimitÃƒÂ©e,1,9397440.00,3.25,,
top_recipients,4,"","","","","","DAMO Technology Corporation, Ltd.",1,4985000.00,1.72,,
top_recipients,5,"","","","","",CGI Information Systems and Management Consultants Inc.,1,4556250.00,1.58,,
top_recipients,6,"","","","","",NOVONIX Battery Testing Services Inc.,4,4430158.00,1.53,,
top_recipients,7,"","","","","",Maritime Paper Products Limited Partnership,3,4283467.00,1.48,,
top_recipients,8,"","","","","",Acadian Seaplants Limited / Les Algues Acadiennes Limitee,4,4261175.00,1.47,,
top_recipients,9,"","","","","","Millennium Process Group, Inc. - Yarmouth",1,3780000.00,1.31,,
top_recipients,10,"","","","","",Cherubini Metal Works Limited,2,3714657.00,1.28,,
top_recipients,11,"","","","","",Bomgar Canada Limited (operating as BeyondTrust),1,3630000.00,1.25,,
top_recipients,12,"","","","","","AXIS SpecialtyÂ Canada Services, ULC",1,3610000.00,1.25,,
top_recipients,13,"","","","","",Michelin North America (Canada) Inc - Granton,1,3569500.00,1.23,,
top_recipients,14,"","","","","",CKF Incorporated,1,3505415.00,1.21,,
top_recipients,15,"","","","","",Ocean Crisp Apple Company Incorporated,2,3362516.00,1.16,,
top_recipients,16,"","","","","",BeyondTrust Software Inc.,1,3120563.00,1.08,,
top_recipients,17,"","","","","",Pratt & Whitney Canada Corp./Pratt & Whitney Canada Cie.,1,3007813.00,1.04,,
top_recipients,18,"","","","","","AXIS Specialty Canada Services, ULC",1,2975280.00,1.03,,
top_recipients,19,"","","","","",Jonas Software Solutions Inc.,2,2787400.00,0.96,,
top_recipients,20,"","","","","",Scotian Gold Co-operative Limited,3,2568129.00,0.89,,
top_recipients,21,"","","","","",Ultra Electronics Maritime Systems Inc.,2,2507361.00,0.87,,
top_recipients,22,"","","","","","NorthBay Solutions, LLC",1,2492800.00,0.86,,
top_recipients,23,"","","","","",Oxford Frozen Foods Limited,3,2492639.84,0.86,,
top_recipients,24,"","","","","",The Sydney Call Centre Inc.,1,2475000.00,0.86,,
top_recipients,25,"","","","","",Virtusa Corporation,1,2457000.00,0.85,,
deal_type_mix,1,"",2018-2019,"","",Innovation Rebate Program,"",13,15503597.00,47.73,,
deal_type_mix,2,"",2018-2019,"","",Payroll Rebate,"",10,12157063.00,37.43,,
deal_type_mix,3,"",2018-2019,"","",Export Growth Program,"",404,2857118.00,8.80,,
deal_type_mix,4,"",2018-2019,"","",P&I Voucher,"",59,1095000.00,3.37,,
deal_type_mix,5,"",2018-2019,"","",Business Development Program,"",76,868213.00,2.67,,
deal_type_mix,6,"",2018-2019,"","",Project Management,"",6,0.00,0.00,,
deal_type_mix,7,"",2018-2019,"","",Trade Mission (Incoming),"",46,0.00,0.00,,
deal_type_mix,8,"",2018-2019,"","",Trade Mission (Outgoing),"",164,0.00,0.00,,
deal_type_mix,9,"",2018-2019,"","",Trade Show,"",24,0.00,0.00,,
deal_type_mix,10,"",2019-2020,"","",IRP,"",16,21488277.00,44.39,,
deal_type_mix,11,"",2019-2020,"","",Payroll Rebate,"",12,20925104.00,43.22,,
deal_type_mix,12,"",2019-2020,"","",EGP,"",454,3271568.00,6.76,,
deal_type_mix,13,"",2019-2020,"","",PIVP,"",77,1465000.00,3.03,,
deal_type_mix,14,"",2019-2020,"","",SBDP,"",80,861007.00,1.78,,
deal_type_mix,15,"",2019-2020,"","",EMGP,"",8,335436.00,0.69,,
deal_type_mix,16,"",2019-2020,"","",Pitch Prep,"",4,65000.00,0.13,,
deal_type_mix,17,"",2019-2020,"","",PMA,"",7,0.00,0.00,,
deal_type_mix,18,"",2019-2020,"","",Scale-Up Hub Program,"",3,0.00,0.00,,
deal_type_mix,19,"",2020-2021,"","",PRB,"",12,16252510.00,64.63,,
deal_type_mix,20,"",2020-2021,"","",IRP,"",10,3878100.00,15.42,,
deal_type_mix,21,"",2020-2021,"","",DAP,"",335,2371593.00,9.43,,
deal_type_mix,22,"",2020-2021,"","",BDP,"",105,1518428.00,6.04,,
deal_type_mix,23,"",2020-2021,"","",PIVP,"",55,985000.00,3.92,,
deal_type_mix,24,"",2020-2021,"","",EGP,"",26,143190.00,0.57,,
deal_type_mix,25,"",2021-2022,"","",PRB,"",19,66279384.00,91.67,,
deal_type_mix,26,"",2021-2022,"","",EDP2,"",231,3054940.00,4.23,,
deal_type_mix,27,"",2021-2022,"","",EDP3,"",104,1207358.00,1.67,,
deal_type_mix,28,"",2021-2022,"","",PIVP,"",55,985000.00,1.36,,
deal_type_mix,29,"",2021-2022,"","",EDP 1,"",122,675119.00,0.93,,
deal_type_mix,30,"",2021-2022,"","",SME IRP,"",1,100338.00,0.14,,
deal_type_mix,31,"",2022-2023,"","",IRP,"",36,30004140.00,58.30,,
deal_type_mix,32,"",2022-2023,"","",PRP,"",6,15725060.00,30.56,,
deal_type_mix,33,"",2022-2023,"","",EDP1,"",631,2262170.98,4.40,,
deal_type_mix,34,"",2022-2023,"","",EDP2,"",153,2011960.30,3.91,,
deal_type_mix,35,"",2022-2023,"","",PIVP,"",52,973867.25,1.89,,
deal_type_mix,36,"",2022-2023,"","",EDP3,"",51,487136.73,0.95,,
deal_type_mix,37,"",2022-2023,"","",Project Management,"",5,0.00,0.00,,
deal_type_mix,38,"",2023-2024,"","",Payroll Rebate,"",9,31382081.00,52.77,,
deal_type_mix,39,"",2023-2024,"","",IRP,"",26,21828603.00,36.70,,
deal_type_mix,40,"",2023-2024,"","",venture capital,"",8,3214947.00,5.41,,
deal_type_mix,41,"",2023-2024,"","",EDP,"",1038,3046281.75,5.12,,
