facility,month_start,year,bookings,booked_hours,ice_hours,dry_floor_hours,other_hours,ice_share,days_in_month,capacity_hours,utilization
Arena,2025-01-01,2025,1,24.0,0.0,0.0,24.0,0.0,31,558,0.043
Arena,2025-04-01,2025,129,831.5,149.5,219.0,463.0,0.1798,30,540,1.5398
Arena,2025-05-01,2025,126,731.25,161.25,222.0,348.0,0.2205,31,558,1.3105
Arena,2025-06-01,2025,118,960.5,8.0,270.5,682.0,0.0083,30,540,1.7787
Arena,2025-07-01,2025,120,396.5,129.0,168.5,99.0,0.3253,31,558,0.7106
Arena,2025-08-01,2025,100,581.5,121.0,59.0,401.5,0.2081,31,558,1.0421
Arena,2025-09-01,2025,203,945.0,257.0,56.0,632.0,0.272,30,540,1.75
Arena,2025-10-01,2025,408,1039.0,684.0,110.5,244.5,0.6583,31,558,1.862
Arena,2025-11-01,2025,461,1205.0,788.0,157.0,260.0,0.6539,30,540,2.2315
Arena,2025-12-01,2025,524,1144.5,759.5,134.0,251.0,0.6636,31,558,2.0511
Arena,2026-01-01,2026,529,1109.0,821.0,172.0,116.0,0.7403,31,558,1.9875
Arena,2026-02-01,2026,503,1011.0,771.5,159.5,80.0,0.7631,28,504,2.006
Arena,2026-03-01,2026,503,1101.0,753.0,243.5,104.5,0.6839,31,558,1.9731
Arena,2026-04-01,2026,142,757.5,217.5,216.0,324.0,0.2871,30,540,1.4028
Arena,2026-05-01,2026,145,720.5,180.0,240.5,300.0,0.2498,31,558,1.2912
Arena,2026-06-01,2026,99,1021.5,23.0,188.5,810.0,0.0225,30,540,1.8917
Arena,2026-07-01,2026,176,490.0,271.0,129.0,90.0,0.5531,31,558,0.8781
Arena,2026-08-01,2026,175,375.5,257.5,118.0,0.0,0.6858,31,558,0.6729
Arena,2026-09-01,2026,77,294.0,120.0,62.0,112.0,0.4082,30,540,0.5444
Arena,2026-10-01,2026,207,713.0,591.0,0.0,122.0,0.8289,31,558,1.2778
Arena,2026-11-01,2026,209,760.0,572.0,0.0,188.0,0.7526,30,540,1.4074
Arena,2026-12-01,2026,189,688.0,488.0,0.0,200.0,0.7093,31,558,1.233
Arena,2027-01-01,2027,202,682.0,596.0,0.0,86.0,0.8739,31,558,1.2222
Arena,2027-02-01,2027,197,598.0,566.0,0.0,32.0,0.9465,28,504,1.1865
Arena,2027-03-01,2027,188,608.5,532.5,0.0,76.0,0.8751,31,558,1.0905
Arena,2027-04-01,2027,10,149.0,5.0,0.0,144.0,0.0336,30,540,0.2759
Arena,2027-05-01,2027,5,90.0,0.0,0.0,90.0,0.0,31,558,0.1613
Arena,2027-06-01,2027,30,540.0,0.0,0.0,540.0,0.0,30,540,1.0
Arena,2027-07-01,2027,4,72.0,0.0,0.0,72.0,0.0,31,558,0.129
Arena,2027-09-01,2027,1,18.0,0.0,0.0,18.0,0.0,30,540,0.0333
Arena,2027-11-01,2027,9,150.0,0.0,0.0,150.0,0.0,30,540,0.2778
Arena,2027-12-01,2027,7,90.0,0.0,0.0,90.0,0.0,31,558,0.1613
Arena,2028-05-01,2028,3,54.0,0.0,0.0,54.0,0.0,31,558,0.0968
Arena,2028-11-01,2028,1,6.0,0.0,0.0,6.0,0.0,30,540,0.0111
Arena,2028-12-01,2028,2,16.0,0.0,0.0,16.0,0.0,31,558,0.0287
Arena,2029-11-01,2029,1,6.0,0.0,0.0,6.0,0.0,30,540,0.0111
Arena,2029-12-01,2029,2,16.0,0.0,0.0,16.0,0.0,31,558,0.0287
Arena A,2025-04-01,2025,246,489.0,412.5,0.0,76.5,0.8436,30,540,0.9056
Arena A,2025-05-01,2025,230,561.5,498.5,0.0,63.0,0.8878,31,558,1.0063
Arena A,2025-06-01,2025,176,478.5,288.0,0.0,190.5,0.6019,30,540,0.8861
Arena A,2025-07-01,2025,181,607.5,345.0,0.0,262.5,0.5679,31,558,1.0887
Arena A,2025-08-01,2025,287,556.5,517.25,0.0,39.25,0.9295,31,558,0.9973
Arena A,2025-09-01,2025,235,470.0,401.5,0.0,68.5,0.8543,30,540,0.8704
Arena A,2025-10-01,2025,349,630.75,563.75,0.0,67.0,0.8938,31,558,1.1304
Arena A,2025-11-01,2025,387,734.25,709.75,0.0,24.5,0.9666,30,540,1.3597
Arena A,2025-12-01,2025,353,780.75,598.25,0.0,182.5,0.7663,31,558,1.3992
Arena A,2026-01-01,2026,380,789.5,673.5,0.0,116.0,0.8531,31,558,1.4149
Arena A,2026-02-01,2026,347,659.5,574.25,0.0,85.25,0.8707,28,504,1.3085
Arena A,2026-03-01,2026,337,769.25,665.75,0.0,103.5,0.8655,31,558,1.3786
Arena A,2026-04-01,2026,239,524.25,396.25,0.0,128.0,0.7558,30,540,0.9708
Arena A,2026-05-01,2026,220,574.5,483.5,0.0,91.0,0.8416,31,558,1.0296
Arena A,2026-06-01,2026,229,417.5,323.0,0.0,94.5,0.7737,30,540,0.7731
Arena A,2026-07-01,2026,204,666.25,378.25,0.0,288.0,0.5677,31,558,1.194
Arena A,2026-08-01,2026,172,892.5,358.5,84.0,450.0,0.4017,31,558,1.5995
Arena A,2026-09-01,2026,146,622.75,298.75,0.0,324.0,0.4797,30,540,1.1532
Arena A,2026-10-01,2026,165,315.0,279.0,0.0,36.0,0.8857,31,558,0.5645
Arena A,2026-11-01,2026,179,429.0,369.0,0.0,60.0,0.8601,30,540,0.7944
Arena A,2026-12-01,2026,149,377.5,295.5,0.0,82.0,0.7828,31,558,0.6765
Arena A,2027-01-01,2027,168,443.25,364.75,0.0,78.5,0.8229,31,558,0.7944
Arena A,2027-02-01,2027,161,377.5,335.5,0.0,42.0,0.8887,28,504,0.749
Arena A,2027-03-01,2027,153,564.0,352.0,0.0,212.0,0.6241,31,558,1.0108
Arena A,2027-04-01,2027,1,10.0,10.0,0.0,0.0,1.0,30,540,0.0185
Arena B,2025-04-01,2025,132,283.5,164.0,91.5,28.0,0.5785,30,540,0.525
Arena B,2025-05-01,2025,178,461.5,234.5,206.0,21.0,0.5081,31,558,0.8271
Arena B,2025-06-01,2025,129,326.75,97.5,211.25,18.0,0.2984,30,540,0.6051
Arena B,2025-07-01,2025,142,388.25,129.25,179.5,79.5,0.3329,31,558,0.6958
Arena B,2025-08-01,2025,190,598.25,298.25,0.0,300.0,0.4985,31,558,1.0721
Arena B,2025-09-01,2025,200,454.0,419.5,0.0,34.5,0.924,30,540,0.8407
Arena B,2025-10-01,2025,292,575.0,545.0,0.0,30.0,0.9478,31,558,1.0305
Arena B,2025-11-01,2025,303,717.5,698.25,0.0,19.25,0.9732,30,540,1.3287
Arena B,2025-12-01,2025,294,751.5,591.0,0.0,160.5,0.7864,31,558,1.3468
Arena B,2026-01-01,2026,294,756.25,675.25,0.0,81.0,0.8929,31,558,1.3553
Arena B,2026-02-01,2026,274,690.25,608.75,0.0,81.5,0.8819,28,504,1.3695
Arena B,2026-03-01,2026,311,777.0,702.75,0.0,74.25,0.9044,31,558,1.3925
Arena B,2026-04-01,2026,148,501.0,188.0,93.5,219.5,0.3752,30,540,0.9278
Arena B,2026-05-01,2026,158,475.25,270.75,188.5,16.0,0.5697,31,558,0.8517
Arena B,2026-06-01,2026,159,380.5,175.5,183.0,22.0,0.4612,30,540,0.7046
Arena B,2026-07-01,2026,131,535.0,89.0,180.0,266.0,0.1664,31,558,0.9588
Arena B,2026-08-01,2026,60,1022.0,0.0,166.0,856.0,0.0,31,558,1.8315
Arena B,2026-09-01,2026,140,519.0,315.0,0.0,204.0,0.6069,30,540,0.9611
Arena B,2026-10-01,2026,70,283.75,229.75,0.0,54.0,0.8097,31,558,0.5085
Arena B,2026-11-01,2026,79,388.0,340.0,0.0,48.0,0.8763,30,540,0.7185
Arena B,2026-12-01,2026,77,358.75,264.75,0.0,94.0,0.738,31,558,0.6429
Arena B,2027-01-01,2027,81,445.0,366.0,0.0,79.0,0.8225,31,558,0.7975
Arena B,2027-02-01,2027,77,446.75,404.75,0.0,42.0,0.906,28,504,0.8864
Arena B,2027-03-01,2027,86,551.75,345.75,0.0,206.0,0.6266,31,558,0.9888
Arena B,2027-04-01,2027,1,11.0,11.0,0.0,0.0,1.0,30,540,0.0204
Arena B - Dry Floor,2026-05-01,2026,1,1.0,0.0,1.0,0.0,0.0,31,558,0.0018
Arena B - Dry Floor,2026-06-01,2026,1,1.0,0.0,1.0,0.0,0.0,30,540,0.0019
Arena C,2025-04-01,2025,225,463.25,374.25,0.0,89.0,0.8079,30,540,0.8579
Arena C,2025-05-01,2025,218,527.5,449.5,0.0,78.0,0.8521,31,558,0.9453
Arena C,2025-06-01,2025,126,618.0,237.0,0.0,381.0,0.3835,30,540,1.1444
Arena C,2025-07-01,2025,239,555.0,494.5,0.0,60.5,0.891,31,558,0.9946
Arena C,2025-08-01,2025,172,701.25,319.0,78.0,304.25,0.4549,31,558,1.2567
Arena C,2025-09-01,2025,218,500.75,443.75,0.0,57.0,0.8862,30,540,0.9273
Arena C,2025-10-01,2025,301,644.75,536.25,0.0,108.5,0.8317,31,558,1.1555
Arena C,2025-11-01,2025,332,767.5,677.75,0.0,89.75,0.8831,30,540,1.4213
Arena C,2025-12-01,2025,290,755.5,577.75,0.0,177.75,0.7647,31,558,1.3539
Arena C,2026-01-01,2026,303,794.25,618.75,0.0,175.5,0.779,31,558,1.4234
Arena C,2026-02-01,2026,264,686.25,567.75,0.0,118.5,0.8273,28,504,1.3616
Arena C,2026-03-01,2026,301,769.25,629.0,0.0,140.25,0.8177,31,558,1.3786
Arena C,2026-04-01,2026,250,510.75,374.75,0.0,136.0,0.7337,30,540,0.9458
Arena C,2026-05-01,2026,237,627.5,487.5,0.0,140.0,0.7769,31,558,1.1246
Arena C,2026-06-01,2026,225,433.5,305.5,0.0,128.0,0.7047,30,540,0.8028
Arena C,2026-07-01,2026,193,663.5,404.5,0.0,259.0,0.6096,31,558,1.1891
Arena C,2026-08-01,2026,196,854.0,320.0,84.0,450.0,0.3747,31,558,1.5305
Arena C,2026-09-01,2026,148,484.5,374.5,0.0,110.0,0.773,30,540,0.8972
Arena C,2026-10-01,2026,125,337.25,275.25,0.0,62.0,0.8162,31,558,0.6044
Arena C,2026-11-01,2026,156,434.75,353.25,0.0,81.5,0.8125,30,540,0.8051
Arena C,2026-12-01,2026,131,401.75,284.25,0.0,117.5,0.7075,31,558,0.72
Arena C,2027-01-01,2027,150,491.75,395.25,0.0,96.5,0.8038,31,558,0.8813
Arena C,2027-02-01,2027,138,491.75,435.75,0.0,56.0,0.8861,28,504,0.9757
Arena C,2027-03-01,2027,156,638.75,389.75,0.0,249.0,0.6102,31,558,1.1447
Arena C,2027-04-01,2027,2,25.5,25.5,0.0,0.0,1.0,30,540,0.0472
Arena D,2025-03-01,2025,1,1.0,0.0,0.0,1.0,0.0,31,558,0.0018
Arena D,2025-04-01,2025,216,442.0,349.0,0.0,93.0,0.7896,30,540,0.8185
Arena D,2025-05-01,2025,227,573.25,511.25,0.0,62.0,0.8918,31,558,1.0273
Arena D,2025-06-01,2025,275,500.75,432.75,0.0,68.0,0.8642,30,540,0.9273
Arena D,2025-07-01,2025,249,554.0,352.5,0.0,201.5,0.6363,31,558,0.9928
Arena D,2025-08-01,2025,156,724.75,180.5,92.0,452.25,0.2491,31,558,1.2988
Arena D,2025-09-01,2025,222,470.5,396.5,0.0,74.0,0.8427,30,540,0.8713
Arena D,2025-10-01,2025,302,635.25,548.75,0.0,86.5,0.8638,31,558,1.1384
Arena D,2025-11-01,2025,376,758.75,689.5,0.0,69.25,0.9087,30,540,1.4051
Arena D,2025-12-01,2025,324,782.0,578.75,0.0,203.25,0.7401,31,558,1.4014
Arena D,2026-01-01,2026,366,815.5,680.5,0.0,135.0,0.8345,31,558,1.4615
Arena D,2026-02-01,2026,347,698.25,596.5,0.0,101.75,0.8543,28,504,1.3854
Arena D,2026-03-01,2026,319,765.0,684.0,0.0,81.0,0.8941,31,558,1.371
Arena D,2026-04-01,2026,223,492.0,376.5,0.0,115.5,0.7652,30,540,0.9111
Arena D,2026-05-01,2026,197,546.25,488.25,0.0,58.0,0.8938,31,558,0.9789
Arena D,2026-06-01,2026,184,366.0,305.5,0.0,60.5,0.8347,30,540,0.6778
Arena D,2026-07-01,2026,245,527.5,340.5,0.0,187.0,0.6455,31,558,0.9453
Arena D,2026-08-01,2026,195,817.0,254.0,82.0,481.0,0.3109,31,558,1.4642
Arena D,2026-09-01,2026,193,553.75,409.75,0.0,144.0,0.74,30,540,1.0255
Arena D,2026-10-01,2026,123,338.75,268.75,0.0,70.0,0.7934,31,558,0.6071
Arena D,2026-11-01,2026,135,388.0,346.0,0.0,42.0,0.8918,30,540,0.7185
Arena D,2026-12-01,2026,123,420.75,319.75,0.0,101.0,0.76,31,558,0.754
Arena D,2027-01-01,2027,135,445.25,372.25,0.0,73.0,0.836,31,558,0.7979
Arena D,2027-02-01,2027,132,342.5,280.5,0.0,62.0,0.819,28,504,0.6796
Arena D,2027-03-01,2027,125,582.5,382.5,0.0,200.0,0.6567,31,558,1.0439
Arena D,2027-04-01,2027,5,19.0,11.0,0.0,8.0,0.5789,30,540,0.0352
Civic Arena,2025-04-01,2025,175,248.5,243.5,0.0,5.0,0.9799,30,540,0.4602
Civic Arena,2025-05-01,2025,133,189.5,185.5,0.0,4.0,0.9789,31,558,0.3396
Civic Arena,2025-06-01,2025,31,584.25,4.25,0.0,580.0,0.0073,30,540,1.0819
Civic Arena,2025-07-01,2025,50,588.0,47.5,0.0,540.5,0.0808,31,558,1.0538
Civic Arena,2025-08-01,2025,209,360.0,310.0,0.0,50.0,0.8611,31,558,0.6452
Civic Arena,2025-09-01,2025,175,317.5,279.0,0.0,38.5,0.8787,30,540,0.588
Civic Arena,2025-10-01,2025,252,430.0,428.5,0.0,1.5,0.9965,31,558,0.7706
Civic Arena,2025-11-01,2025,200,489.5,372.5,0.0,117.0,0.761,30,540,0.9065
Civic Arena,2025-12-01,2025,204,495.5,395.5,0.0,100.0,0.7982,31,558,0.888
Civic Arena,2026-01-01,2026,250,473.0,452.5,0.0,20.5,0.9567,31,558,0.8477
Civic Arena,2026-02-01,2026,206,374.5,374.5,0.0,0.0,1.0,28,504,0.7431
Civic Arena,2026-03-01,2026,228,406.0,402.0,0.0,4.0,0.9901,31,558,0.7276
Civic Arena,2026-04-01,2026,200,360.5,292.5,0.0,68.0,0.8114,30,540,0.6676
Civic Arena,2026-05-01,2026,177,361.75,289.75,0.0,72.0,0.801,31,558,0.6483
Civic Arena,2026-06-01,2026,30,630.0,0.0,0.0,630.0,0.0,30,540,1.1667
Civic Arena,2026-07-01,2026,31,651.0,0.0,0.0,651.0,0.0,31,558,1.1667
Civic Arena,2026-08-01,2026,33,635.5,5.5,0.0,630.0,0.0087,31,558,1.1389
Civic Arena,2026-09-01,2026,44,99.5,57.5,0.0,42.0,0.5779,30,540,0.1843
Civic Arena,2026-10-01,2026,5,5.5,5.5,0.0,0.0,1.0,31,558,0.0099
Civic Arena,2026-11-01,2026,10,111.0,3.0,0.0,108.0,0.027,30,540,0.2056
Civic Arena,2026-12-01,2026,17,87.0,3.0,0.0,84.0,0.0345,31,558,0.1559
Civic Arena,2027-01-01,2027,5,23.0,4.0,0.0,19.0,0.1739,31,558,0.0412
Civic Arena,2027-02-01,2027,4,4.0,4.0,0.0,0.0,1.0,28,504,0.0079
Civic Arena,2027-03-01,2027,4,4.0,4.0,0.0,0.0,1.0,31,558,0.0072
Forum Arena,2025-04-01,2025,146,319.0,313.0,0.0,6.0,0.9812,30,540,0.5907
Forum Arena,2025-05-01,2025,151,331.25,329.25,0.0,2.0,0.994,31,558,0.5936
Forum Arena,2025-06-01,2025,187,411.0,271.0,0.0,140.0,0.6594,30,540,0.7611
Forum Arena,2025-07-01,2025,227,419.0,361.0,0.0,58.0,0.8616,31,558,0.7509
Forum Arena,2025-08-01,2025,137,420.5,347.5,0.0,73.0,0.8264,31,558,0.7536
Forum Arena,2025-09-01,2025,161,337.5,292.0,0.0,45.5,0.8652,30,540,0.625
Forum Arena,2025-10-01,2025,288,454.5,444.5,0.0,10.0,0.978,31,558,0.8145
Forum Arena,2025-11-01,2025,231,487.5,364.5,0.0,123.0,0.7477,30,540,0.9028
Forum Arena,2025-12-01,2025,258,495.0,389.0,0.0,106.0,0.7859,31,558,0.8871
Forum Arena,2026-01-01,2026,285,473.5,444.0,0.0,29.5,0.9377,31,558,0.8486
Forum Arena,2026-02-01,2026,239,379.5,371.5,0.0,8.0,0.9789,28,504,0.753
Forum Arena,2026-03-01,2026,249,373.0,361.0,0.0,12.0,0.9678,31,558,0.6685
Forum Arena,2026-04-01,2026,191,378.0,310.0,0.0,68.0,0.8201,30,540,0.7
Forum Arena,2026-05-01,2026,170,398.5,326.5,0.0,72.0,0.8193,31,558,0.7142
Forum Arena,2026-06-01,2026,170,366.0,203.0,0.0,163.0,0.5546,30,540,0.6778
Forum Arena,2026-07-01,2026,227,437.5,348.5,0.0,89.0,0.7966,31,558,0.7841
Forum Arena,2026-08-01,2026,210,432.5,362.5,0.0,70.0,0.8382,31,558,0.7751
Forum Arena,2026-09-01,2026,2,42.0,0.0,0.0,42.0,0.0,30,540,0.0778
Forum Arena,2026-11-01,2026,7,108.0,0.0,0.0,108.0,0.0,30,540,0.2
Forum Arena,2026-12-01,2026,15,87.0,0.0,0.0,87.0,0.0,31,558,0.1559
Forum Arena,2027-01-01,2027,1,19.0,0.0,0.0,19.0,0.0,31,558,0.0341
Forum Arena,2027-02-01,2027,1,3.0,0.0,0.0,3.0,0.0,28,504,0.006
Forum Arena,2027-03-01,2027,3,58.0,0.0,0.0,58.0,0.0,31,558,0.1039
Forum Arena,2027-04-01,2027,1,19.0,0.0,0.0,19.0,0.0,30,540,0.0352
Fountain Arena,2025-04-01,2025,144,296.25,263.0,0.0,33.25,0.8878,30,540,0.5486
Fountain Arena,2025-05-01,2025,117,236.5,236.5,0.0,0.0,1.0,31,558,0.4238
Fountain Arena,2025-06-01,2025,77,126.5,126.5,0.0,0.0,1.0,30,540,0.2343
Fountain Arena,2025-07-01,2025,122,213.5,213.5,0.0,0.0,1.0,31,558,0.3826
Fountain Arena,2025-08-01,2025,109,255.0,255.0,0.0,0.0,1.0,31,558,0.457
Fountain Arena,2025-09-01,2025,65,244.25,244.25,0.0,0.0,1.0,30,540,0.4523
Fountain Arena,2025-10-01,2025,86,295.5,295.5,0.0,0.0,1.0,31,558,0.5296
Fountain Arena,2025-11-01,2025,78,317.25,317.25,0.0,0.0,1.0,30,540,0.5875
Fountain Arena,2025-12-01,2025,90,260.5,260.5,0.0,0.0,1.0,31,558,0.4668
Fountain Arena,2026-01-01,2026,94,320.5,320.5,0.0,0.0,1.0,31,558,0.5744
Fountain Arena,2026-02-01,2026,78,275.5,275.5,0.0,0.0,1.0,28,504,0.5466
Fountain Arena,2026-03-01,2026,75,302.5,302.5,0.0,0.0,1.0,31,558,0.5421
Fountain Arena,2026-04-01,2026,116,225.0,225.0,0.0,0.0,1.0,30,540,0.4167
Fountain Arena,2026-05-01,2026,94,242.0,242.0,0.0,0.0,1.0,31,558,0.4337
Fountain Arena,2026-06-01,2026,78,146.0,146.0,0.0,0.0,1.0,30,540,0.2704
Fountain Arena,2026-07-01,2026,121,248.0,233.0,0.0,15.0,0.9395,31,558,0.4444
Fountain Arena,2026-08-01,2026,78,217.0,217.0,0.0,0.0,1.0,31,558,0.3889
Fountain Arena,2026-09-01,2026,43,211.0,211.0,0.0,0.0,1.0,30,540,0.3907
Fountain Arena,2026-10-01,2026,5,12.5,12.5,0.0,0.0,1.0,31,558,0.0224
Fountain Arena,2026-11-01,2026,4,10.0,10.0,0.0,0.0,1.0,30,540,0.0185
Fountain Arena,2026-12-01,2026,3,7.5,7.5,0.0,0.0,1.0,31,558,0.0134
Fountain Arena,2027-01-01,2027,3,7.5,7.5,0.0,0.0,1.0,31,558,0.0134
Fountain Arena,2027-02-01,2027,4,10.0,10.0,0.0,0.0,1.0,28,504,0.0198
Fountain Arena,2027-03-01,2027,4,39.5,39.5,0.0,0.0,1.0,31,558,0.0708
Fountain Arena,2027-04-01,2027,4,36.5,36.5,0.0,0.0,1.0,30,540,0.0676
Fountain Arena,2027-05-01,2027,2,12.0,12.0,0.0,0.0,1.0,31,558,0.0215
Scotia One Arena,2025-04-01,2025,48,78.0,12.5,0.0,65.5,0.1603,30,540,0.1444
Scotia One Arena,2025-05-01,2025,6,18.0,0.0,16.0,2.0,0.0,31,558,0.0323
Scotia One Arena,2025-06-01,2025,44,206.0,2.0,204.0,0.0,0.0097,30,540,0.3815
Scotia One Arena,2025-07-01,2025,51,215.5,0.0,189.5,26.0,0.0,31,558,0.3862
Scotia One Arena,2025-08-01,2025,36,169.25,1.0,163.75,4.5,0.0059,31,558,0.3033
Scotia One Arena,2025-09-01,2025,109,203.5,181.0,0.0,22.5,0.8894,30,540,0.3769
Scotia One Arena,2025-10-01,2025,190,335.5,296.5,0.0,39.0,0.8838,31,558,0.6013
Scotia One Arena,2025-11-01,2025,188,379.0,347.0,0.0,32.0,0.9156,30,540,0.7019
Scotia One Arena,2025-12-01,2025,186,331.0,299.5,0.0,31.5,0.9048,31,558,0.5932
Scotia One Arena,2026-01-01,2026,165,348.0,327.0,0.0,21.0,0.9397,31,558,0.6237
Scotia One Arena,2026-02-01,2026,163,322.5,296.5,0.0,26.0,0.9194,28,504,0.6399
Scotia One Arena,2026-03-01,2026,141,383.5,361.5,0.0,22.0,0.9426,31,558,0.6873
Scotia One Arena,2026-04-01,2026,132,224.0,224.0,0.0,0.0,1.0,30,540,0.4148
Scotia One Arena,2026-05-01,2026,50,200.5,37.0,163.5,0.0,0.1845,31,558,0.3593
Scotia One Arena,2026-06-01,2026,47,176.5,0.0,176.5,0.0,0.0,30,540,0.3269
Scotia One Arena,2026-07-01,2026,61,285.5,0.0,285.5,0.0,0.0,31,558,0.5116
Scotia One Arena,2026-08-01,2026,17,94.5,0.0,94.5,0.0,0.0,31,558,0.1694
Scotia One Arena,2026-09-01,2026,47,131.5,131.5,0.0,0.0,1.0,30,540,0.2435
Scotia One Arena,2026-10-01,2026,27,61.5,61.5,0.0,0.0,1.0,31,558,0.1102
Scotia One Arena,2026-11-01,2026,21,35.5,35.5,0.0,0.0,1.0,30,540,0.0657
Scotia One Arena,2026-12-01,2026,15,20.0,20.0,0.0,0.0,1.0,31,558,0.0358
Scotia One Arena,2027-01-01,2027,18,56.0,56.0,0.0,0.0,1.0,31,558,0.1004
Scotia One Arena,2027-02-01,2027,16,20.0,20.0,0.0,0.0,1.0,28,504,0.0397
Scotia One Arena,2027-03-01,2027,21,206.5,206.5,0.0,0.0,1.0,31,558,0.3701
Scotia One Arena,2027-04-01,2027,3,29.0,29.0,0.0,0.0,1.0,30,540,0.0537
Scotia Two Arena,2025-04-01,2025,30,54.0,28.0,0.0,26.0,0.5185,30,540,0.1
Scotia Two Arena,2025-05-01,2025,49,56.0,29.0,0.0,27.0,0.5179,31,558,0.1004
Scotia Two Arena,2025-06-01,2025,89,135.0,133.5,0.0,1.5,0.9889,30,540,0.25
Scotia Two Arena,2025-07-01,2025,111,243.5,243.5,0.0,0.0,1.0,31,558,0.4364
Scotia Two Arena,2025-08-01,2025,134,269.5,269.5,0.0,0.0,1.0,31,558,0.483
Scotia Two Arena,2025-09-01,2025,132,264.5,264.5,0.0,0.0,1.0,30,540,0.4898
Scotia Two Arena,2025-10-01,2025,143,296.5,296.5,0.0,0.0,1.0,31,558,0.5314
Scotia Two Arena,2025-11-01,2025,154,341.5,341.5,0.0,0.0,1.0,30,540,0.6324
Scotia Two Arena,2025-12-01,2025,151,312.5,312.5,0.0,0.0,1.0,31,558,0.56
Scotia Two Arena,2026-01-01,2026,147,334.0,334.0,0.0,0.0,1.0,31,558,0.5986
Scotia Two Arena,2026-02-01,2026,152,315.5,315.5,0.0,0.0,1.0,28,504,0.626
Scotia Two Arena,2026-03-01,2026,123,367.0,367.0,0.0,0.0,1.0,31,558,0.6577
Scotia Two Arena,2026-04-01,2026,105,188.5,188.5,0.0,0.0,1.0,30,540,0.3491
Scotia Two Arena,2026-05-01,2026,147,279.0,279.0,0.0,0.0,1.0,31,558,0.5
Scotia Two Arena,2026-06-01,2026,121,187.0,187.0,0.0,0.0,1.0,30,540,0.3463
Scotia Two Arena,2026-07-01,2026,159,397.5,397.5,0.0,0.0,1.0,31,558,0.7124
Scotia Two Arena,2026-08-01,2026,156,331.5,331.5,0.0,0.0,1.0,31,558,0.5941
Scotia Two Arena,2026-09-01,2026,37,102.0,102.0,0.0,0.0,1.0,30,540,0.1889
Scotia Two Arena,2026-10-01,2026,15,47.5,47.5,0.0,0.0,1.0,31,558,0.0851
Scotia Two Arena,2026-11-01,2026,7,15.0,15.0,0.0,0.0,1.0,30,540,0.0278
Scotia Two Arena,2026-12-01,2026,3,4.5,4.5,0.0,0.0,1.0,31,558,0.0081
Scotia Two Arena,2027-01-01,2027,6,39.5,39.5,0.0,0.0,1.0,31,558,0.0708
Scotia Two Arena,2027-02-01,2027,4,6.0,6.0,0.0,0.0,1.0,28,504,0.0119
Scotia Two Arena,2027-03-01,2027,21,184.5,184.5,0.0,0.0,1.0,31,558,0.3306
Scotia Two Arena,2027-04-01,2027,3,20.0,20.0,0.0,0.0,1.0,30,540,0.037
Smith Arena,2025-04-01,2025,154,265.0,259.0,0.0,6.0,0.9774,30,540,0.4907
Smith Arena,2025-05-01,2025,113,255.75,255.75,0.0,0.0,1.0,31,558,0.4583
Smith Arena,2025-06-01,2025,70,146.5,146.5,0.0,0.0,1.0,30,540,0.2713
Smith Arena,2025-07-01,2025,119,251.75,251.75,0.0,0.0,1.0,31,558,0.4512
Smith Arena,2025-08-01,2025,109,254.0,254.0,0.0,0.0,1.0,31,558,0.4552
Smith Arena,2025-09-01,2025,90,203.0,203.0,0.0,0.0,1.0,30,540,0.3759
Smith Arena,2025-10-01,2025,118,275.0,275.0,0.0,0.0,1.0,31,558,0.4928
Smith Arena,2025-11-01,2025,118,312.5,312.5,0.0,0.0,1.0,30,540,0.5787
Smith Arena,2025-12-01,2025,108,238.5,238.5,0.0,0.0,1.0,31,558,0.4274
Smith Arena,2026-01-01,2026,120,293.5,293.5,0.0,0.0,1.0,31,558,0.526
Smith Arena,2026-02-01,2026,119,272.5,272.5,0.0,0.0,1.0,28,504,0.5407
Smith Arena,2026-03-01,2026,118,290.25,290.25,0.0,0.0,1.0,31,558,0.5202
Smith Arena,2026-04-01,2026,137,247.5,247.5,0.0,0.0,1.0,30,540,0.4583
Smith Arena,2026-05-01,2026,100,241.75,241.75,0.0,0.0,1.0,31,558,0.4332
Smith Arena,2026-06-01,2026,53,120.5,120.5,0.0,0.0,1.0,30,540,0.2231
Smith Arena,2026-07-01,2026,104,208.5,128.5,0.0,80.0,0.6163,31,558,0.3737
Smith Arena,2026-08-01,2026,71,123.5,123.5,0.0,0.0,1.0,31,558,0.2213
Smith Arena,2026-09-01,2026,27,95.0,95.0,0.0,0.0,1.0,30,540,0.1759
Smith Arena,2026-10-01,2026,13,28.0,28.0,0.0,0.0,1.0,31,558,0.0502
Smith Arena,2026-11-01,2026,15,28.0,28.0,0.0,0.0,1.0,30,540,0.0519
Smith Arena,2026-12-01,2026,10,18.0,18.0,0.0,0.0,1.0,31,558,0.0323
Smith Arena,2027-01-01,2027,18,37.0,37.0,0.0,0.0,1.0,31,558,0.0663
Smith Arena,2027-02-01,2027,13,26.0,26.0,0.0,0.0,1.0,28,504,0.0516
Smith Arena,2027-03-01,2027,14,57.0,57.0,0.0,0.0,1.0,31,558,0.1022
