year,region,region_type,total_revenues,total_expenditures,operating_surplus,surplus_rank_in_year,deficit_rank_in_year,municipalities_in_year,prior_year_surplus,yoy_surplus_change,years_observed,mean_surplus
2023-24,HRM,Regional Municipality,1003070000.00,877603000.00,125467000.00,1,48,48,120056315.00,5410685.00,11,109318362.18
2023-24,Colchester,Rural Municipality,44166679.00,34323058.00,9843621.00,2,47,48,7091423.00,2752198.00,11,6800685.64
2023-24,CBRM,Regional Municipality,155380665.00,146667618.00,8713047.00,3,46,48,4254476.00,4458571.00,11,11093602.91
2023-24,Kings,Rural Municipality,46277224.00,37907924.00,8369300.00,4,45,48,3409000.00,4960300.00,11,4042118.91
2023-24,Bridgewater,Town,25398282.00,19290790.00,6107492.00,5,44,48,4440243.00,1667249.00,11,3400597.09
2023-24,Truro,Town,31715688.00,26200180.00,5515508.00,6,43,48,4139811.00,1375697.00,11,3407846.73
2023-24,Lunenburg,Rural Municipality,27381184.00,22691011.00,4690173.00,7,42,48,4993629.00,-303456.00,11,3721159.00
2023-24,East Hants,Rural Municipality,35645526.00,31427625.00,4217901.00,8,41,48,4766800.00,-548899.00,11,3645911.45
2023-24,Chester,Rural Municipality,21475845.00,17521505.00,3954340.00,9,40,48,7074260.00,-3119920.00,11,4852153.00
2023-24,Annapolis,Rural Municipality,19782383.00,16517744.00,3264639.00,10,39,48,2154029.00,1110610.00,10,1651513.20
2023-24,Region of Queens,Regional Municipality,22845125.00,19844877.00,3000248.00,11,38,48,1967565.00,1032683.00,11,2183759.91
2023-24,Yarmouth,Rural Municipality,12687191.00,10030759.00,2656432.00,12,37,48,3759146.00,-1102714.00,11,1984770.09
2023-24,West Hants,Regional Municipality,25942125.00,23722286.00,2219839.00,13,36,48,4168723.00,-1948884.00,4,3139427.50
2023-24,Wolfville,Town,12455588.00,10301909.00,2153679.00,14,35,48,1429411.00,724268.00,11,1645764.73
2023-24,Amherst,Town,18996494.00,17006672.00,1989822.00,15,34,48,1544265.00,445557.00,11,2144410.55
2023-24,Lunenburg,Town,8858648.00,6885043.00,1973605.00,16,33,48,1434115.00,539490.00,11,938186.64
2023-24,Yarmouth,Town,18485621.00,16513199.00,1972422.00,17,32,48,1491593.00,480829.00,11,1857293.18
2023-24,Kentville,Town,15062135.00,13226292.00,1835843.00,18,31,48,1276302.00,559541.00,11,1432950.82
2023-24,New Glasgow,Town,20733100.00,18994483.00,1738617.00,19,30,48,1980995.00,-242378.00,11,1908272.09
2023-24,Richmond,Rural Municipality,11770340.00,10139117.00,1631223.00,20,29,48,1133596.00,497627.00,11,796076.73
2023-24,Antigonish,Town,9991325.00,8438713.00,1552612.00,21,28,48,1484946.00,67666.00,11,907816.55
2023-24,Antigonish,Rural Municipality,15216918.00,13791026.00,1425892.00,22,27,48,1612149.00,-186257.00,11,1512730.27
2023-24,Clare,Rural Municipality,9148410.00,7941121.00,1207289.00,23,26,48,430324.00,776965.00,11,625905.82
2023-24,Pictou,Town,7366861.00,6223580.00,1143281.00,24,25,48,616530.00,526751.00,11,728850.91
2023-24,Digby,Rural Municipality,9611238.00,8474202.00,1137036.00,25,24,48,645743.00,491293.00,11,686157.55
2023-24,Port Hawkesbury,Town,8396996.00,7290501.00,1106495.00,26,23,48,1071597.00,34898.00,11,1122229.09
2023-24,Cumberland,Rural Municipality,27984861.00,26994937.00,989924.00,27,22,48,2218183.00,-1228259.00,11,2165833.18
2023-24,Victoria,Rural Municipality,12761853.00,11961802.00,800051.00,28,21,48,655410.00,144641.00,11,693702.36
2023-24,Guysborough,Rural Municipality,13105860.00,12348857.00,757003.00,29,20,48,453919.00,303084.00,11,3132924.09
2023-24,Barrington,Rural Municipality,8865755.00,8192933.00,672822.00,30,19,48,500225.00,172597.00,11,495126.36
2023-24,Pictou,Rural Municipality,19880316.00,19287269.00,593047.00,31,18,48,89134.00,503913.00,11,1377444.82
2023-24,Argyle,Rural Municipality,7891231.00,7304838.00,586393.00,32,17,48,360854.00,225539.00,11,405755.64
2023-24,Berwick,Town,5720398.00,5196626.00,523772.00,33,16,48,373888.00,149884.00,11,506043.91
2023-24,Annapolis Royal,Town,2505719.00,2001677.00,504042.00,34,15,48,-74039.00,578081.00,11,236345.36
2023-24,Trenton,Town,4965829.00,4486923.00,478906.00,35,14,48,420857.00,58049.00,11,389872.09
2023-24,Shelburne,Rural Municipality,7455382.00,6981665.00,473717.00,36,13,48,332593.00,141124.00,11,534062.09
2023-24,Oxford,Town,2698338.00,2242884.00,455454.00,37,12,48,738317.00,-282863.00,11,308403.64
2023-24,Clark's Harbour,Town,1537305.00,1154392.00,382913.00,38,11,48,196381.00,186532.00,11,164798.27
2023-24,Stellarton,Town,8091425.00,7712305.00,379120.00,39,10,48,32610.00,346510.00,11,657259.55
2023-24,Shelburne,Town,3860483.00,3493660.00,366823.00,40,9,48,344268.00,22555.00,11,285320.82
2023-24,Westville,Town,4688081.00,4352301.00,335780.00,41,8,48,260971.00,74809.00,11,401276.27
2023-24,Middleton,Town,4049508.00,3760523.00,288985.00,42,7,48,484472.00,-195487.00,11,410094.18
2023-24,Stewiacke,Town,3327167.00,3070578.00,256589.00,43,6,48,503920.00,-247331.00,11,461085.82
2023-24,Lockeport,Town,1488892.00,1366097.00,122795.00,44,5,48,1532.00,121263.00,11,99294.27
2023-24,Mulgrave,Town,2230076.00,2131415.00,98661.00,45,4,48,66160.00,32501.00,11,212548.64
2023-24,Digby,Town,4936961.00,4914512.00,22449.00,46,3,48,133029.00,-110580.00,11,353559.00
2023-24,St. Mary's,Rural Municipality,3208994.00,3215925.00,-6931.00,47,2,48,15551.00,-22482.00,11,52473.64
2023-24,Inverness,Rural Municipality,17842632.00,19016678.00,-1174046.00,48,1,48,-822692.00,-351354.00,11,771788.00
2022-23,HRM,Regional Municipality,946690655.00,826634340.00,120056315.00,1,49,49,100320000.00,19736315.00,11,109318362.18
2022-23,Colchester,Rural Municipality,39753944.00,32662521.00,7091423.00,2,48,49,8653659.00,-1562236.00,11,6800685.64
2022-23,Chester,Rural Municipality,23034656.00,15960396.00,7074260.00,3,47,49,7275808.00,-201548.00,11,4852153.00
2022-23,Lunenburg,Rural Municipality,25025346.00,20031717.00,4993629.00,4,46,49,2154729.00,2838900.00,11,3721159.00
2022-23,East Hants,Rural Municipality,33412996.00,28646196.00,4766800.00,5,45,49,4896746.00,-129946.00,11,3645911.45
2022-23,Bridgewater,Town,22226710.00,17786467.00,4440243.00,6,44,49,4294264.00,145979.00,11,3400597.09
2022-23,CBRM,Regional Municipality,143403223.00,139148747.00,4254476.00,7,43,49,24019303.00,-19764827.00,11,11093602.91
2022-23,West Hants,Regional Municipality,25549601.00,21380878.00,4168723.00,8,42,49,4342169.00,-173446.00,4,3139427.50
2022-23,Truro,Town,29124813.00,24985002.00,4139811.00,9,41,49,5661823.00,-1522012.00,11,3407846.73
2022-23,Yarmouth,Rural Municipality,12507891.00,8748745.00,3759146.00,10,40,49,2083902.00,1675244.00,11,1984770.09
2022-23,Kings,Rural Municipality,40438010.00,37029010.00,3409000.00,11,39,49,3686700.00,-277700.00,11,4042118.91
2022-23,Cumberland,Rural Municipality,25541096.00,23322913.00,2218183.00,12,38,49,5927761.00,-3709578.00,11,2165833.18
2022-23,Annapolis,Rural Municipality,17964721.00,15810692.00,2154029.00,13,37,49,3250422.00,-1096393.00,10,1651513.20
2022-23,New Glasgow,Town,19079300.00,17098305.00,1980995.00,14,36,49,3073800.00,-1092805.00,11,1908272.09
2022-23,Region of Queens,Regional Municipality,20632145.00,18664580.00,1967565.00,15,35,49,4194290.00,-2226725.00,11,2183759.91
2022-23,Antigonish,Rural Municipality,13434098.00,11821949.00,1612149.00,16,34,49,1980533.00,-368384.00,11,1512730.27
2022-23,Amherst,Town,17061862.00,15517597.00,1544265.00,17,33,49,3391681.00,-1847416.00,11,2144410.55
2022-23,Yarmouth,Town,16714689.00,15223096.00,1491593.00,18,32,49,1961502.00,-469909.00,11,1857293.18
2022-23,Antigonish,Town,9397718.00,7912772.00,1484946.00,19,31,49,1928375.00,-443429.00,11,907816.55
2022-23,Lunenburg,Town,7867643.00,6433528.00,1434115.00,20,30,49,1192408.00,241707.00,11,938186.64
2022-23,Wolfville,Town,11063606.00,9634195.00,1429411.00,21,29,49,1566291.00,-136880.00,11,1645764.73
2022-23,Kentville,Town,13847133.00,12570831.00,1276302.00,22,28,49,1435359.00,-159057.00,11,1432950.82
2022-23,Richmond,Rural Municipality,11097226.00,9963630.00,1133596.00,23,27,49,954015.00,179581.00,11,796076.73
2022-23,Port Hawkesbury,Town,7949362.00,6877765.00,1071597.00,24,26,49,1471730.00,-400133.00,11,1122229.09
2022-23,Oxford,Town,2914192.00,2175875.00,738317.00,25,25,49,594961.00,143356.00,11,308403.64
2022-23,Victoria,Rural Municipality,11563552.00,10908142.00,655410.00,26,24,49,1355339.00,-699929.00,11,693702.36
2022-23,Digby,Rural Municipality,8630117.00,7984374.00,645743.00,27,23,49,907201.00,-261458.00,11,686157.55
2022-23,Pictou,Town,6124564.00,5508034.00,616530.00,28,22,49,968105.00,-351575.00,11,728850.91
2022-23,Stewiacke,Town,2695160.00,2191240.00,503920.00,29,21,49,617108.00,-113188.00,11,461085.82
2022-23,Barrington,Rural Municipality,7808225.00,7308000.00,500225.00,30,20,49,661118.00,-160893.00,11,495126.36
2022-23,Mahone Bay,Town,3318946.00,2830923.00,488023.00,31,19,49,663620.00,-175597.00,10,531705.90
2022-23,Middleton,Town,3731213.00,3246741.00,484472.00,32,18,49,583803.00,-99331.00,11,410094.18
2022-23,Guysborough,Rural Municipality,12477237.00,12023318.00,453919.00,33,17,49,2279907.00,-1825988.00,11,3132924.09
2022-23,Clare,Rural Municipality,8286551.00,7856227.00,430324.00,34,16,49,659787.00,-229463.00,11,625905.82
2022-23,Trenton,Town,4485691.00,4064834.00,420857.00,35,15,49,842402.00,-421545.00,11,389872.09
2022-23,Berwick,Town,5059230.00,4685342.00,373888.00,36,14,49,791026.00,-417138.00,11,506043.91
2022-23,Argyle,Rural Municipality,7076844.00,6715990.00,360854.00,37,13,49,566786.00,-205932.00,11,405755.64
2022-23,Shelburne,Town,3635364.00,3291096.00,344268.00,38,12,49,623661.00,-279393.00,11,285320.82
2022-23,Shelburne,Rural Municipality,6518640.00,6186047.00,332593.00,39,11,49,1243727.00,-911134.00,11,534062.09
2022-23,Westville,Town,4267633.00,4006662.00,260971.00,40,10,49,854545.00,-593574.00,11,401276.27
2022-23,Clark's Harbour,Town,1357562.00,1161181.00,196381.00,41,9,49,299733.00,-103352.00,11,164798.27
2022-23,Digby,Town,4614822.00,4481793.00,133029.00,42,8,49,613405.00,-480376.00,11,353559.00
2022-23,Pictou,Rural Municipality,18127277.00,18038143.00,89134.00,43,7,49,1659979.00,-1570845.00,11,1377444.82
2022-23,Mulgrave,Town,2124454.00,2058294.00,66160.00,44,6,49,260024.00,-193864.00,11,212548.64
2022-23,Stellarton,Town,7446779.00,7414169.00,32610.00,45,5,49,1027575.00,-994965.00,11,657259.55
2022-23,St. Mary's,Rural Municipality,2898331.00,2882780.00,15551.00,46,4,49,135649.00,-120098.00,11,52473.64
2022-23,Lockeport,Town,1316801.00,1315269.00,1532.00,47,3,49,171774.00,-170242.00,11,99294.27
2022-23,Annapolis Royal,Town,2277711.00,2351750.00,-74039.00,48,2,49,451969.00,-526008.00,11,236345.36
2022-23,Inverness,Rural Municipality,15869403.00,16692095.00,-822692.00,49,1,49,1474034.00,-2296726.00,11,771788.00
2021-22,HRM,Regional Municipality,878413000.00,778093000.00,100320000.00,1,49,49,156329473.00,-56009473.00,11,109318362.18
2021-22,CBRM,Regional Municipality,152898842.00,128879539.00,24019303.00,2,48,49,13687741.00,10331562.00,11,11093602.91
2021-22,Colchester,Rural Municipality,37312838.00,28659179.00,8653659.00,3,47,49,9280305.00,-626646.00,11,6800685.64
2021-22,Chester,Rural Municipality,20516713.00,13240905.00,7275808.00,4,46,49,5746583.00,1529225.00,11,4852153.00
2021-22,Cumberland,Rural Municipality,27602701.00,21674940.00,5927761.00,5,45,49,2559720.00,3368041.00,11,2165833.18
2021-22,Truro,Town,29366383.00,23704560.00,5661823.00,6,44,49,4568489.00,1093334.00,11,3407846.73
2021-22,East Hants,Rural Municipality,31210521.00,26313775.00,4896746.00,7,43,49,4652869.00,243877.00,11,3645911.45
2021-22,West Hants,Regional Municipality,24377120.00,20034951.00,4342169.00,8,42,49,1826979.00,2515190.00,4,3139427.50
2021-22,Bridgewater,Town,21353015.00,17058751.00,4294264.00,9,41,49,4093986.00,200278.00,11,3400597.09
2021-22,Region of Queens,Regional Municipality,21226280.00,17031990.00,4194290.00,10,40,49,2159294.00,2034996.00,11,2183759.91
2021-22,Kings,Rural Municipality,36338300.00,32651600.00,3686700.00,11,39,49,2289400.00,1397300.00,11,4042118.91
2021-22,Amherst,Town,17610159.00,14218478.00,3391681.00,12,38,49,2671947.00,719734.00,11,2144410.55
2021-22,Annapolis,Rural Municipality,18288223.00,15037801.00,3250422.00,13,37,49,1228279.00,2022143.00,10,1651513.20
2021-22,New Glasgow,Town,19032700.00,15958900.00,3073800.00,14,36,49,2788759.00,285041.00,11,1908272.09
2021-22,Guysborough,Rural Municipality,14989578.00,12709671.00,2279907.00,15,35,49,2753589.00,-473682.00,11,3132924.09
2021-22,Lunenburg,Rural Municipality,22066019.00,19911290.00,2154729.00,16,34,49,3485053.00,-1330324.00,11,3721159.00
2021-22,Yarmouth,Rural Municipality,10614092.00,8530190.00,2083902.00,17,33,49,1809538.00,274364.00,11,1984770.09
2021-22,Antigonish,Rural Municipality,12634082.00,10653549.00,1980533.00,18,32,49,2562606.00,-582073.00,11,1512730.27
2021-22,Yarmouth,Town,16972274.00,15010772.00,1961502.00,19,31,49,2309576.00,-348074.00,11,1857293.18
2021-22,Antigonish,Town,9307047.00,7378672.00,1928375.00,20,30,49,2137793.00,-209418.00,11,907816.55
2021-22,Pictou,Rural Municipality,17220995.00,15561016.00,1659979.00,21,29,49,1665778.00,-5799.00,11,1377444.82
2021-22,Wolfville,Town,10658109.00,9091818.00,1566291.00,22,28,49,2237351.00,-671060.00,11,1645764.73
2021-22,Inverness,Rural Municipality,15864720.00,14390686.00,1474034.00,23,27,49,961587.00,512447.00,11,771788.00
2021-22,Port Hawkesbury,Town,7698483.00,6226753.00,1471730.00,24,26,49,1596127.00,-124397.00,11,1122229.09
2021-22,Kentville,Town,12800699.00,11365340.00,1435359.00,25,25,49,1908524.00,-473165.00,11,1432950.82
2021-22,Victoria,Rural Municipality,10836840.00,9481501.00,1355339.00,26,24,49,1469946.00,-114607.00,11,693702.36
2021-22,Shelburne,Rural Municipality,6394203.00,5150476.00,1243727.00,27,23,49,114160.00,1129567.00,11,534062.09
2021-22,Lunenburg,Town,6933129.00,5740721.00,1192408.00,28,22,49,1423665.00,-231257.00,11,938186.64
2021-22,Stellarton,Town,7740391.00,6712816.00,1027575.00,29,21,49,675156.00,352419.00,11,657259.55
2021-22,Pictou,Town,5978539.00,5010434.00,968105.00,30,20,49,1058466.00,-90361.00,11,728850.91
2021-22,Richmond,Rural Municipality,9903751.00,8949736.00,954015.00,31,19,49,913560.00,40455.00,11,796076.73
2021-22,Digby,Rural Municipality,8023096.00,7115895.00,907201.00,32,18,49,971291.00,-64090.00,11,686157.55
2021-22,Westville,Town,4739330.00,3884785.00,854545.00,33,17,49,431421.00,423124.00,11,401276.27
2021-22,Trenton,Town,4365642.00,3523240.00,842402.00,34,16,49,492803.00,349599.00,11,389872.09
2021-22,Berwick,Town,4901084.00,4110058.00,791026.00,35,15,49,713970.00,77056.00,11,506043.91
2021-22,Mahone Bay,Town,3032236.00,2368616.00,663620.00,36,14,49,614656.00,48964.00,10,531705.90
2021-22,Barrington,Rural Municipality,7382727.00,6721609.00,661118.00,37,13,49,332999.00,328119.00,11,495126.36
2021-22,Clare,Rural Municipality,7440699.00,6780912.00,659787.00,38,12,49,606853.00,52934.00,11,625905.82
2021-22,Shelburne,Town,3827782.00,3204121.00,623661.00,39,11,49,636379.00,-12718.00,11,285320.82
2021-22,Stewiacke,Town,2506617.00,1889509.00,617108.00,40,10,49,482500.00,134608.00,11,461085.82
2021-22,Digby,Town,4663716.00,4050311.00,613405.00,41,9,49,490767.00,122638.00,11,353559.00
2021-22,Oxford,Town,2661635.00,2066674.00,594961.00,42,8,49,267606.00,327355.00,11,308403.64
2021-22,Middleton,Town,3900090.00,3316287.00,583803.00,43,7,49,518335.00,65468.00,11,410094.18
2021-22,Argyle,Rural Municipality,6883518.00,6316732.00,566786.00,44,6,49,579493.00,-12707.00,11,405755.64
2021-22,Annapolis Royal,Town,2246590.00,1794621.00,451969.00,45,5,49,366265.00,85704.00,11,236345.36
2021-22,Clark's Harbour,Town,1390019.00,1090286.00,299733.00,46,4,49,151659.00,148074.00,11,164798.27
2021-22,Mulgrave,Town,2176876.00,1916852.00,260024.00,47,3,49,272141.00,-12117.00,11,212548.64
2021-22,Lockeport,Town,1369123.00,1197349.00,171774.00,48,2,49,156417.00,15357.00,11,99294.27
2021-22,St. Mary's,Rural Municipality,2785584.00,2649935.00,135649.00,49,1,49,156505.00,-20856.00,11,52473.64
2020-21,HRM,Regional Municipality,865285000.00,708955527.00,156329473.00,1,49,49,117517000.00,38812473.00,11,109318362.18
2020-21,CBRM,Regional Municipality,134546949.00,120859208.00,13687741.00,2,48,49,10212009.00,3475732.00,11,11093602.91
2020-21,Colchester,Rural Municipality,34658112.00,25377807.00,9280305.00,3,47,49,3399652.00,5880653.00,11,6800685.64
2020-21,Chester,Rural Municipality,19342132.00,13595549.00,5746583.00,4,46,49,5031505.00,715078.00,11,4852153.00
2020-21,East Hants,Rural Municipality,27673613.00,23020744.00,4652869.00,5,45,49,2211985.00,2440884.00,11,3645911.45
2020-21,Truro,Town,26819653.00,22251164.00,4568489.00,6,44,49,3224528.00,1343961.00,11,3407846.73
2020-21,Bridgewater,Town,19554717.00,15460731.00,4093986.00,7,43,49,3629206.00,464780.00,11,3400597.09
2020-21,Lunenburg,Rural Municipality,21834229.00,18349176.00,3485053.00,8,42,49,4222696.00,-737643.00,11,3721159.00
2020-21,New Glasgow,Town,18194634.00,15405875.00,2788759.00,9,41,49,1845462.00,943297.00,11,1908272.09
2020-21,Guysborough,Rural Municipality,14648579.00,11894990.00,2753589.00,10,40,49,3657747.00,-904158.00,11,3132924.09
2020-21,Amherst,Town,15970342.00,13298395.00,2671947.00,11,39,49,1493983.00,1177964.00,11,2144410.55
2020-21,Antigonish,Rural Municipality,12698454.00,10135848.00,2562606.00,12,38,49,1551108.00,1011498.00,11,1512730.27
2020-21,Cumberland,Rural Municipality,24429889.00,21870169.00,2559720.00,13,37,49,3309121.00,-749401.00,11,2165833.18
2020-21,Yarmouth,Town,15941437.00,13631861.00,2309576.00,14,36,49,1780518.00,529058.00,11,1857293.18
2020-21,Kings,Rural Municipality,35859200.00,33569800.00,2289400.00,15,35,49,4428874.00,-2139474.00,11,4042118.91
2020-21,Wolfville,Town,10256830.00,8019479.00,2237351.00,16,34,49,1595411.00,641940.00,11,1645764.73
2020-21,Region of Queens,Regional Municipality,17842769.00,15683475.00,2159294.00,17,33,49,1813345.00,345949.00,11,2183759.91
2020-21,Antigonish,Town,8869307.00,6731514.00,2137793.00,18,32,49,1802059.00,335734.00,11,907816.55
2020-21,Kentville,Town,12814781.00,10906257.00,1908524.00,19,31,49,1777640.00,130884.00,11,1432950.82
2020-21,West Hants,Regional Municipality,21901436.00,20074457.00,1826979.00,20,30,49,,,4,3139427.50
2020-21,Yarmouth,Rural Municipality,10317018.00,8507480.00,1809538.00,21,29,49,1703546.00,105992.00,11,1984770.09
2020-21,Pictou,Rural Municipality,16509584.00,14843806.00,1665778.00,22,28,49,1595066.00,70712.00,11,1377444.82
2020-21,Port Hawkesbury,Town,7672057.00,6075930.00,1596127.00,23,27,49,876248.00,719879.00,11,1122229.09
2020-21,Annapolis,Town,16657596.00,15089261.00,1568335.00,24,26,49,,,1,1568335.00
2020-21,Victoria,Rural Municipality,10256693.00,8786747.00,1469946.00,25,25,49,108783.00,1361163.00,11,693702.36
2020-21,Lunenburg,Town,6561968.00,5138303.00,1423665.00,26,24,49,703121.00,720544.00,11,938186.64
2020-21,Pictou,Town,5361665.00,4303199.00,1058466.00,27,23,49,837422.00,221044.00,11,728850.91
2020-21,Digby,Rural Municipality,7600639.00,6629348.00,971291.00,28,22,49,650618.00,320673.00,11,686157.55
2020-21,Inverness,Rural Municipality,13697179.00,12735592.00,961587.00,29,21,49,340427.00,621160.00,11,771788.00
2020-21,Richmond,Rural Municipality,9581925.00,8668365.00,913560.00,30,20,49,1223626.00,-310066.00,11,796076.73
2020-21,Berwick,Town,4507567.00,3793597.00,713970.00,31,19,49,388751.00,325219.00,11,506043.91
2020-21,Stellarton,Town,7342009.00,6666853.00,675156.00,32,18,49,604565.00,70591.00,11,657259.55
2020-21,Shelburne,Town,3427966.00,2791587.00,636379.00,33,17,49,200670.00,435709.00,11,285320.82
2020-21,Mahone Bay,Town,2740341.00,2125685.00,614656.00,34,16,49,619404.00,-4748.00,10,531705.90
2020-21,Clare,Rural Municipality,7221362.00,6614509.00,606853.00,35,15,49,1228306.00,-621453.00,11,625905.82
2020-21,Argyle,Rural Municipality,6374820.00,5795327.00,579493.00,36,14,49,367190.00,212303.00,11,405755.64
2020-21,Middleton,Town,3465163.00,2946828.00,518335.00,37,13,49,306490.00,211845.00,11,410094.18
2020-21,Trenton,Town,3933407.00,3440604.00,492803.00,38,12,49,665235.00,-172432.00,11,389872.09
2020-21,Digby,Town,4138165.00,3647398.00,490767.00,39,11,49,477324.00,13443.00,11,353559.00
2020-21,Stewiacke,Town,2280337.00,1797837.00,482500.00,40,10,49,386139.00,96361.00,11,461085.82
2020-21,Westville,Town,4038223.00,3606802.00,431421.00,41,9,49,375444.00,55977.00,11,401276.27
2020-21,Annapolis Royal,Town,1920628.00,1554363.00,366265.00,42,8,49,341103.00,25162.00,11,236345.36
2020-21,Barrington,Rural Municipality,6888369.00,6555370.00,332999.00,43,7,49,480737.00,-147738.00,11,495126.36
2020-21,Mulgrave,Town,2035311.00,1763170.00,272141.00,44,6,49,278833.00,-6692.00,11,212548.64
2020-21,Oxford,Town,2227435.00,1959829.00,267606.00,45,5,49,157726.00,109880.00,11,308403.64
2020-21,St. Mary's,Rural Municipality,2598893.00,2442388.00,156505.00,46,4,49,2366.00,154139.00,11,52473.64
2020-21,Lockeport,Town,1298005.00,1141588.00,156417.00,47,3,49,133586.00,22831.00,11,99294.27
2020-21,Clark's Harbour,Town,1299734.00,1148075.00,151659.00,48,2,49,59013.00,92646.00,11,164798.27
2020-21,Shelburne,Rural Municipality,5990386.00,5876226.00,114160.00,49,1,49,645782.00,-531622.00,11,534062.09
2019-20,HRM,Regional Municipality,825137000.00,707620000.00,117517000.00,1,50,50,100341000.00,17176000.00,11,109318362.18
2019-20,CBRM,Regional Municipality,128523286.00,118311277.00,10212009.00,2,49,50,10341007.00,-128998.00,11,11093602.91
2019-20,Chester,Rural Municipality,17883260.00,12851755.00,5031505.00,3,48,50,3490946.00,1540559.00,11,4852153.00
2019-20,Kings,Rural Municipality,35482900.00,31054026.00,4428874.00,4,47,50,3711110.00,717764.00,11,4042118.91
2019-20,Lunenburg,Rural Municipality,21182677.00,16959981.00,4222696.00,5,46,50,4090393.00,132303.00,11,3721159.00
2019-20,Guysborough,Rural Municipality,15307461.00,11649714.00,3657747.00,6,45,50,4283086.00,-625339.00,11,3132924.09
2019-20,Bridgewater,Town,18699268.00,15070062.00,3629206.00,7,44,50,2863783.00,765423.00,11,3400597.09
2019-20,Colchester,Rural Municipality,33227930.00,29828278.00,3399652.00,8,43,50,4378248.00,-978596.00,11,6800685.64
2019-20,Cumberland,Rural Municipality,24677524.00,21368403.00,3309121.00,9,42,50,2433051.00,876070.00,11,2165833.18
2019-20,Truro,Town,25819373.00,22594845.00,3224528.00,10,41,50,2883006.00,341522.00,11,3407846.73
2019-20,West Hants,Rural Municipality,13760527.00,11021803.00,2738724.00,11,40,50,1425393.00,1313331.00,7,1426775.43
2019-20,East Hants,Rural Municipality,25324373.00,23112388.00,2211985.00,12,39,50,3405586.00,-1193601.00,11,3645911.45
2019-20,New Glasgow,Town,17617600.00,15772138.00,1845462.00,13,38,50,2072007.00,-226545.00,11,1908272.09
2019-20,Region of Queens,Regional Municipality,17821681.00,16008336.00,1813345.00,14,37,50,1676324.00,137021.00,11,2183759.91
2019-20,Antigonish,Town,8921347.00,7119288.00,1802059.00,15,36,50,-41624.00,1843683.00,11,907816.55
2019-20,Yarmouth,Town,15675934.00,13895416.00,1780518.00,16,35,50,2005649.00,-225131.00,11,1857293.18
2019-20,Kentville,Town,12538022.00,10760382.00,1777640.00,17,34,50,1262245.00,515395.00,11,1432950.82
2019-20,Yarmouth,Rural Municipality,9612667.00,7909121.00,1703546.00,18,33,50,2697726.00,-994180.00,11,1984770.09
2019-20,Wolfville,Town,9670734.00,8075323.00,1595411.00,19,32,50,1484360.00,111051.00,11,1645764.73
2019-20,Pictou,Rural Municipality,16050248.00,14455182.00,1595066.00,20,31,50,2137101.00,-542035.00,11,1377444.82
2019-20,Antigonish,Rural Municipality,11932868.00,10381760.00,1551108.00,21,30,50,1492007.00,59101.00,11,1512730.27
2019-20,Amherst,Town,15371508.00,13877525.00,1493983.00,22,29,50,2061614.00,-567631.00,11,2144410.55
2019-20,Clare,Rural Municipality,7481873.00,6253567.00,1228306.00,23,28,50,587249.00,641057.00,11,625905.82
2019-20,Annapolis,Rural Municipality,15624790.00,14396511.00,1228279.00,24,27,50,1365977.00,-137698.00,10,1651513.20
2019-20,Richmond,Rural Municipality,9799415.00,8575789.00,1223626.00,25,26,50,913195.00,310431.00,11,796076.73
2019-20,Port Hawkesbury,Town,7242497.00,6366249.00,876248.00,26,25,50,997617.00,-121369.00,11,1122229.09
2019-20,Pictou,Town,5333528.00,4496106.00,837422.00,27,24,50,578695.00,258727.00,11,728850.91
2019-20,Lunenburg,Town,6056833.00,5353712.00,703121.00,28,23,50,641430.00,61691.00,11,938186.64
2019-20,Trenton,Town,4076246.00,3411011.00,665235.00,29,22,50,104246.00,560989.00,11,389872.09
2019-20,Digby,Rural Municipality,7366370.00,6715752.00,650618.00,30,21,50,621099.00,29519.00,11,686157.55
2019-20,Shelburne,Rural Municipality,5808694.00,5162912.00,645782.00,31,20,50,870679.00,-224897.00,11,534062.09
2019-20,Windsor,Town,7143986.00,6504771.00,639215.00,32,19,50,918857.00,-279642.00,7,1173034.71
2019-20,Mahone Bay,Town,2689889.00,2070485.00,619404.00,33,18,50,663061.00,-43657.00,10,531705.90
2019-20,Stellarton,Town,7219009.00,6614444.00,604565.00,34,17,50,644932.00,-40367.00,11,657259.55
2019-20,Barrington,Rural Municipality,6651547.00,6170810.00,480737.00,35,16,50,596484.00,-115747.00,11,495126.36
2019-20,Digby,Town,4248173.00,3770849.00,477324.00,36,15,50,416281.00,61043.00,11,353559.00
2019-20,Berwick,Town,4708692.00,4319941.00,388751.00,37,14,50,754568.00,-365817.00,11,506043.91
2019-20,Stewiacke,Town,2185086.00,1798947.00,386139.00,38,13,50,545152.00,-159013.00,11,461085.82
2019-20,Westville,Town,4098221.00,3722777.00,375444.00,39,12,50,354758.00,20686.00,11,401276.27
2019-20,Argyle,Rural Municipality,6157543.00,5790353.00,367190.00,40,11,50,364714.00,2476.00,11,405755.64
2019-20,Annapolis Royal,Town,1888459.00,1547356.00,341103.00,41,10,50,226203.00,114900.00,11,236345.36
2019-20,Inverness,Rural Municipality,13014150.00,12673723.00,340427.00,42,9,50,421282.00,-80855.00,11,771788.00
2019-20,Middleton,Town,3340552.00,3034062.00,306490.00,43,8,50,161828.00,144662.00,11,410094.18
2019-20,Mulgrave,Town,1831266.00,1552433.00,278833.00,44,7,50,242521.00,36312.00,11,212548.64
2019-20,Shelburne,Town,3567766.00,3367096.00,200670.00,45,6,50,43445.00,157225.00,11,285320.82
2019-20,Oxford,Town,2345434.00,2187708.00,157726.00,46,5,50,296085.00,-138359.00,11,308403.64
2019-20,Lockeport,Town,1202466.00,1068880.00,133586.00,47,4,50,24267.00,109319.00,11,99294.27
2019-20,Victoria,Rural Municipality,9654351.00,9545568.00,108783.00,48,3,50,475507.00,-366724.00,11,693702.36
2019-20,Clark's Harbour,Town,1204810.00,1145797.00,59013.00,49,2,50,76644.00,-17631.00,11,164798.27
2019-20,St. Mary's,Rural Municipality,2464448.00,2462082.00,2366.00,50,1,50,23124.00,-20758.00,11,52473.64
2018-19,HRM,Regional Municipality,786573000.00,686232000.00,100341000.00,1,50,50,102919000.00,-2578000.00,11,109318362.18
2018-19,CBRM,Regional Municipality,124977976.00,114636969.00,10341007.00,2,49,50,10888050.00,-547043.00,11,11093602.91
2018-19,Colchester,Rural Municipality,32174403.00,27796155.00,4378248.00,3,48,50,5731916.00,-1353668.00,11,6800685.64
2018-19,Guysborough,Rural Municipality,15670817.00,11387731.00,4283086.00,4,47,50,4382365.00,-99279.00,11,3132924.09
2018-19,Lunenburg,Rural Municipality,19306123.00,15215730.00,4090393.00,5,46,50,3649157.00,441236.00,11,3721159.00
2018-19,Kings,Rural Municipality,34321100.00,30609990.00,3711110.00,6,45,50,4025600.00,-314490.00,11,4042118.91
2018-19,Chester,Rural Municipality,15957927.00,12466981.00,3490946.00,7,44,50,4887619.00,-1396673.00,11,4852153.00
2018-19,East Hants,Rural Municipality,25074186.00,21668600.00,3405586.00,8,43,50,3218237.00,187349.00,11,3645911.45
2018-19,Truro,Town,25299501.00,22416495.00,2883006.00,9,42,50,2744924.00,138082.00,11,3407846.73
2018-19,Bridgewater,Town,17476706.00,14612923.00,2863783.00,10,41,50,2546089.00,317694.00,11,3400597.09
2018-19,Yarmouth,Rural Municipality,9864551.00,7166825.00,2697726.00,11,40,50,1873364.00,824362.00,11,1984770.09
2018-19,Cumberland,Rural Municipality,23533146.00,21100095.00,2433051.00,12,39,50,971144.00,1461907.00,11,2165833.18
2018-19,Pictou,Rural Municipality,15432041.00,13294940.00,2137101.00,13,38,50,2679362.00,-542261.00,11,1377444.82
2018-19,New Glasgow,Town,17701396.00,15629389.00,2072007.00,14,37,50,1908281.00,163726.00,11,1908272.09
2018-19,Amherst,Town,15569243.00,13507629.00,2061614.00,15,36,50,2369388.00,-307774.00,11,2144410.55
2018-19,Yarmouth,Town,15755816.00,13750167.00,2005649.00,16,35,50,636697.00,1368952.00,11,1857293.18
2018-19,Region of Queens,Regional Municipality,17060058.00,15383734.00,1676324.00,17,34,50,1539285.00,137039.00,11,2183759.91
2018-19,Antigonish,Rural Municipality,11446894.00,9954887.00,1492007.00,18,33,50,880957.00,611050.00,11,1512730.27
2018-19,Wolfville,Town,9185949.00,7701589.00,1484360.00,19,32,50,1617396.00,-133036.00,11,1645764.73
2018-19,West Hants,Rural Municipality,12975666.00,11550273.00,1425393.00,20,31,50,2606917.00,-1181524.00,7,1426775.43
2018-19,Annapolis,Rural Municipality,14877833.00,13511856.00,1365977.00,21,30,50,1373102.00,-7125.00,10,1651513.20
2018-19,Kentville,Town,11980149.00,10717904.00,1262245.00,22,29,50,961259.00,300986.00,11,1432950.82
2018-19,Port Hawkesbury,Town,7088440.00,6090823.00,997617.00,23,28,50,1054824.00,-57207.00,11,1122229.09
2018-19,Windsor,Town,7036932.00,6118075.00,918857.00,24,27,50,1258284.00,-339427.00,7,1173034.71
2018-19,Richmond,Rural Municipality,9642732.00,8729537.00,913195.00,25,26,50,1000140.00,-86945.00,11,796076.73
2018-19,Shelburne,Rural Municipality,5634198.00,4763519.00,870679.00,26,25,50,466454.00,404225.00,11,534062.09
2018-19,Berwick,Town,4722056.00,3967488.00,754568.00,27,24,50,733789.00,20779.00,11,506043.91
2018-19,Mahone Bay,Town,2655223.00,1992162.00,663061.00,28,23,50,624315.00,38746.00,10,531705.90
2018-19,Stellarton,Town,6934385.00,6289453.00,644932.00,29,22,50,774015.00,-129083.00,11,657259.55
2018-19,Lunenburg,Town,5779890.00,5138460.00,641430.00,30,21,50,661187.00,-19757.00,11,938186.64
2018-19,Digby,Rural Municipality,7060527.00,6439428.00,621099.00,31,20,50,622162.00,-1063.00,11,686157.55
2018-19,Barrington,Rural Municipality,6348683.00,5752199.00,596484.00,32,19,50,259589.00,336895.00,11,495126.36
2018-19,Clare,Rural Municipality,6842470.00,6255221.00,587249.00,33,18,50,820809.00,-233560.00,11,625905.82
2018-19,Pictou,Town,5193685.00,4614990.00,578695.00,34,17,50,708126.00,-129431.00,11,728850.91
2018-19,Stewiacke,Town,2176355.00,1631203.00,545152.00,35,16,50,675571.00,-130419.00,11,461085.82
2018-19,Victoria,Rural Municipality,9423676.00,8948169.00,475507.00,36,15,50,670067.00,-194560.00,11,693702.36
2018-19,Inverness,Rural Municipality,11939051.00,11517769.00,421282.00,37,14,50,1149428.00,-728146.00,11,771788.00
2018-19,Digby,Town,4306689.00,3890408.00,416281.00,38,13,50,612131.00,-195850.00,11,353559.00
2018-19,Argyle,Rural Municipality,5933941.00,5569227.00,364714.00,39,12,50,377324.00,-12610.00,11,405755.64
2018-19,Westville,Town,4093904.00,3739146.00,354758.00,40,11,50,45139.00,309619.00,11,401276.27
2018-19,Oxford,Town,2296874.00,2000789.00,296085.00,41,10,50,137396.00,158689.00,11,308403.64
2018-19,Mulgrave,Town,1919426.00,1676905.00,242521.00,42,9,50,458044.00,-215523.00,11,212548.64
2018-19,Annapolis Royal,Town,1855820.00,1629617.00,226203.00,43,8,50,111008.00,115195.00,11,236345.36
2018-19,Middleton,Town,3346976.00,3185148.00,161828.00,44,7,50,364560.00,-202732.00,11,410094.18
2018-19,Trenton,Town,3603053.00,3498807.00,104246.00,45,6,50,280283.00,-176037.00,11,389872.09
2018-19,Clark's Harbour,Town,1097720.00,1021076.00,76644.00,46,5,50,143499.00,-66855.00,11,164798.27
2018-19,Shelburne,Town,3462196.00,3418751.00,43445.00,47,4,50,106776.00,-63331.00,11,285320.82
2018-19,Lockeport,Town,1192260.00,1167993.00,24267.00,48,3,50,88542.00,-64275.00,11,99294.27
2018-19,St. Mary's,Rural Municipality,2393353.00,2370229.00,23124.00,49,2,50,-19539.00,42663.00,11,52473.64
2018-19,Antigonish,Town,6920656.00,6962280.00,-41624.00,50,1,50,171079.00,-212703.00,11,907816.55
2017-18,HRM,Regional Municipality,761388000.00,658469000.00,102919000.00,1,50,50,109188000.00,-6269000.00,11,109318362.18
2017-18,CBRM,Regional Municipality,123092271.00,112204221.00,10888050.00,2,49,50,10979652.00,-91602.00,11,11093602.91
2017-18,Colchester,Rural Municipality,32008076.00,26276160.00,5731916.00,3,48,50,6034905.00,-302989.00,11,6800685.64
2017-18,Chester,Rural Municipality,16630926.00,11743307.00,4887619.00,4,47,50,5633392.00,-745773.00,11,4852153.00
2017-18,Guysborough,Rural Municipality,15617199.00,11234834.00,4382365.00,5,46,50,3425042.00,957323.00,11,3132924.09
2017-18,Kings,Rural Municipality,32697600.00,28672000.00,4025600.00,6,45,50,3567200.00,458400.00,11,4042118.91
2017-18,Lunenburg,Rural Municipality,18767085.00,15117928.00,3649157.00,7,44,50,4333449.00,-684292.00,11,3721159.00
2017-18,East Hants,Rural Municipality,24374857.00,21156620.00,3218237.00,8,43,50,2998500.00,219737.00,11,3645911.45
2017-18,Truro,Town,24505298.00,21760374.00,2744924.00,9,42,50,2815015.00,-70091.00,11,3407846.73
2017-18,Pictou,Rural Municipality,15303660.00,12624298.00,2679362.00,10,41,50,1074540.00,1604822.00,11,1377444.82
2017-18,West Hants,Rural Municipality,13057874.00,10450957.00,2606917.00,11,40,50,1428281.00,1178636.00,7,1426775.43
2017-18,Bridgewater,Town,17043904.00,14497815.00,2546089.00,12,39,50,2847596.00,-301507.00,11,3400597.09
2017-18,Amherst,Town,15109571.00,12740183.00,2369388.00,13,38,50,2501285.00,-131897.00,11,2144410.55
2017-18,New Glasgow,Town,17678670.00,15770389.00,1908281.00,14,37,50,1395887.00,512394.00,11,1908272.09
2017-18,Yarmouth,Rural Municipality,9539368.00,7666004.00,1873364.00,15,36,50,2214366.00,-341002.00,11,1984770.09
2017-18,Wolfville,Town,9038194.00,7420798.00,1617396.00,16,35,50,1447933.00,169463.00,11,1645764.73
2017-18,Region of Queens,Regional Municipality,16593375.00,15054090.00,1539285.00,17,34,50,2049413.00,-510128.00,11,2183759.91
2017-18,Annapolis,Rural Municipality,14044503.00,12671401.00,1373102.00,18,33,50,1161947.00,211155.00,10,1651513.20
2017-18,Windsor,Town,6966865.00,5708581.00,1258284.00,19,32,50,1333756.00,-75472.00,7,1173034.71
2017-18,Inverness,Rural Municipality,11715656.00,10566228.00,1149428.00,20,31,50,659767.00,489661.00,11,771788.00
2017-18,Port Hawkesbury,Town,7025183.00,5970359.00,1054824.00,21,30,50,1108665.00,-53841.00,11,1122229.09
2017-18,Richmond,Rural Municipality,9610795.00,8610655.00,1000140.00,22,29,50,-110495.00,1110635.00,11,796076.73
2017-18,Cumberland,Rural Municipality,21839277.00,20868133.00,971144.00,23,28,50,1068230.00,-97086.00,11,2165833.18
2017-18,Kentville,Town,11773678.00,10812419.00,961259.00,24,27,50,1487089.00,-525830.00,11,1432950.82
2017-18,Antigonish,Rural Municipality,10905030.00,10024073.00,880957.00,25,26,50,1543843.00,-662886.00,11,1512730.27
2017-18,Clare,Rural Municipality,6653503.00,5832694.00,820809.00,26,25,50,542737.00,278072.00,11,625905.82
2017-18,Stellarton,Town,7019528.00,6245513.00,774015.00,27,24,50,476810.00,297205.00,11,657259.55
2017-18,Berwick,Town,4411120.00,3677331.00,733789.00,28,23,50,499310.00,234479.00,11,506043.91
2017-18,Pictou,Town,5172149.00,4464023.00,708126.00,29,22,50,689311.00,18815.00,11,728850.91
2017-18,Stewiacke,Town,2265211.00,1589640.00,675571.00,30,21,50,435540.00,240031.00,11,461085.82
2017-18,Victoria,Rural Municipality,9449182.00,8779115.00,670067.00,31,20,50,825749.00,-155682.00,11,693702.36
2017-18,Lunenburg,Town,5473946.00,4812759.00,661187.00,32,19,50,635285.00,25902.00,11,938186.64
2017-18,Yarmouth,Town,15746209.00,15109512.00,636697.00,33,18,50,1791794.00,-1155097.00,11,1857293.18
2017-18,Mahone Bay,Town,2335323.00,1711008.00,624315.00,34,17,50,367524.00,256791.00,10,531705.90
2017-18,Digby,Rural Municipality,6860725.00,6238563.00,622162.00,35,16,50,430075.00,192087.00,11,686157.55
2017-18,Digby,Town,4137861.00,3525730.00,612131.00,36,15,50,424340.00,187791.00,11,353559.00
2017-18,Shelburne,Rural Municipality,5445325.00,4978871.00,466454.00,37,14,50,949692.00,-483238.00,11,534062.09
2017-18,Mulgrave,Town,2033426.00,1575382.00,458044.00,38,13,50,232603.00,225441.00,11,212548.64
2017-18,Argyle,Rural Municipality,5819647.00,5442323.00,377324.00,39,12,50,482061.00,-104737.00,11,405755.64
2017-18,Middleton,Town,3397553.00,3032993.00,364560.00,40,11,50,456151.00,-91591.00,11,410094.18
2017-18,Trenton,Town,3665759.00,3385476.00,280283.00,41,10,50,227606.00,52677.00,11,389872.09
2017-18,Barrington,Rural Municipality,6368284.00,6108695.00,259589.00,42,9,50,485381.00,-225792.00,11,495126.36
2017-18,Antigonish,Town,6692817.00,6521738.00,171079.00,43,8,50,202243.00,-31164.00,11,907816.55
2017-18,Clark's Harbour,Town,1132474.00,988975.00,143499.00,44,7,50,159078.00,-15579.00,11,164798.27
2017-18,Oxford,Town,2132591.00,1995195.00,137396.00,45,6,50,161895.00,-24499.00,11,308403.64
2017-18,Annapolis Royal,Town,1747482.00,1636474.00,111008.00,46,5,50,201495.00,-90487.00,11,236345.36
2017-18,Shelburne,Town,3526508.00,3419732.00,106776.00,47,4,50,168728.00,-61952.00,11,285320.82
2017-18,Lockeport,Town,1132352.00,1043810.00,88542.00,48,3,50,106566.00,-18024.00,11,99294.27
2017-18,Westville,Town,4137359.00,4092220.00,45139.00,49,2,50,458734.00,-413595.00,11,401276.27
2017-18,St. Mary's,Rural Municipality,2308992.00,2328531.00,-19539.00,50,1,50,29906.00,-49445.00,11,52473.64
2016-17,HRM,Regional Municipality,741299000.00,632111000.00,109188000.00,1,50,50,102308645.00,6879355.00,11,109318362.18
2016-17,CBRM,Regional Municipality,120384478.00,109404826.00,10979652.00,2,49,50,10965480.00,14172.00,11,11093602.91
2016-17,Colchester,Rural Municipality,32236638.00,26201733.00,6034905.00,3,48,50,4881810.00,1153095.00,11,6800685.64
2016-17,Chester,Rural Municipality,16531745.00,10898353.00,5633392.00,4,47,50,4306521.00,1326871.00,11,4852153.00
2016-17,Lunenburg,Rural Municipality,19363351.00,15029902.00,4333449.00,5,46,50,3135359.00,1198090.00,11,3721159.00
2016-17,Kings,Rural Municipality,31946800.00,28379600.00,3567200.00,6,45,50,4551700.00,-984500.00,11,4042118.91
2016-17,Guysborough,Rural Municipality,15745970.00,12320928.00,3425042.00,7,44,50,4504741.00,-1079699.00,11,3132924.09
2016-17,East Hants,Rural Municipality,23839429.00,20840929.00,2998500.00,8,43,50,3315979.00,-317479.00,11,3645911.45
2016-17,Bridgewater,Town,17029242.00,14181646.00,2847596.00,9,42,50,2029539.00,818057.00,11,3400597.09
2016-17,Truro,Town,24017384.00,21202369.00,2815015.00,10,41,50,2299879.00,515136.00,11,3407846.73
2016-17,Amherst,Town,15144709.00,12643424.00,2501285.00,11,40,50,2205732.00,295553.00,11,2144410.55
2016-17,Yarmouth,Rural Municipality,9501788.00,7287422.00,2214366.00,12,39,50,1125347.00,1089019.00,11,1984770.09
2016-17,Region of Queens,Regional Municipality,16245901.00,14196488.00,2049413.00,13,38,50,1949299.00,100114.00,11,2183759.91
2016-17,Yarmouth,Town,15323541.00,13531747.00,1791794.00,14,37,50,1996480.00,-204686.00,11,1857293.18
2016-17,Antigonish,Rural Municipality,10512982.00,8969139.00,1543843.00,15,36,50,1443740.00,100103.00,11,1512730.27
2016-17,Kentville,Town,11617633.00,10130544.00,1487089.00,16,35,50,1585378.00,-98289.00,11,1432950.82
2016-17,Wolfville,Town,8656995.00,7209062.00,1447933.00,17,34,50,1680722.00,-232789.00,11,1645764.73
2016-17,West Hants,Rural Municipality,11902982.00,10474701.00,1428281.00,18,33,50,999620.00,428661.00,7,1426775.43
2016-17,New Glasgow,Town,17346655.00,15950768.00,1395887.00,19,32,50,1406790.00,-10903.00,11,1908272.09
2016-17,Windsor,Town,6990193.00,5656437.00,1333756.00,20,31,50,1543692.00,-209936.00,7,1173034.71
2016-17,Annapolis,Rural Municipality,13710178.00,12548231.00,1161947.00,21,30,50,862111.00,299836.00,10,1651513.20
2016-17,Port Hawkesbury,Town,7440282.00,6331617.00,1108665.00,22,29,50,1022189.00,86476.00,11,1122229.09
2016-17,Pictou,Rural Municipality,15290959.00,14216419.00,1074540.00,23,28,50,1798526.00,-723986.00,11,1377444.82
2016-17,Cumberland,Rural Municipality,20090021.00,19021791.00,1068230.00,24,27,50,204026.00,864204.00,11,2165833.18
2016-17,Shelburne,Rural Municipality,5602033.00,4652341.00,949692.00,25,26,50,95393.00,854299.00,11,534062.09
2016-17,Victoria,Rural Municipality,9127388.00,8301639.00,825749.00,26,25,50,402895.00,422854.00,11,693702.36
2016-17,Pictou,Town,5166112.00,4476801.00,689311.00,27,24,50,514191.00,175120.00,11,728850.91
2016-17,Inverness,Rural Municipality,10908515.00,10248748.00,659767.00,28,23,50,890200.00,-230433.00,11,771788.00
2016-17,Lunenburg,Town,5368437.00,4733152.00,635285.00,29,22,50,793090.00,-157805.00,11,938186.64
2016-17,Clare,Rural Municipality,6573567.00,6030830.00,542737.00,30,21,50,451471.00,91266.00,11,625905.82
2016-17,Berwick,Town,3930872.00,3431562.00,499310.00,31,20,50,387791.00,111519.00,11,506043.91
2016-17,Barrington,Rural Municipality,6520975.00,6035594.00,485381.00,32,19,50,539349.00,-53968.00,11,495126.36
2016-17,Argyle,Rural Municipality,5677644.00,5195583.00,482061.00,33,18,50,291831.00,190230.00,11,405755.64
2016-17,Stellarton,Town,6915298.00,6438488.00,476810.00,34,17,50,838073.00,-361263.00,11,657259.55
2016-17,Westville,Town,4107319.00,3648585.00,458734.00,35,16,50,506511.00,-47777.00,11,401276.27
2016-17,Middleton,Town,3319705.00,2863554.00,456151.00,36,15,50,374631.00,81520.00,11,410094.18
2016-17,Stewiacke,Town,1971600.00,1536060.00,435540.00,37,14,50,430642.00,4898.00,11,461085.82
2016-17,Digby,Rural Municipality,6495713.00,6065638.00,430075.00,38,13,50,395554.00,34521.00,11,686157.55
2016-17,Digby,Town,4076073.00,3651733.00,424340.00,39,12,50,237842.00,186498.00,11,353559.00
2016-17,Mahone Bay,Town,2085122.00,1717598.00,367524.00,40,11,50,325349.00,42175.00,10,531705.90
2016-17,Mulgrave,Town,1870364.00,1637761.00,232603.00,41,10,50,150101.00,82502.00,11,212548.64
2016-17,Trenton,Town,3722912.00,3495306.00,227606.00,42,9,50,286491.00,-58885.00,11,389872.09
2016-17,Antigonish,Town,6459340.00,6257097.00,202243.00,43,8,50,-276736.00,478979.00,11,907816.55
2016-17,Annapolis Royal,Town,1636460.00,1434965.00,201495.00,44,7,50,97934.00,103561.00,11,236345.36
2016-17,Shelburne,Town,3135434.00,2966706.00,168728.00,45,6,50,280874.00,-112146.00,11,285320.82
2016-17,Oxford,Town,2121929.00,1960034.00,161895.00,46,5,50,206248.00,-44353.00,11,308403.64
2016-17,Clark's Harbour,Town,1151807.00,992729.00,159078.00,47,4,50,148399.00,10679.00,11,164798.27
2016-17,Lockeport,Town,1177104.00,1070538.00,106566.00,48,3,50,149476.00,-42910.00,11,99294.27
2016-17,St. Mary's,Rural Municipality,2493609.00,2463703.00,29906.00,49,2,50,-152652.00,182558.00,11,52473.64
2016-17,Richmond,Rural Municipality,8902873.00,9013368.00,-110495.00,50,1,50,647280.00,-757775.00,11,796076.73
2015-16,HRM,Regional Municipality,739007536.00,636698891.00,102308645.00,1,51,51,74854162.00,27454483.00,11,109318362.18
2015-16,CBRM,Regional Municipality,119982734.00,109017254.00,10965480.00,2,50,51,9176140.00,1789340.00,11,11093602.91
2015-16,Colchester,Rural Municipality,32006754.00,27124944.00,4881810.00,3,49,51,5702703.00,-820893.00,11,6800685.64
2015-16,Kings,Rural Municipality,32554300.00,28002600.00,4551700.00,4,48,51,3568724.00,982976.00,11,4042118.91
2015-16,Guysborough,Rural Municipality,15375999.00,10871258.00,4504741.00,5,47,51,2650710.00,1854031.00,11,3132924.09
2015-16,Chester,Rural Municipality,15561254.00,11254733.00,4306521.00,6,46,51,3390166.00,916355.00,11,4852153.00
2015-16,East Hants,Rural Municipality,22966152.00,19650173.00,3315979.00,7,45,51,3432608.00,-116629.00,11,3645911.45
2015-16,Lunenburg,Rural Municipality,19571931.00,16436572.00,3135359.00,8,44,51,2452364.00,682995.00,11,3721159.00
2015-16,Truro,Town,23208139.00,20908260.00,2299879.00,9,43,51,1469205.00,830674.00,11,3407846.73
2015-16,Amherst,Town,15144400.00,12938668.00,2205732.00,10,42,51,1919681.00,286051.00,11,2144410.55
2015-16,Bridgewater,Town,16550661.00,14521122.00,2029539.00,11,41,51,2187456.00,-157917.00,11,3400597.09
2015-16,Yarmouth,Town,15485890.00,13489410.00,1996480.00,12,40,51,1765404.00,231076.00,11,1857293.18
2015-16,Region of Queens,Regional Municipality,15967430.00,14018131.00,1949299.00,13,39,51,1871862.00,77437.00,11,2183759.91
2015-16,Pictou,Rural Municipality,14767487.00,12968961.00,1798526.00,14,38,51,496806.00,1301720.00,11,1377444.82
2015-16,Wolfville,Town,8698679.00,7017957.00,1680722.00,15,37,51,1169114.00,511608.00,11,1645764.73
2015-16,Kentville,Town,11620197.00,10034819.00,1585378.00,16,36,51,1217841.00,367537.00,11,1432950.82
2015-16,Windsor,Town,6876488.00,5332796.00,1543692.00,17,35,51,1245831.00,297861.00,7,1173034.71
2015-16,Antigonish,Rural Municipality,10327117.00,8883377.00,1443740.00,18,34,51,1207711.00,236029.00,11,1512730.27
2015-16,New Glasgow,Town,16861272.00,15454482.00,1406790.00,19,33,51,1363147.00,43643.00,11,1908272.09
2015-16,Yarmouth,Rural Municipality,8582577.00,7457230.00,1125347.00,20,32,51,770522.00,354825.00,11,1984770.09
2015-16,Port Hawkesbury,Town,7023622.00,6001433.00,1022189.00,21,31,51,885867.00,136322.00,11,1122229.09
2015-16,West Hants,Rural Municipality,11599872.00,10600252.00,999620.00,22,30,51,757609.00,242011.00,7,1426775.43
2015-16,Inverness,Rural Municipality,10517305.00,9627105.00,890200.00,23,29,51,3845100.00,-2954900.00,11,771788.00
2015-16,Annapolis,Rural Municipality,13211973.00,12349862.00,862111.00,24,28,51,376127.00,485984.00,10,1651513.20
2015-16,Stellarton,Town,7189667.00,6351594.00,838073.00,25,27,51,779916.00,58157.00,11,657259.55
2015-16,Lunenburg,Town,5338330.00,4545240.00,793090.00,26,26,51,584179.00,208911.00,11,938186.64
2015-16,Richmond,Rural Municipality,10311834.00,9664554.00,647280.00,27,25,51,621663.00,25617.00,11,796076.73
2015-16,Barrington,Rural Municipality,5979052.00,5439703.00,539349.00,28,24,51,486450.00,52899.00,11,495126.36
2015-16,Pictou,Town,5210170.00,4695979.00,514191.00,29,23,51,539681.00,-25490.00,11,728850.91
2015-16,Westville,Town,4330589.00,3824078.00,506511.00,30,22,51,352719.00,153792.00,11,401276.27
2015-16,Clare,Rural Municipality,6352888.00,5901417.00,451471.00,31,21,51,217829.00,233642.00,11,625905.82
2015-16,Stewiacke,Town,1956346.00,1525704.00,430642.00,32,20,51,444905.00,-14263.00,11,461085.82
2015-16,Victoria,Rural Municipality,8990978.00,8588083.00,402895.00,33,19,51,215140.00,187755.00,11,693702.36
2015-16,Digby,Rural Municipality,6362366.00,5966812.00,395554.00,34,18,51,400099.00,-4545.00,11,686157.55
2015-16,Berwick,Town,3610504.00,3222713.00,387791.00,35,17,51,289584.00,98207.00,11,506043.91
2015-16,Middleton,Town,3327377.00,2952746.00,374631.00,36,16,51,503363.00,-128732.00,11,410094.18
2015-16,Mahone Bay,Town,2005206.00,1679857.00,325349.00,37,15,51,463017.00,-137668.00,10,531705.90
2015-16,Argyle,Rural Municipality,5557410.00,5265579.00,291831.00,38,14,51,172972.00,118859.00,11,405755.64
2015-16,Trenton,Town,3634695.00,3348204.00,286491.00,39,13,51,207915.00,78576.00,11,389872.09
2015-16,Shelburne,Town,3068995.00,2788121.00,280874.00,40,12,51,169498.00,111376.00,11,285320.82
2015-16,Digby,Town,4008560.00,3770718.00,237842.00,41,11,51,244063.00,-6221.00,11,353559.00
2015-16,Oxford,Town,2151497.00,1945249.00,206248.00,42,10,51,120205.00,86043.00,11,308403.64
2015-16,Cumberland,Rural Municipality,19565090.00,19361064.00,204026.00,43,9,51,2031998.00,-1827972.00,11,2165833.18
2015-16,Mulgrave,Town,1947796.00,1797695.00,150101.00,44,8,51,101339.00,48762.00,11,212548.64
2015-16,Lockeport,Town,1190350.00,1040874.00,149476.00,45,7,51,31088.00,118388.00,11,99294.27
2015-16,Clark's Harbour,Town,1117992.00,969593.00,148399.00,46,6,51,88812.00,59587.00,11,164798.27
2015-16,Annapolis Royal,Town,1565206.00,1467272.00,97934.00,47,5,51,134419.00,-36485.00,11,236345.36
2015-16,Shelburne,Rural Municipality,4778068.00,4682675.00,95393.00,48,4,51,-88870.00,184263.00,11,534062.09
2015-16,Parrsboro,Town,1917286.00,1923968.00,-6682.00,49,3,51,-6392.00,-290.00,3,26276.67
2015-16,St. Mary's,Rural Municipality,2238044.00,2390696.00,-152652.00,50,2,51,499221.00,-651873.00,11,52473.64
2015-16,Antigonish,Town,6323982.00,6600718.00,-276736.00,51,1,51,687846.00,-964582.00,11,907816.55
2014-15,HRM,Regional Municipality,710535636.00,635681474.00,74854162.00,1,54,54,93201389.00,-18347227.00,11,109318362.18
2014-15,CBRM,Regional Municipality,118204653.00,109028513.00,9176140.00,2,53,54,8792727.00,383413.00,11,11093602.91
2014-15,Colchester,Rural Municipality,31077665.00,25374962.00,5702703.00,3,52,54,9809300.00,-4106597.00,11,6800685.64
2014-15,Inverness,Rural Municipality,31770700.00,27925600.00,3845100.00,4,51,54,744581.00,3100519.00,11,771788.00
2014-15,Kings,Rural Municipality,19347566.00,15778842.00,3568724.00,5,50,54,2855700.00,713024.00,11,4042118.91
2014-15,East Hants,Rural Municipality,12601557.00,9168949.00,3432608.00,6,49,54,2987815.00,444793.00,11,3645911.45
2014-15,Chester,Rural Municipality,14434962.00,11044796.00,3390166.00,7,48,54,2582543.00,807623.00,11,4852153.00
2014-15,Guysborough,Rural Municipality,22364330.00,19713620.00,2650710.00,8,47,54,5314056.00,-2663346.00,11,3132924.09
2014-15,Lunenburg,Rural Municipality,14615449.00,12163085.00,2452364.00,9,46,54,3725747.00,-1273383.00,11,3721159.00
2014-15,Bridgewater,Town,16216780.00,14029324.00,2187456.00,10,45,54,2366914.00,-179458.00,11,3400597.09
2014-15,Cumberland,Rural Municipality,13591915.00,11559917.00,2031998.00,11,44,54,2111007.00,-79009.00,11,2165833.18
2014-15,Amherst,Town,14900576.00,12980895.00,1919681.00,12,43,54,1439118.00,480563.00,11,2144410.55
2014-15,Region of Queens,Regional Municipality,15494682.00,13622820.00,1871862.00,13,42,54,1800434.00,71428.00,11,2183759.91
2014-15,Yarmouth,Town,15496199.00,13730795.00,1765404.00,14,41,54,2718590.00,-953186.00,11,1857293.18
2014-15,Truro,Town,22533561.00,21064356.00,1469205.00,15,40,54,2164126.00,-694921.00,11,3407846.73
2014-15,New Glasgow,Town,16607856.00,15244709.00,1363147.00,16,39,54,1417248.00,-54101.00,11,1908272.09
2014-15,Windsor,Town,6684293.00,5438462.00,1245831.00,17,38,54,1271608.00,-25777.00,7,1173034.71
2014-15,Kentville,Town,11287448.00,10069607.00,1217841.00,18,37,54,1014979.00,202862.00,11,1432950.82
2014-15,Antigonish,Rural Municipality,9791683.00,8583972.00,1207711.00,19,36,54,939487.00,268224.00,11,1512730.27
2014-15,Wolfville,Town,8190658.00,7021544.00,1169114.00,20,35,54,1721744.00,-552630.00,11,1645764.73
2014-15,Port Hawkesbury,Town,6993979.00,6108112.00,885867.00,21,34,54,1153161.00,-267294.00,11,1122229.09
2014-15,Stellarton,Town,6808244.00,6028328.00,779916.00,22,33,54,997083.00,-217167.00,11,657259.55
2014-15,Yarmouth,Rural Municipality,8436367.00,7665845.00,770522.00,23,32,54,1138582.00,-368060.00,11,1984770.09
2014-15,West Hants,Rural Municipality,10046636.00,9289027.00,757609.00,24,31,54,30884.00,726725.00,7,1426775.43
2014-15,Antigonish,Town,6122671.00,5434825.00,687846.00,25,30,54,337389.00,350457.00,11,907816.55
2014-15,Richmond,Rural Municipality,4455895.00,3834232.00,621663.00,26,29,54,-170959.00,792622.00,11,796076.73
2014-15,Lunenburg,Town,5061983.00,4477804.00,584179.00,27,28,54,277968.00,306211.00,11,938186.64
2014-15,Pictou,Town,5071188.00,4531507.00,539681.00,28,27,54,363552.00,176129.00,11,728850.91
2014-15,Middleton,Town,3256601.00,2753238.00,503363.00,29,26,54,468418.00,34945.00,11,410094.18
2014-15,St. Mary's,Rural Municipality,8721327.00,8222106.00,499221.00,30,25,54,-105990.00,605211.00,11,52473.64
2014-15,Pictou,Rural Municipality,9968888.00,9472082.00,496806.00,31,24,54,1362554.00,-865748.00,11,1377444.82
2014-15,Barrington,Rural Municipality,5792269.00,5305819.00,486450.00,32,23,54,431236.00,55214.00,11,495126.36
2014-15,Mahone Bay,Town,2047700.00,1584683.00,463017.00,33,22,54,488090.00,-25073.00,10,531705.90
2014-15,Stewiacke,Town,1929529.00,1484624.00,444905.00,34,21,54,293878.00,151027.00,11,461085.82
2014-15,Digby,Rural Municipality,6282767.00,5882668.00,400099.00,35,20,54,766855.00,-366756.00,11,686157.55
2014-15,Annapolis,Rural Municipality,11510069.00,11133942.00,376127.00,36,19,54,1478499.00,-1102372.00,10,1651513.20
2014-15,Westville,Town,4156457.00,3803738.00,352719.00,37,18,54,438017.00,-85298.00,11,401276.27
2014-15,Bridgetown,Town,1552240.00,1235172.00,317068.00,38,17,54,263261.00,53807.00,2,290164.50
2014-15,Hantsport,Town,1880416.00,1578691.00,301725.00,39,16,54,234853.00,66872.00,2,268289.00
2014-15,Berwick,Town,3528787.00,3239203.00,289584.00,40,15,54,110034.00,179550.00,11,506043.91
2014-15,Digby,Town,4068367.00,3824304.00,244063.00,41,14,54,217518.00,26545.00,11,353559.00
2014-15,Clare,Rural Municipality,6264486.00,6046657.00,217829.00,42,13,54,132310.00,85519.00,11,625905.82
2014-15,Victoria,Rural Municipality,8758390.00,8543250.00,215140.00,43,12,54,651839.00,-436699.00,11,693702.36
2014-15,Trenton,Town,3598080.00,3390165.00,207915.00,44,11,54,281849.00,-73934.00,11,389872.09
2014-15,Argyle,Rural Municipality,5448163.00,5275191.00,172972.00,45,10,54,313694.00,-140722.00,11,405755.64
2014-15,Shelburne,Town,2845405.00,2675907.00,169498.00,46,9,54,197407.00,-27909.00,11,285320.82
2014-15,Springhill,Town,6647137.00,6494767.00,152370.00,47,8,54,-440199.00,592569.00,2,-143914.50
2014-15,Annapolis Royal,Town,1571278.00,1436859.00,134419.00,48,7,54,239400.00,-104981.00,11,236345.36
2014-15,Oxford,Town,2037427.00,1917222.00,120205.00,49,6,54,256547.00,-136342.00,11,308403.64
2014-15,Mulgrave,Town,1727875.00,1626536.00,101339.00,50,5,54,177608.00,-76269.00,11,212548.64
2014-15,Clark's Harbour,Town,1076182.00,987370.00,88812.00,51,4,54,106650.00,-17838.00,11,164798.27
2014-15,Lockeport,Town,1150748.00,1119660.00,31088.00,52,3,54,106194.00,-75106.00,11,99294.27
2014-15,Parrsboro,Town,2058282.00,2064674.00,-6392.00,53,2,54,91904.00,-98296.00,3,26276.67
2014-15,Shelburne,Rural Municipality,2222974.00,2311844.00,-88870.00,54,1,54,771356.00,-860226.00,11,534062.09
2013-14,HRM,Regional Municipality,698070660.00,604869271.00,93201389.00,1,54,54,,,11,109318362.18
2013-14,Colchester,Rural Municipality,35793690.00,25984390.00,9809300.00,2,53,54,,,11,6800685.64
2013-14,CBRM,Regional Municipality,124133127.00,115340400.00,8792727.00,3,52,54,,,11,11093602.91
2013-14,Guysborough,Rural Municipality,15267965.00,9953909.00,5314056.00,4,51,54,,,11,3132924.09
2013-14,Lunenburg,Rural Municipality,19581348.00,15855601.00,3725747.00,5,50,54,,,11,3721159.00
2013-14,East Hants,Rural Municipality,21590848.00,18603033.00,2987815.00,6,49,54,,,11,3645911.45
2013-14,Kings,Rural Municipality,31849200.00,28993500.00,2855700.00,7,48,54,,,11,4042118.91
2013-14,Yarmouth,Town,15473793.00,12755203.00,2718590.00,8,47,54,,,11,1857293.18
2013-14,Chester,Rural Municipality,13354852.00,10772309.00,2582543.00,9,46,54,,,11,4852153.00
2013-14,Bridgewater,Town,16303563.00,13936649.00,2366914.00,10,45,54,,,11,3400597.09
2013-14,Truro,Town,22400161.00,20236035.00,2164126.00,11,44,54,,,11,3407846.73
2013-14,Cumberland,Rural Municipality,13698547.00,11587540.00,2111007.00,12,43,54,,,11,2165833.18
2013-14,Region of Queens,Regional Municipality,15517688.00,13717254.00,1800434.00,13,42,54,,,11,2183759.91
2013-14,Wolfville,Town,8212743.00,6490999.00,1721744.00,14,41,54,,,11,1645764.73
2013-14,Annapolis,Rural Municipality,11661636.00,10183137.00,1478499.00,15,40,54,,,10,1651513.20
2013-14,Amherst,Town,15033002.00,13593884.00,1439118.00,16,39,54,,,11,2144410.55
2013-14,New Glasgow,Town,15986500.00,14569252.00,1417248.00,17,38,54,,,11,1908272.09
2013-14,Pictou,Rural Municipality,13817948.00,12455394.00,1362554.00,18,37,54,,,11,1377444.82
2013-14,Windsor,Town,6771712.00,5500104.00,1271608.00,19,36,54,,,7,1173034.71
2013-14,Port Hawkesbury,Town,7522438.00,6369277.00,1153161.00,20,35,54,,,11,1122229.09
2013-14,Yarmouth,Rural Municipality,8576888.00,7438306.00,1138582.00,21,34,54,,,11,1984770.09
2013-14,Kentville,Town,11131584.00,10116605.00,1014979.00,22,33,54,,,11,1432950.82
2013-14,Stellarton,Town,6801378.00,5804295.00,997083.00,23,32,54,,,11,657259.55
2013-14,Antigonish,Rural Municipality,10002734.00,9063247.00,939487.00,24,31,54,,,11,1512730.27
2013-14,Shelburne,Rural Municipality,4458994.00,3687638.00,771356.00,25,30,54,,,11,534062.09
2013-14,Digby,Rural Municipality,6430725.00,5663870.00,766855.00,26,29,54,,,11,686157.55
2013-14,Inverness,Rural Municipality,10099804.00,9355223.00,744581.00,27,28,54,,,11,771788.00
2013-14,Victoria,Rural Municipality,9183100.00,8531261.00,651839.00,28,27,54,,,11,693702.36
2013-14,Mahone Bay,Town,2037441.00,1549351.00,488090.00,29,26,54,,,10,531705.90
2013-14,Middleton,Town,3376210.00,2907792.00,468418.00,30,25,54,,,11,410094.18
2013-14,Westville,Town,4262278.00,3824261.00,438017.00,31,24,54,,,11,401276.27
2013-14,Barrington,Rural Municipality,5515366.00,5084130.00,431236.00,32,23,54,,,11,495126.36
2013-14,Pictou,Town,5119981.00,4756429.00,363552.00,33,22,54,,,11,728850.91
2013-14,Antigonish,Town,5929984.00,5592595.00,337389.00,34,21,54,,,11,907816.55
2013-14,Argyle,Rural Municipality,5419610.00,5105916.00,313694.00,35,20,54,,,11,405755.64
2013-14,Stewiacke,Town,1909315.00,1615437.00,293878.00,36,19,54,,,11,461085.82
2013-14,Trenton,Town,3638790.00,3356941.00,281849.00,37,18,54,,,11,389872.09
2013-14,Lunenburg,Town,4981671.00,4703703.00,277968.00,38,17,54,,,11,938186.64
2013-14,Bridgetown,Town,1539576.00,1276315.00,263261.00,39,16,54,,,2,290164.50
2013-14,Oxford,Town,2276230.00,2019683.00,256547.00,40,15,54,,,11,308403.64
2013-14,Annapolis Royal,Town,1548089.00,1308689.00,239400.00,41,14,54,,,11,236345.36
2013-14,Hantsport,Town,1971687.00,1736834.00,234853.00,42,13,54,,,2,268289.00
2013-14,Digby,Town,4031495.00,3813977.00,217518.00,43,12,54,,,11,353559.00
2013-14,Shelburne,Town,2781399.00,2583992.00,197407.00,44,11,54,,,11,285320.82
2013-14,Mulgrave,Town,1708264.00,1530656.00,177608.00,45,10,54,,,11,212548.64
2013-14,Clare,Rural Municipality,6279590.00,6147280.00,132310.00,46,9,54,,,11,625905.82
2013-14,Berwick,Town,3598147.00,3488113.00,110034.00,47,8,54,,,11,506043.91
2013-14,Clark's Harbour,Town,1095905.00,989255.00,106650.00,48,7,54,,,11,164798.27
2013-14,Lockeport,Town,1177294.00,1071100.00,106194.00,49,6,54,,,11,99294.27
2013-14,Parrsboro,Town,2092905.00,2001001.00,91904.00,50,5,54,,,3,26276.67
2013-14,West Hants,Rural Municipality,8371750.00,8340866.00,30884.00,51,4,54,,,7,1426775.43
2013-14,St. Mary's,Rural Municipality,2390877.00,2496867.00,-105990.00,52,3,54,,,11,52473.64
2013-14,Richmond,Rural Municipality,9710715.00,9881674.00,-170959.00,53,2,54,,,11,796076.73
2013-14,Springhill,Town,6463738.00,6903937.00,-440199.00,54,1,54,,,2,-143914.50
