"registry_id","co_op_name","incorporation_year","address","town","province_state","postal_code","non_profit_n_for_profit_p","type"
"1349506","BAXTER'S HARBOUR CO-OPERATIVE LIMITED","1976-01-12","208 WENEGA ROAD","CANNING","NS","B0P 1H0","N","WORKER LABOUR"
"1350664","HUNTINGTON POINT WATER CO-OPERATIVE ASSOCIATION LIMITED","1975-06-20","PO BOX 295","CANNING","NS","B0P 1H0","N","SERVICES"
"1350860","CENTRAL SPRYFIELD HOUSING CO-OPERATIVE LIMITED","1978-03-06","108 Hallmark Avenue","Lower Sackville","NS","B4C 3R7","N","HOUSING"
"1350886","CHEGOGGIN DYKE CO-OPERATIVE LIMITED","1973-11-28","1002 Pembroke Road","Pembroke","NS","B5A 5G9","P","FISH PRODUCTS"
"1350939","ATHOL FORESTRY COOPERATIVE LIMITED","1977-07-26","21397 HIGHWAY #2","FORT LAWRENCE","NS","B4H 3Y5","P","FOREST PRODUCTS"
"1350942","ATLANTIC FILMMAKERS CO-OPERATIVE LIMITED","1974-06-05","1800 ARGYLE STREET, SUITE 303","HALIFAX","NS","B3J 3N8","N","SERVICES"
"1351007","BADDECK VALLEY WOOD PRODUCERS CO-OPERATIVE LTD.","1973-12-20","247 OLD MARGAREE ROAD","BADDECK","NS","B0E 1B0","P","FOREST PRODUCTS"
"1351078","KENT CO-OPERATIVE LIMITED","1970-02-10","9319 COMMERCIAL STREET","NEW MINAS","NS","B4N 3G2","P","RETAIL CONSUMER PRODUCTS"
"1351216","THE BLACK DUCK ARTS CO-OPERATIVE LIMITED","1973-06-27","Box 1454","Lunenburg","NS","B0J 2C0","P","CRAFT PRODUCTS"
"1351232","LA CO-OPERATIVE DE CHETICAMP LIMITEE","1937-03-04","PO BOX 40","CHETICAMP","NS","B0E 1H0","P","RETAIL CONSUMER PRODUCTS"
"1351438","LITTLE HARBOUR PASTURE CO-OPERATIVE LIMITED","1977-08-10","11 SALMON RIVER ROAD","BARRA HEAD","NS","B0E 3B0","P","SERVICES"
"1351454","LITTLE POND CO-OPERATIVE LIMITED","1979-09-13","111 Little Pond Lane","Lawrencetown","NS","B2Z 0A4","P","HOUSING"
"1351470","BRIDGEWATER FARMERS COOPERATIVE SOCIETY LIMITED","1946-03-02","123 ELM ST.","BRIDGEWATER","NS","B4V 2V5","P","RETAIL CONSUMER PRODUCTS"
"1351565","CROSS ROADS BLUEBERRY CO-OPERATIVE LIMITED","1955-07-07","P.O. BOX 645, 4255 HIGHWAY 2","PARRSBORO","NS","B0M 1S0","P","AGRICULTURE"
"1351581","CROSS ROADS CO-OPERATIVE LIMITED","1945-09-13","P.O. BOX 340","PARRSBORO","NS","B0M 1S0","P","RETAIL CONSUMER PRODUCTS"
"1351618","DE LA TOUR CO-OPERATIVE SOCIETY LIMITED","1944-06-07","P.O. Box 130","Lower West Pubnico","NS","B0W 2C0","P","RETAIL CONSUMER PRODUCTS"
"1351634","DEAN PRODUCE CO-OPERATIVE LIMITED","1967-08-14","930 Dean Back Road","Upper Musquodoboit","NS","B0N 2M0","P","AGRICULTURE"
"1351663","DIGBY CO-OPERATIVE PASTURE LIMITED","1965-03-26","3087 RIDGE ROAD","DIGBY","NS","B0V 1A0","P","SERVICES"
"1351856","HALL'S HARBOUR WATER CO-OPERATIVE LIMITED","1972-03-23","3586 Highway #359","RR#3 Centreville","NS","B0P 1J0","N","SERVICES"
"1351872","HIGH HOPES HOUSING CO-OPERATIVE LIMITED","1980-10-07","PO BOX 31007 RPO GLADSTONE","HALIFAX","NS","B3K 5T9","N","HOUSING"
"1351912","BRIERLY HOUSING CO-OPERATIVE LIMITED","1979-11-07","11 COURT STREET","ANTIGONISH","NS","B2G 1Z7","N","HOUSING"
"1351983","THE LOUISDALE COOPERATIVE SOCIETY LIMITED","1937-02-01","P.O.BOX 574","LOUISDALE","NS","B0E 1V0","P","RETAIL CONSUMER PRODUCTS"
"1352019","MAPLE BROOK CO-OPERATIVE PASTURE LIMITED","1965-07-20","590 MACINTYRE MOUNTAIN ROAD","KINGSVILLE","NS","B0E 3L0","N","SERVICES"
"1352022","MARGAREE CO-OPERATIVE SOCIETY LIMITED","1937-01-27","Box 549","Margaree Forks","NS","B0E 2A0","P","RETAIL CONSUMER PRODUCTS"
"1352120","NEIL'S HARBOUR CO-OPERATIVE LIMITED","1965-10-29","PO BOX 47","NEIL'S HARBOUR","NS","B0C 1N0","P","RETAIL CONSUMER PRODUCTS"
"1352175","NORTH NOVA FOREST OWNERS CO-OPERATIVE LIMITED","1976-04-30","11986 HIGHWAY #4","WENTWORTH","NS","B0M 1Z0","P","FOREST PRODUCTS"
"1352215","NOVA SCOTIA ANIMAL BREEDER'S CO-OPERATIVE LTD.","1945-05-12","4060 HIGHWAY 236","LOWER TRURO","NS","B6L 1J9","P","RETAIL CONSUMER PRODUCTS"
"1352231","OVO CO-OPERATIVE LIMITED","1975-11-21","6155 Lawrence Street","Halifax","NS","B3L 1J7","N","HOUSING"
"1352257","MIRA PASTURE CO-OPERATIVE LIMITED","1977-03-03","835 MacKeigan Road","Big Ridge","NS","B1K 3Y8","P","SERVICES"
"1352260","PATURAGE CO-OPERATIF DE CHETICAMP LIMITE","1962-04-10","PO Box 104","Grand Etang","NS","B0E 1L0","P","SERVICES"
"1352300","POMQUET CO-OPERATIVE LIMITED","1936-03-04","RR #7","Pomquet","NS","B2G 2L4","P","RETAIL CONSUMER PRODUCTS"
"1352313","PORT HOOD COOPERATIVE LIMITED","1938-03-28","PO BOX 10","PORT HOOD","NS","B0E 2W0","P","RETAIL CONSUMER PRODUCTS"
"1352440","SCOTIAN GOLD CO-OPERATIVE LIMITED","1957-07-05","2900 LOVETT ROAD","COLDBROOK","NS","B4R 1A6","P","AGRICULTURE"
"1352453","SCOTSBURN CO-OPERATIVE SERVICES LIMITED","1946-01-07","PO Box 1068","Truro","NS","B2N 5B9","P","AGRICULTURE"
"1352479","SETTLEMENT WATER CO-OPERATIVE LIMITED","1970-04-06","27 COCHRANE ROAD","ENFIELD","NS","B2T 1G9","P","SERVICES"
"1352482","SHEAN CO-OPERATIVE LIMITED","1936-12-19","15856 CENTRAL AVE","INVERNESS","NS","B0E 1N0","P","RETAIL CONSUMER PRODUCTS"
"1352659","UNITED FARMERS CO-OPERATIVE LIMITED","1964-11-30","BOX 370","SYDNEY","NS","B1P 6H3","P","RETAIL CONSUMER PRODUCTS"
"1352675","VICTORIA FARMERS CO-OPERATIVE LIMITED","1936-07-22","BOX 69","BADDECK","NS","B0E 1B0","P","RETAIL CONSUMER PRODUCTS"
"1352744","WESTMOOR 57 CO-OPERATIVE LIMITED","1976-07-28","6895 COOK AVENUE","HALIFAX","NS","B3L 2J9","N","HOUSING"
"1352760","WHYCOCOMAGH COOPERATIVE LIMITED","1938-05-06","BOX 10","WHYCOCOMAGH","NS","B0E 3M0","P","RETAIL CONSUMER PRODUCTS"
"1352800","WOLFVILLE HABITAT COOPERATIVE LIMITED","1975-12-30","25 POST ROAD, APT 105","WOLFVILLE","NS","B4P 2M8","N","HOUSING"
"1354340","VICTORIA CO-OPERATIVE FISHERIES LIMITED","1956-01-06","PO BOX 38","NEILS HARBOUR","NS","B0C 1N0","P","FISH PRODUCTS"
"1354477","BLACK ROSE CO-OPERATIVE LIMITED","1977-09-15","2044 KLINE STREET","HALIFAX","NS","B3L 2X3","N","HOUSING"
"1354520","HALIFAX PENINSULA HOUSING CO-OPERATIVE LIMITED","1979-05-04","207-59 INGLIS PLACE","HALIFAX","NS","B2N 4B5","N","HOUSING"
"1354673","NORTH WEST ARM HOUSING CO-OPERATIVE LIMITED","1980-11-04","4 Dekker Street","Halifax","NS","B3R 1M4","N","HOUSING"
"1357778","UPPER STEWIACKE COOPERATIVE LIMITED","1946-02-28","5477 HIGHWAY  #289","Upper Stewiacke","NS","B0N 2P0","P","RETAIL CONSUMER PRODUCTS"
"1360598","LAMPLIGHT HOUSING CO-OPERATIVE LIMITED","1980-05-09","59 INGLIS PL, 207","TRURO","NS","B2N 4B5","N","HOUSING"
"1360612","PUGWASH CO-OPERATIVE LIMITED","1945-08-02","Po Box 399","Pugwash","NS","B0K 1L0","P","RETAIL CONSUMER PRODUCTS"
"1369639","CENTRAL COOPERATIVE SOCIETY LIMITED","1940-03-04","2964 BAY STLAWRENCE ROAD","BAY STLAWERENCE","NS","B0C1G0","P","RETAIL CONSUMER PRODUCTS"
"1371852","CANSO CO-OPERATIVE LIMITED","1937-02-25","PO BOX 34","CANSO","NS","B0H 1H0","P","RETAIL CONSUMER PRODUCTS"
"1381982","ROGERS DRIVE HOUSING CO-OPERATIVE LTD.","1981-03-20","PO Box 152 DMPS","Dartmouth","NS","B2Y 3Y3","N","HOUSING"
"1386318","FAIRWEST HOUSING CO-OPERATIVE LIMITED","1982-03-11","PO Box 25081","Halifax","NS","B3M 4H4","N","HOUSING"
"1386350","CRANBERRY LAKE HOUSING CO-OPERATIVE LIMITED","1982-07-14","PO Box 152 DMPS","Dartmouth","NS","B2Y 3Y3","N","HOUSING"
"1389302","MARIA'S HOUSING CO-OPERATIVE LIMITED","1982-04-30","PO BOX 152 DMPS","DARTMOUTH","NS","B2Y 3Y3","N","HOUSING"
"1396297","LA CO-OPERATIVE CHARLES FOREST LTEE","1981-04-24","Box 3500","Arichat","NS","B0E 1A0","P","RETAIL CONSUMER PRODUCTS"
"1398155","VIHARA HOUSING CO-OPERATIVE LIMITED","1982-02-19","2531 Elm Street","Halifax","NS","B3L 2Y5","N","HOUSING"
"1413392","SHIRETOWN HOUSING CO-OPERATIVE LIMITED","1981-06-08","PO BOX 1544","PICTOU","NS","B0K 1H0","N","HOUSING"
"1416717","THE REGIONAL HOUSING CO-OPERATIVE LIMITED","1981-08-06","PO BOX 3483 DEPS","DARTMOUTH","NS","B2W 5G4","N","HOUSING"
"1418228","FALLOUT HOUSING CO-OPERATIVE LIMITED","1982-05-06","6193 LAWRENCE ST.","HALIFAX","NS","B3L 1J7","N","SERVICES"
"1424852","LORENTCHIA HOUSING CO-OPERATIVE LIMITED","1981-08-28","77 HIGHLAND DR, C24","ANTIGONISH","NS","B2G 1P4","N","HOUSING"
"1433232","KABUKI HOUSING CO-OPERATIVE LIMITED","1982-04-13","2473 AGRICOLA STREET","HALIFAX","NS","B3K 4C3","N","HOUSING"
"1435396","HALIFAX WOMEN'S HOUSING CO-OPERATIVE LIMITED","1981-11-09","2042 CREIGHTON STREET","DARTMOUTH","NS","B3K 3R2","N","HOUSING"
"1442474","THE APARTMENT HOUSING CO-OPERATIVE LIMITED","1981-10-29","#8-10 Cherry Lane","Halifax","NS","B3P 1Y8","N","HOUSING"
"1443682","NEWFIE HOUSING CO-OPERATIVE LIMITED","1981-10-26","207 - 59 INGLIS PLACE","TRURO","NS","B2N 4B5","N","HOUSING"
"1445622","ROOFTOPS HOUSING CO-OPERATIVE LIMITED","1982-05-06","PO BOX 152 DMPS","Dartmouth","NS","B2Y 3Y3","N","HOUSING"
"1450953","HIGHLAND HOUSING CO-OPERATIVE LIMITED","1982-02-01","25 - 86 ST. NINIAN ST.","ANTIGONISH","NS","B2G 1Y8","N","HOUSING"
"1451701","ATLANTIC HOUSING CO-OPERATIVE LIMITED","1981-12-24","#207-59 INGLIS PLACE","TRURO","NS","B2N 4B5","N","HOUSING"
"1459758","ALBRO COURT HOUSING CO-OPERATIVE LIMITED","1982-02-11","2 CEDAR COURT","DARTMOUTH","NS","B3A 2K2","N","HOUSING"
"1474926","THE CROSS-ROADS NON PROFIT HOUSING CO-OPERATIVE LIMITED","1983-05-02","1 UNITY COURT","LOWER SACKVILLE","NS","B4E 2R9","N","HOUSING"
"1486567","APPLE BLOSSOM HOUSING CO-OPERATIVE LIMITED","1983-04-07","#207-59 INGLIS PLACE","TRURO","NS","B2N 4B5","N","HOUSING"
"1494160","THE TRILLIUM HOUSING CO-OPERATIVE LIMITED","1983-06-22","66A VALKYRIE CRESCENT","DARTMOUTH","NS","B2W 5B6","N","HOUSING"
"1501024","ROCKY ROAD HOUSING CO-OPERATIVE LIMITED","1983-04-11","PO Box 152 DMPS","Dartmouth","NS","B2Y 3Y3","N","HOUSING"
"1511056","SAMSON CO-OPERATIVE LIMITED","1983-06-07","5 Samson Court","New Glasgow","NS","B2H 5N9","N","HOUSING"
"1517465","LEMOYNE COOPERATIVE SOCIETY LIMITED","1937-05-26","PO BOX 39","St. Joseph de Moine","NS","B0E 3A0","P","RETAIL CONSUMER PRODUCTS"
"1540556","FRESH START HOUSING CO-OPERATIVE LIMITED","1983-12-14","207-59 INGLIS PLACE","TRURO","NS","B2N 4B5","N","HOUSING"
"1548378","PRIVATEER HOUSING CO-OPERATIVE LIMITED","1983-12-01","PO Box 152 DMPS","Dartmouth","NS","B2Y 3Y3","N","HOUSING"
"1555901","FLIP FLOP HOUSING CO-OPERATIVE LIMITED","1984-06-22","PO Box 152 DMPS","Dartmouth","NS","B2Y 3Y3","N","HOUSING"
"1568509","JOE MACISAAC HOUSING CO-OPERATIVE LIMITED","1984-05-14","P.O. BOX 6943","PORT HAWKESBURY","NS","B9A 2W2","N","HOUSING"
"1568607","NORTH BAY FISHERMEN'S CO-OPERATIVE ASSOCIATION LIMITED","1984-03-30","16 BALLANTYNE'S COVE","ANTIGONISH","NS","B2G 2L2","P","FISH PRODUCTS"
"1569442","HUBTOWN HOUSING CO-OPERATIVE LIMITED","1984-04-06","207-59 INGLIS PLACE","TRURO","NS","B2N 4B5","N","HOUSING"
"1588452","WEST HALIFAX HOUSING CO-OPERATIVE LIMITED","1984-07-09","#207 - 59 INGLIS PLACE","TRURO","NS","B2N 4B5","N","HOUSING"
"1592477","LOYALIST HOUSING CO-OPERATIVE LIMITED","1984-08-20","P.O BOX 291","Dartmouth","NS","BOT1W0","N","HOUSING"
"1608901","WALLIS DRIVE HOUSING CO-OPERATIVE LTD.","1985-03-08","Box 1908","Pictou","NS","B0K 1H0","N","HOUSING"
"1649039","CEILIDH FISHERMEN CO-OP LIMITED","1985-05-29","P.O. BOX 99","PORT HOOD","NS","B0E 2W0","P","FISH PRODUCTS"
"1692488","LE MANOIR SAINT-PIERRE HOUSING COOPERATIVE LIMITED","1986-06-06","P.O. BOX 1006","Cheticamp","NS","B0E 1H0","N","HOUSING"
"1695123","MCINTOSH RUN HOUSING CO-OPERATIVE LIMITED","1986-07-07","PO BOX 152 DMPS","DARTMOUTH","NS","B2Y 3Y3","N","HOUSING"
"1707582","WATER STREET STUDIO CO-OPERATIVE LIMITED","1986-05-14","110 WATER STREET, BOX 1442","PICTOU","NS","B0K 1H0","P","CRAFT PRODUCTS"
"1717278","CHIGNECTO HOUSING CO-OPERATIVE LIMITED","1986-07-15","3 TOWNSVIEW COURT","AMHERST","NS","B4H 4M2","N","HOUSING"
"1720641","LOWER ARGYLE FISHERMAN'S CO-OPERATIVE LIMITED","1986-10-20","81 Camp Cove Road","Lower Argyle","NS","B0W 1W0","P","FISH PRODUCTS"
"1727308","JOHN HUGH MACKENZIE HOUSING CO-OPERATIVE LIMITED","1986-07-24","102-5293 Green Street","Halifax","NS","B3H 1N6","N","HOUSING"
"1737176","EVANGELINE COURTS HOUSING CO-OPERATIVE LIMITED","1986-10-20","41 B Evangeline Court","Wolfville","NS","B4P 2B4","N","HOUSING"
"1743824","ANTIGONISH FARM AND GARDEN CO-OPERATIVE LIMITED","1986-10-31","91 ST. ANDREWS STREET","ANTIGONISH","NS","B2G 2G9","P","RETAIL CONSUMER PRODUCTS"
"1773669","FUTURE FORESTRY SERVICES CO-OPERATIVE LIMITED","1987-03-27","PO BOX 1036","NEW GLASGOW","NS","B2H 5N8","P","FOREST PRODUCTS"
"1780845","HIGHFIELD PARK HOUSING CO-OPERATIVE LIMITED","1987-04-30","43K JOSEPH YOUNG STREET","DARTMOUTH","NS","B3A 4S7","N","HOUSING"
"1798935","ATLANTIS HOUSING CO-OPERATIVE LIMITED","1987-07-06","143 RYLAND AVENUE, UNIT 20","BIBLE HILL","NS","B2N 6L4","N","HOUSING"
"1812768","LONGHOUSE HOUSING CO-OPERATIVE LIMITED","1987-10-07","59 INGLIS PLACE  , #207","TRURO","NS","B2N 4B5","N","HOUSING"
"1818360","THE GREENHOUSE CO-OPERATIVE LIMITED","1988-02-08","9651 GRENVILLE STREET","ST.PETER'S","NS","B0E3B0","P","WORKER LABOUR"
"1827279","GREEN STEM CO-OPERATIVE LIMITED","1988-08-31","BOX 8714 STN.  A","HALIFAX","NS","B3K 5M4","N","HOUSING"
"1855894","THE BIRCHES HOUSING CO-OPERATIVE LIMITED","1988-03-31","BOX 387","DIGBY","NS","B0V 1A0","N","HOUSING"
"1862763","JOHNSTOWN COMMUNITY DEVELOPMENT CO-OPERATIVE LIMITED","1988-04-26","14742 HIGHWAY 4","RED ISLANDS","NS","B0E 3B0","N","SERVICES"
"1876426","NOVA HEIGHTS CONTINUING HOUSING CO-OPERATIVE LIMITED","1988-06-20","37 STUART STREET","SYDNEY","NS","B1P 6Y8","N","HOUSING"
"1876619","DUNBRACK HOUSING CO-OPERATIVE LIMITED","1988-09-02","PO Box 152 DMPS","Dartmouth","NS","B2Y 3Y3","N","HOUSING"
"1877036","EVERGREEN ECOLOGICAL COOPERATIVE LIMITED","1989-02-23","1774 Stronach Mountain Road","Margaretsville","NS","B0S 1N0","P","WORKER LABOUR"
"1914391","MACKEN ROAD WATER CO-OPERATIVE LIMITED","1989-04-05","113  Macken Rd","Antigonish Landing","NS","B2G 2L2","N","SERVICES"
"1914722","CANSO CO-OPERATIVE HEALTH CENTRE LIMITED","1988-12-29","PO BOX 174","CANSO","NS","B0H 1H0","N","SERVICES"
"1915636","WOODLAND ESTATES HOUSING CO-OPERATIVE LIMITED","1989-01-23","#207-59 INGLIS PLACE","TRURO","NS","B2N 4B5","N","HOUSING"
"1919550","FORCHU HOUSING CO-OPERATIVE LIMITED","1989-09-04","31-A SAMMS COURT","HEBRON","NS","B5A 5A4","N","HOUSING"
"1923700","SOIL AND SEA CO-OP LIMITED","1989-02-14","PO BOX 466","CANNING","NS","B0P 1H0","P","WORKER LABOUR"
"1925502","LANDVIEW HOUSING CO-OPERATIVE LIMITED","1989-12-15","59  INGLIS ST, UNIT 207","TRURO","NS","B2N 4B5","N","HOUSING"
"1990082","GUANTANAMERA CO-OPERATIVE LIMITED","1989-11-20","58 Gull Rock Drive, R.R. #1","Head of Jeddore","NS","B0J 1P0","P","SERVICES"
"2026177","HARBOUR GREENHOUSE CO-OPERATIVE LIMITED","1990-10-03","2767 HIGHWAY 223","MACKINNON'S HARBOUR","NS","B2C 1H3","P","WORKER LABOUR"
"2056189","VILLAGE GROCERY WORKERS' CO-OPERATIVE LIMITED","1990-10-30","PO BOX 39","ST PETERS","NS","B0E 3B0","P","WORKER LABOUR"
"2056510","LA COOPERATIVE RADIO CHETICAMP LIMITEE","1992-02-27","15584 CABOT TRAIL ROAD","CHETICAMP","NS","B0E1H0","N","SERVICES"
"2057133","GOLDEN POND HOUSING CO-OPERATIVE LIMITED","1990-10-29","BOX 262, STN","SYDNEY MINES","NS","B1V 2Y5","N","HOUSING"
"2108357","TRUE NORTH HOUSING CO-OPERATIVE LIMITED","1992-03-18","PO BOX 152, DMPS","Dartmouth","NS","B2Y 3Y3","N","HOUSING"
"2245085","SSG SUPPORT SERVICES GROUP CO-OPERATIVE LTD.","1993-06-15","1550 BEDFORD HIGHWAY, SUITE 302, SUNTOWER BUILDING","DARTMOUTH","NS","B4A 1E6","N","SERVICES"
"2252510","ARIMATHEA FUNERAL CO-OPERATIVE LIMITED","1993-09-08","8741 Highway #224, Box 45","Upper Musquodoboit","NS","B0N 2M0","N","SERVICES"
"2265467","CITY MARKET OF HALIFAX CO-OPERATIVE LTD.","1993-05-04","1209 Marginal Road","HALIFAX","NS","B3H 4P8","P","AGRICULTURE"
"2300835","CHIGNECTO MANOR CO-OPERATIVE LTD.","1993-10-07","BOX 63","ADVOCATE HARBOUR","NS","B0M 1A0","P","SERVICES"
"2374414","TOWER HEIGHTS HOUSING CO-OPERATIVE LIMITED","1994-06-16","83 STUART STREET","SYDNEY","NS","B1P 6Y8","N","HOUSING"
"2424946","COBEQUID MAPLE CO-OPERATIVE LIMITED","1995-01-18","P O BOX 11","WESTCHESTER STATION","NS","B0M 2A0","P","AGRICULTURE"
"2467461","APAQTAUKEWAQ FISHERIES CO-OP LTD.","1995-09-18","22 Estherich Road","Chapel Island, Richmond Co","NS","B0E 3B0","P","FISH PRODUCTS"
"2484748","ATLANTIC CO-OPERATIVE CED INSTITUTE LTD.","1995-08-02","10 EASTMOUNT CT","EAST MOUNTAIN","NS","B6L2E8","N","SERVICES"
"2537013","JUST US! COFFEE ROASTERS CO-OPERATIVE LIMITED","1996-03-07","11865 HIGHWAY #1","HORTONVILLE","NS","B4P 2R3","P","WORKER LABOUR"
"3000912","LUNENBURG BALSAM FIR COOPERATIVE LTD.","1996-07-24","BOX 485","Bridgewater","NS","B4V 2X6","P","FOREST PRODUCTS"
"3004733","OLD RAILWAY CABINS COOPERATIVE LTD.","1997-01-16","138 CANAAN ROAD","AYLESFORD","NS","B0P 1C0","P","SERVICES"
"3007845","TEAM WORK COOPERATIVE LIMITED","1997-04-18","501-7051 Bayers Rd
Suite M278","HALIFAX","NS","B3L 2C1","N","WORKER LABOUR"
"3008924","MINUDIE PASTURE COOPERATIVE LIMITED","1997-05-29","80 LITTLE DYKE ROAD","GREAT VILLAGE","NS","B0M 1L0","P","SERVICES"
"3012648","COLCHESTER TRANSPORTATION COOPERATIVE LTD.","1997-10-06","14 Court Street, Suite 103","Truro","NS","B2N 3H7","N","SERVICES"
"3013508","GLENDALE AREA COMMUNITY COOPERATIVE LTD. (CO-CHOMUNN BHRÀIGH NA H-AIBHNEADH)","1997-11-06","4248 - 105 TRANS CANADA HWY","GLENDALE, INVERNESS CO.","NS","B0E 3L0","N","SERVICES"
"3014473","SYDNEY MINES INVESTMENT CO-OPERATIVE LIMITED","1997-12-11","1289 COXHEATH ROAD","Sydney","NS","B1L1B3","P","INVESTMENT"
"3018217","CURL UP & DYE CO-OPERATIVE LIMITED","1998-04-14","274 COMMERCIAL STREET","NORTH SYDNEY","NS","B2A 1B8","P","WORKER LABOUR"
"3020069","C.A.J. WOODWORKERS CO-OPERATIVE LIMITED","1998-06-12","1296 Ashfield Road, RR #5","Orangedale","NS","B0E 2K0","P","WORKER LABOUR"
"3021538","RICHMOND COMMUNITY MANAGEMENT FISHERY CO-OPERATIVE LIMITED","1998-07-28","P.O. Box 57","Arichat","NS","B0E 1A0","N","FISH PRODUCTS"
"3021980","NORTHUMBERLAND FISH COOPERATIVE LIMITED","1998-08-19","BOX 166","RIVER JOHN","NS","B0K 1N0","P","FISH PRODUCTS"
"3023460","340 RANCHER'S CO-OPERATIVE LIMITED","1998-10-08","PO Box 149, 102 Langford Road","Weymouth","NS","B0W 3T0","P","AGRICULTURE"
"3039461","HERITAGE CAPE BRETON CONNECTION CO-OPERATIVE LTD.","2000-01-14","PO Box 1791, Station A","Sydney","NS","B1P 6J4","N","SERVICES"
"3039702","BARRACHOIS RETREAT CO-OPERATIVE LIMITED","2000-01-25","1120 SANDPOINT ROAD","TATAMAGOUCHE","NS","B0K 1V0","P","WORKER LABOUR"
"3042694","C.K.D. FABRICATORS CO-OPERATIVE LIMITED","2000-04-05","294 Ramshead River Road","Diligent River","NS","B0M 1H0","P","WORKER LABOUR"
"3045160","VIEWPOINT GALLERY CO-OPERATIVE LIMITED","2000-06-05","1475  BEDFORD HWY, UNIT 109","HALIFAX","NS","B4A 3Z5","N","CRAFT PRODUCTS"
"3046326","LA CO-OPERATIVE RADIO RICHMOND LIMITEE","2000-06-27","P.O. Box 250","Petit De Grat","NS","B0E 2L0","N","SERVICES"
"3049703","CAPE JOHN COMMUNITY PASTURE CO-OPERATIVE LIMITED","2000-10-10","3275 HWY 337","MORRISTOWN","NS","B2G 2L2","P","SERVICES"
"3052710","ALDERBERRY VILLAGE CRAFT CO-OPERATIVE LIMITED","2001-01-18","57 Inglis Place","Truro","NS","B2N 4B5","P","WORKER LABOUR"
"3054030","CAPE MABOU PASTURE CO-OPERATIVE LIMITED","2001-03-05","PO BOX 4","MABOU","NS","B0E 1X0","P","SERVICES"
"3056188","TOTAL ESSENCE COACHING CO-OPERATIVE LIMITED","2001-05-09","10 ROBLEA DRIVE","DARTMOUTH","NS","B2W1Y7","P","WORKER LABOUR"
"3057952","ABC HOUSING CO-OPERATIVE LIMITED","2001-06-29","PO Box 152 DMPS","Dartmouth","NS","B2Y 3Y3","N","HOUSING"
"3058103","OIKOCREDIT CANADA ATLANTIC CO-OPERATIVE LIMITED","2001-07-09","25 Graham Street","Dartmouth","NS","B3A 3H9","P","INVESTMENT"
"3058182","HONESTWORKINGPEOPLE.COM CO-OPERATIVE LIMITED","2001-07-11","2502 Kings Road","Sydney Forks","NS","B1L 1A1","P","SERVICES"
"3059460","GRAINERY FOOD CO-OPERATIVE LTD.","2001-08-13","2385 Agricola Street","Halifax","NS","B3K 4B8","N","RETAIL CONSUMER PRODUCTS"
"3059487","FOUR CORNERS HOUSING CO-OPERATIVE LIMITED","2001-08-23","66-B HAVELOCK DRIVE","YARMOUTH","NS","B5A 4G4","N","HOUSING"
"3063161","JUST US! FAIR TRADE INVESTMENT CO-OPERATIVE LIMITED","2002-01-07","11865 HIGHWAY 1","HORTONVILLE","NS","B4P2R3","P","WORKER LABOUR"
"3065444","PEER GALLERY CO-OPERATIVE LIMITED","2002-03-25","PO BOX 1883","LUNENBURG","NS","B0J 2C0","P","RETAIL CONSUMER PRODUCTS"
"3071165","CRYSTAL GRANGE HOUSING CO-OPERATIVE LIMITED","2002-09-26","59-207 INGLIS ST","TRURO","NS","B2N 4B5","N","HOUSING"
"3073275","ACADIA CINEMA COOPERATIVE LTD.","2002-12-16","450 MAIN STREET","WOLFVILLE","NS","B4P 1E2","N","SERVICES"
"3074367","LA RÉSIDENCE ACADIENNE CO-OPERATIVE LIMITED","2003-01-15","P.O. BOX 281","CHETICAMP","NS","B0E 1H0","N","SERVICES"
"3075199","COOPÉRATIVE RADIO-HALIFAX-MÉTRO LIMITÉE","2003-01-22","67 CH RAGGED POINT","SAINT JOHN","NB","E2K 5C3","N","SERVICES"
"3079039","COASTAL COMMUNITY RADIO CO-OPERATIVE LIMITED","2003-06-12","170 GEORGE STREET, SUITE 101","SYDNEY","NS","B1P1J2","N","SERVICES"
"3079828","GUNG HO! EMPLOYMENT CO-OPERATIVE LIMITED","2003-07-02","3000-5657 SPRING GARDEN RD","Halifax","NS","B3J3R4","N","SERVICES"
"3080046","INVESTING IN NS ENTERPRISES CO-OPERATIVE LIMITED","2003-07-14","Box 1872","Truro","NS","B2N 6C7","N","INVESTMENT"
"3083726","DEEP ROOTS MUSIC CO-OPERATIVE LIMITED","2003-11-19","466A MAIN STREET","WOLFVILLE","NS","B4P1E2","N","WORKER LABOUR"
"3085260","TATAMAGOUCHE FARMERS' MARKET CO-OP LTD.","2003-12-23","PO Box 59","Tatamagouche","NS","B0K 1V0","N","AGRICULTURE"
"3085677","FARMERS' MARKETS OF NS COOPERATIVE LTD.","2004-01-13","11188 HWY 3, 82","LUNENBURG","NS","B0J 2C0","N","AGRICULTURE"
"3085934","SUNSET FUNERAL CO-OPERATIVE LIMITED","2004-01-05","65 CROWDIS CROSS ROAD","MARGAREE VALLEY","NS","B0E 2C0","P","WORKER LABOUR"
"3085936","HALIFAX CHEER ELITE CO-OPERATIVE LIMITED","2004-01-27","32 Birkdale Crescent","Halifax","NS","B3M 1H5","N","WORKER LABOUR"
"3089795","PINE HAVEN WATER CO-OPERATIVE LIMITED","2004-05-11","PO BOX 33","COLDBROOK","NS","B4R 1C5","P","SERVICES"
"3094170","WILD BLUEBERRY HARVEST CO-OPERATIVE LIMITED","2004-09-28","50 Little Yorke Road","Five Islands","NS","B0M 1K0","N","AGRICULTURE"
"3094178","PATHWAYS HOUSING SERVICES CO-OPERATIVE LTD.","2004-10-05","31 NAVARA CRESCENT","DARTMOUTH","NS","B2W 5L2","P","SERVICES"
"3094613","CAPE BLUE ROADS AND SERVICES CO-OPERATIVE LIMITED","2004-10-14","31 GREEN LANE","Havre Boucher","NS","B0H 1P0","P","SERVICES"
"3094888","EDUNOVA CO-OPERATIVE LIMITED","2004-10-26","1809 BARRINGTON STREET, 804","HALIFAX","NS","B3J 3K8","N","WORKER LABOUR"
"3095186","MERSEY TOBEATIC RESEARCH INSTITUTE CO-OPERATIVE LIMITED","2004-11-05","9 MOUNT MERRITT ROAD","KEMPT","NS","B0T 1B0","N","WORKER LABOUR"
"3095421","MUD CREEK MEDICAL CO-OPERATIVE LIMITED","2004-11-08","220-21 ROY AVENUE","NEW MINAS","NS","B4N 3R7","P","WORKER LABOUR"
"3097408","SUNRISE TRAIL COMMUNITY DEVELOPMENT CO-OPERATIVE LIMITED","2005-01-12","6250 WILLOW ST.","HALIFAX","NS","B3L 1N9","N","INVESTMENT"
"3097409","FUTURE GROWTH CO-OP LTD.","2005-01-14","765 MAIN STREET","Sydney Mines","NS","B1V 2L4","N","INVESTMENT"
"3100157","HEALTH INFORMATICS CANADA RESEARCH LABORATORY (HICRELA) CO-OPERATIVE LIMITED","2005-04-13","APT. 217 - 1326 LOWER WATER STREET","HALIFAX","NS","B3J 3R3","N","SERVICES"
"3102658","HEALTHY MINDS NETWORK CO-OPERATIVE LIMITED","2005-06-13","45 ALDERNEY DRIVE, SUITE 210","DARTMOUTH","NS","B2Y 2N6","N","SERVICES"
"3102967","CRAB QUOTA CO-OPERATIVE LTD.","2005-07-05","272 HALF ISLAND COVE RD","GUYSBOROUGH","NS","B0H 1N0","P","FISH PRODUCTS"
"3103778","WOLFVILLE FARMERS MARKET CO-OPERATIVE LIMITED","2005-07-13","24 ELM AVENUE","WOLFVILLE","NS","B4P 1Z9","N","AGRICULTURE"
"3104621","SHEAN INVESTMENT CO-OPERATIVE LIMITED","2005-08-23","Box 927","Inverness","NS","B0E 1N0","P","INVESTMENT"
"3110411","SYDPORT INVESTMENT CO-OPERATIVE LTD.","2005-09-28","PO Box 1201","Sydney","NS","B1P 6J9","P","INVESTMENT"
"3137611","FORMER HEALTH CARE CO-OPERATIVE LIMITED","2006-03-23","8903 COMMERCIAL ST.","NEW MINAS","NS","B4N 3E1","P","WORKER LABOUR"
"3141711","PORT HOOD RV CO-OPERATIVE LIMITED","2006-04-04","45 Wharf Road","Port Hood","NS","B0E 2W0","P","INVESTMENT"
"3160540","HEMFORD CEMETERY CO-OPERATIVE LTD.","2006-06-26","2093 HIGHWAY 208","Hemford","NS","B0R 1E0","N","WORKER LABOUR"
"3161312","PUGWASH FARMERS' MARKET CO-OPERATIVE LIMITED","2006-07-04","P.O. Box 197","Pugwash","NS","B0K 1L0","N","AGRICULTURE"
"3162613","PARRSBORO WELLNESS CENTRE CO-OP LTD.","2006-07-10","Box 868","Parrsboro","NS","B0M 1S0","N","SERVICES"
"3167235","KING'S BOOKSTORE CO-OPERATIVE LIMITED","2006-08-08","6350 COBURG ROAD","HALIFAX","NS","B3H 2A1","P","RETAIL CONSUMER PRODUCTS"
"3177313","NEW ROSS COUNTRY MARKET CO-OP LIMITED","2006-09-13","700 Hwy 12","Blue Mountain","NS","B4N 3V8","N","AGRICULTURE"
"3191173","SPRYVIEW HOUSING CO-OPERATIVE LIMITED","2006-10-31","PO Box 824","Lower Sackville","NS","B4C 3V3","N","HOUSING"
"3215055","TRURO FARMERS' MARKET CO-OPERATIVE LIMITED","2007-03-28","15 Young Street","Truro","NS","B2N 3W3","N","AGRICULTURE"
"3216455","STRAIT AREA TRANSIT CO-OPERATIVE LTD.","2007-04-10","47 PAINT STREET, UNIT 24","PORT HAWKESBURY","NS","B9A 3J9","N","WORKER LABOUR"
"3217645","TATAMAGOUCHE COMMUNITY LAND CO-OPERATIVE LTD.","2007-04-12","11 Alex Cox Road","WALDEGRAVE","NS","B0K 1V0","N","SERVICES"
"3217793","CONNECTING PEOPLE FOR HEALTH CO-OPERATIVE LIMITED","2007-04-25","435 WILLOW ST","Truro","NS","B2N 6T2","P","SERVICES"
"3218201","CAPE BRETON FARMERS' MARKET CO-OPERATIVE LIMITED","2007-05-22","PO Box 153, Station A","Sydney","NS","B1P 6H1","N","AGRICULTURE"
"3222050","CAPE BRETON MUSIC INDUSTRY CO-OPERATIVE LIMITED","2007-08-14","456 CHARLOTTE STREET","Sydney","NS","B1P1E4","N","WORKER LABOUR"
"3223356","HUBBARDS NURSERY SCHOOL CO-OPERATIVE LIMITED","2007-10-25","10089 St. Margarets Bay Road","Hubbards","NS","B0J 1T0","N","SERVICES"
"3223969","WHYCOCOMAGH INVESTMENT CO-OPERATIVE LIMITED","2007-11-16","2629 MIDDLE RIVER WEST","BADDECK","NS","B0E 1B0","P","INVESTMENT"
"3224429","GULF AQUARIUM AND MARINE STATION COOPERATIVE LTD. COOPÉRATIVE DE RECHERCHE MARINE ET AQUARIUM DU GOLF LTÉE","2007-12-03","PO Box 697","Cheticamp","NS","B0E 1H0","N","FISH PRODUCTS"
"3224641","COASTAL GROWTH MANAGEMENT CO-OPERATIVE LIMITED","2007-12-18","2499 Kings Road","Sydney","NS","B1L 1A1","P","FOREST PRODUCTS"
"3225644","MARGAREE TOURISM ASSOCIATION CO-OPERATIVE LIMITED","2008-01-28","GENERAL DELIVERY","Margaree Forks","NS","B0E 2A0","N","WORKER LABOUR"
"3229301","SMART CHRISTMAS TREE RESEARCH COOPERATIVE LTD.","2008-06-20","PO BOX 38, 8647 HWY 311","TATAMAGOUCHE","NS","B0K1V0","P","FOREST PRODUCTS"
"3230550","EVANGELINE ARTISTS' COOPERATIVE LTD.","2008-08-12","338 WEST BROOKLYN RD","WEST BROOKLYN","NS","B4P 2R3","N","CRAFT PRODUCTS"
"3230729","NS FARMERS' MARKET DEVELOPMENT COOPERATIVE LTD.","2008-08-29","25 Highland Drive","Truro","NS","B2N 1B8","N","INVESTMENT"
"3231260","CELTIC HEART OF NORTH AMERICA COOPERATIVE LIMITED","2008-09-12","321-170 GEORGE STREET","SYDNEY","NS","B1P 1J2","N","CRAFT PRODUCTS"
"3232669","ART 1274 HOLLIS CO-OPERATIVE LIMITED","2008-11-06","1274 Hollis Street","Halifax","NS","B3J 1T6","N","CRAFT PRODUCTS"
"3233867","ALL NS GREEN CHRISTMAS TREE CO-OP LTD.","2009-01-12","PO Box 98","New Germany","NS","B0R 1E0","P","FOREST PRODUCTS"
"3234142","MUSQUODOBOIT HARBOUR FARMERS MARKET CO-OPERATIVE LTD.","2009-01-22","7531  HIGHWAY 7","MUSQUODOBOIT HARBOUR","NS","B0J 2L0","N","AGRICULTURE"
"3234987","RIVERFEST CO-OP LIMITED","2009-02-20","2319 LOWER BRANCH RD","NEW CANADA","NS","B4V 4V7","N","SERVICES"
"3235541","HALIFAX CIRCUS CO-OPERATIVE LTD.","2009-03-23","P.O. BOX 29112","Halifax","NS","B3L 4T8","N","WORKER LABOUR"
"3235926","THE DANDELION COMMUNITY INVESTMENT COOPERATIVE LIMITED","2009-04-06","10 WEBSTER ST, SUITE 210","KENTVILLE","NS","B4N 1H7","P","INVESTMENT"
"3237614","THERMALWISE GREEN BUILDING CO-OPERATIVE LIMITED","2009-06-18","8-40 THORNHILL DRIVE","DARTMOUTH","NS","B3B 1S1","P","WORKER LABOUR"
"3238229","MIDDLETON FARMERS' MARKET COOPERATIVE LIMITED","2009-07-08","6160 Highway 10, RR #3","Middleton","NS","B0S 1P0","N","AGRICULTURE"
"3238983","NEW GLASGOW FARMERS MARKET COOPERATIVE LIMITED","2009-08-18","261 GLASGOW STREET","NEW GLASGOW","NS","B2H 5C2","N","AGRICULTURE"
"3245666","TIDNISH BRIDGE ART GALLERY CO-OP LIMITED","2010-05-14","3314 HWY 366","TIDNISH BRIDGE","NS","B4H 3X9","N","CRAFT PRODUCTS"
"3245670","THE OLD SCHOOL COMMUNITY GATHERING PLACE CO-OPERATIVE LIMITED","2010-05-14","P.O. BOX 185, 7962 HWY 7","MUSQUODOBOIT HARBOUR","NS","B0J 2L0","N","SERVICES"
"3245765","SERVING SENIORS ALLIANCE COOPERATIVE LTD.","2010-05-14","PO BOX 46074 , RPO HALIFAX NOVALEA","HALIFAX","NS","B3K 5V8","N","SERVICES"
"3246190","CAPE NORTH FARMERS MARKET COOPERATIVE LIMITED","2010-06-10","473 DINGWALL RD, PO BOX 88","DINGWALL","NS","B0C 1G0","N","AGRICULTURE"
"3246417","THE SCOTCH VILLAGE COOPERATIVE FARM LTD.","2010-06-18","852 HWY 236","SCOTCH VILLAGE","NS","B0N 2G0","P","AGRICULTURE"
"3246424","LA COOPÉRATIVE DE TRANSPORT DE CHÉTICAMP LIMITÉE","2010-06-18","P. O. BOX 1039","CHETICAMP","NS","B0E1H0","N","SERVICES"
"3246517","OFF THE HOOK COOPERATIVE LTD.","2010-06-23","2705 Fern Lane","Halifax","NS","B3K 4L3","P","FISH PRODUCTS"
"3247342","HALIFAX BREWERY FARMERS' MARKET CO-OP LTD.","2010-07-09","1496 LOWER WATER STREET, 312","HALIFAX","NS","B3J 1R9","N","AGRICULTURE"
"3247429","SADUKE HOUSING CO-OPERATIVE LIMITED","2010-08-01","PO Box 152, DMPS","Dartmouth","NS","B2Y 3Y3","N","HOUSING"
"3247949","MELVILLE DRIVE CO-OPERATIVE LTD.","2010-08-24","62 Melville Drive","Brookfield","NS","B0N 1C0","N","SERVICES"
"3251756","RED BRICK ROW INVESTMENT CO-OPERATIVE LIMITED","2011-01-28","PO BOX 1201","SYDNEY","NS","B1P 6J9","P","INVESTMENT"
"3252167","KAZAN CO-OP LTD.","2011-02-18","1772  OXFORD ST","HALIFAX","NS","B3H 3Z6","N","SERVICES"
"3252348","SHELBURNE FARMERS AND ARTISANS CO-OP LTD.","2011-02-25","PO BOX 1553","SHELBURNE","NS","B0T 1W0","N","AGRICULTURE"
"3252414","GUYSBOROUGH COMMUNITY MARKET CO-OPERATIVE LIMITED","2011-02-25","7035 HIGHWAY 16,","HALFWAY COVE","NS","B0H 1N0","N","AGRICULTURE"
"3252423","HERITAGE BOAT YARD COOPERATIVE LIMITED","2011-03-02","BOX 477, 74 PLEASANT STREET","MAHONE BAY","NS","B0J 2E0","N","SERVICES"
"3252678","DMV THEATRE CO-OP LTD.","2011-03-10","14 Nickerson Road","East Pennant","NS","B3V 1L9","N","SERVICES"
"3254330","FARMWORKS INVESTMENT CO-OPERATIVE LIMITED","2011-05-17","70 Eden Row","Greenwich","NS","B4P 2R2","P","INVESTMENT"
"3254480","ARGYLE FARMERS' & ARTISANAL MARKET CO-OPERATIVE LIMITED","2011-05-24","67 WILLIAM ROBBINS ROAD","TUSKET","NS","B0W 3M0","N","AGRICULTURE"
"3254486","YARMOUTH FARMERS' COMMUNITY MARKET CO-OPERATIVE LIMITED","2011-05-24","PO BOX 211","YARMOUTH","NS","B5A4B2","N","AGRICULTURE"
"3255104","THE LOADED LADLE HALIFAX CO-OPERATIVE LTD.","2011-06-07","6136 UNIVERISTY AVENUE","HALIFAX","NS","B3H 4R2","N","SERVICES"
"3255581","WEST GORE CEMETERY CO-OPERATIVE LTD.","2011-06-30","760 VALLEY ROAD","WEST GORE","NS","B0N 2N0","N","SERVICES"
"3256143","HARMONY HEALTH CENTRE COOPERATIVE LIMITED","2011-07-27","1153 King Street","Bridgewater","NS","B4V 1C3","P","SERVICES"
"3256149","MARITIME HOP GROWERS CO-OPERATIVE LIMITED","2011-07-27","35 MCINNIS ROAD","WALLACE RIDGE","NS","B0K 1E0","P","AGRICULTURE"
"3256956","THE DEANERY PROJECT CO-OPERATIVE LTD.","2011-09-01","751 WEST SHIP HARBOUR ROAD","LOWER SHIP HARBOUR","NS","B0J 2L0","N","SERVICES"
"3257242","WEST SIDE PERFORMING ARTS COOPERATIVE LIMITED","2011-09-15","HIGHWAY 252","SKYE GLEN","NS","B0E3M0","N","WORKER LABOUR"
"3258610","GETTING TO KNOW CANCER COOPERATIVE LTD.","2011-11-14","Room 229A Forrester Hall, 36 Arthur Street","Truro","NS","B2N 1X5","N","SERVICES"
"3260806","MUSGO RIDER COOPERATIVE LTD.","2012-02-08","325 PORTERS LAKE STATION ROAD","PORTERS LAKE","NS","B3E 1J9","N","SERVICES"
"3261409","CMEC ALUMNI & STUDENT CO-OP LTD.","2012-03-01","SAINT MARY'S UNIVERSITY, 923 ROBIE STREET","HALIFAX","NS","B3H 3C3","N","SERVICES"
"3264189","GRASS ROOTS UP CO-OPERATIVE LIMITED","2012-06-14","8618 Highway 366","Amherst","NS","B4H 3Y2","P","AGRICULTURE"
"3265337","HALIFAX MUSIC CO-OPERATIVE LIMITED","2012-07-27","P.O. BOX 997","HALIFAX","NS","B3J 2X2","N","SERVICES"
"3265866","AILEEN'S PETS WITHOUT VETS CO-OPERATIVE LTD.","2012-08-27","744 VICTORIA ROAD","SYDNEY","NS","B1N 1J4","N","SERVICES"
"3267060","THE BUS STOP THEATRE COOPERATIVE LTD.","2012-10-18","2203 GOTTINGEN STREET","HALIFAX","NS","B3K 3B5","N","SERVICES"
"3267523","NEEDHAM HOUSING CO-OPERATIVE LIMITED","2012-11-07","207-59 INGLIS PLACE","TRURO","NS","B2N 4B5","N","HOUSING"
"3268827","CARBON ARC CINEMA COOPERATIVE LTD.","2013-01-02","3149 UNION ST.","HALIFAX","NS","B3K 5H2","N","SERVICES"
"3270113","EARRAS CO-OPERATIVE OF MABOU LTD.","2013-02-18","PO Box 262","MABOU","NS","B0E 1X0","N","SERVICES"
"3270137","HOME HEIRLOOMS CO-OPERATIVE LIMITED","2013-02-18","5665 WOODILL ST (LOWER)","HALIFAX","NS","B3K 1H1","N","SERVICES"
"3270325","NEW EDINGBURGH ARTIST'S COLONY CO-OP LTD.","2013-03-01","81 LINCOLN AVENUE","PORTSMOUTH","NEW HAMPSHIRE","038014426","N","CRAFT PRODUCTS"
"3273128","THE COMMUNITY CARROT CO-OPERATIVE LIMITED","2013-06-14","PO Box 730","HALIFAX","NS","B3J 2V1","P","RETAIL CONSUMER PRODUCTS"
"3277711","ARTPORT GALLERY COOPERATIVE LIMITED","2014-01-03","202 WALTER HAVILL DRIVE, APT 904,","HALIFAX","NS","B3N 3M4","N","CRAFT PRODUCTS"
"3278800","KLMPT HOUSE CO-OP LIMITED","2014-02-20","2153 HWY #1","CLEMENTSPORT","NS","B0S 1E0","P","HOUSING"
"3279073","PRIVATEER FARMERS MARKET CO-OPERATIVE LIMITED","2014-02-28","PO BOX 1058","LIVERPOOL","NS","B0T 1K0","N","AGRICULTURE"
"3279775","EASTERN SHORE COOPERATOR PUBLICATIONS COOPERATIVE LIMITED","2014-03-25","11 EAST PETPESWICK ROAD","MUSQUODOBOIT HARBOUR","NS","B0J 2L0","N","CRAFT PRODUCTS"
"3280607","MEDWAY COMMUNITY FOREST CO-OPERATIVE LTD.","2014-04-30","PO BOX 157","CALEDONIA","NS","B0T1B0","P","FOREST PRODUCTS"
"3280780","AMHERST TRAIN STATION ARTISAN GALLERY COOPERATIVE LIMITED","2014-05-05","142 SOUTH ALBION STREET, SUITE 150","AMHERST","NS","B4H 4H4","N","CRAFT PRODUCTS"
"3280816","ARTISYNC TECHNOLOGIES CO-OP LTD.","2014-05-13","812 Upper Prince Street","Sydney","NS","B1P 5N7","P","CRAFT PRODUCTS"
"3287240","HERMES ART GALLERY CO-OPERATIVE LIMITED","2015-02-20","5682 North Street, #101","Halifax","NS","B3K 1N4","N","CRAFT PRODUCTS"
"3288944","LAHAVE CRAFT COOPERATIVE LIMITED","2015-04-16","PO BOX 967, 136 YORK STREET","LUNENBURG","NS","B0J 2C0","N","CRAFT PRODUCTS"
"3289711","PAN CAPE BRETON FOOD HUB CO-OPERATIVE LTD.","2015-05-27","1415 HWY 105","BRAS D'OR","NS","B1Y 2M7","N","AGRICULTURE"
"3289866","MABOU FARMERS MARKET COOPERATIVE LIMITED","2015-06-01","BOX 155","MABOU","NS","B0E 1X0","N","AGRICULTURE"
"3291314","NS CO-OPERATIVE COUNCIL LIMITED","2015-07-14","435 WILLOW STREET","Truro","NS","B2N 6T2","N","SERVICES"
"3292144","PLANIFAX PRODUCTION CO-OPERATIVE LIMITED","2015-09-01","527-1065 BARRINGTON STREET","HALIFAX","NS","B3H 0B7","N","MISCELLANEOUS"
"3293059","ANTIGONISH COMMUNITY ENERGY COOPERATIVE LIMITED","2015-10-13","59 MACKEN ROAD","ANTIGONISH LANDING","NS","B2G 2L2","N","SERVICES"
"3293293","NORTH QUEENS BUSINESS CENTRE & INNOVATION HUB CO-OP LTD.","2015-09-28","PO BOX 186","CALEDONIA","NS","B0T 1B0","N","SERVICES"
"3293305","CUMBERLAND COUNTY SALT HAULERS CO-OPERATIVE LIMITED","2015-10-23","514 RIPLEY ROAD","TRUEMANVILLE","NS","B4H3Y2","P","WORKER LABOUR"
"3294154","NATURA HOLDINGS CO-OP LTD.","2015-11-25","73-B Prince Street","Bridgewater","NS","B4V 1C9","P","HOUSING"
"3294675","HOPE SEEDS CO-OPERATIVE LIMITED","2015-12-09","PO BOX 460","ANNAPOLIS ROYAL","NS","B0S 1A0","P","AGRICULTURE"
"3295767","NORTH STAR YACHT CLUB CO-OPERATIVE LTD.","2016-02-03","2858 PURCELLS COVE ROAD","HALIFAX","NS","B3V 1G3","N","SERVICES"
"3295869","WENTWORTH LEARNING CENTRE COOPERATIVE LTD.","2016-02-03","13371 HIGHWAY 4","WENTWORTH","NS","B0M 1Z0","N","SERVICES"
"3296525","MUSGO RIDER VALLEY-SHEET HARBOUR COOPERATIVE LTD.","2016-01-14","325 PORTERS LAKE STATION ROAD","PORTERS LAKE","NS","B3E 1J9","N","SERVICES"
"3296528","RED CLAY CONSERVATION COOPERATIVE LIMITED","2016-01-26","4715 HIGHWAY #2","UPPER ECONOMY","NS","B0M 1B0","P","SERVICES"
"3296530","FISHERMAN'S COVE GALLERY CO-OP LTD.","2016-02-11","PO BOX 564, STN MAIN","EASTERN PASSAGE","NS","B3G 1M8","N","CRAFT PRODUCTS"
"3299462","GREAT ISLAND ARTS CO-OPERATIVE LIMITED","2016-06-08","PO BOX 120","PORT MEDWAY","NS","B0J 2T0","N","CRAFT PRODUCTS"
"3299778","NEUROQUALIA CO-OPERATIVE LTD.","2016-06-08","ROOM 229A, FORRESTER HALL, 36 ARTHUR ST","TRURO","NS","B2N 1X5","N","SERVICES"
"3301326","LAWRENCETOWN COMMUNITY DEVELOPMENT CO-OPERATIVE LTD.","2016-07-19","108 LAWRENCETOWN LANE","LAWRENCETOWN","NS","B0S 1M0","P","INVESTMENT"
"3302211","CEDAR LAKE WIRELESS COOPERATIVE LTD.","2016-10-18","BOX 112","PORT MAITLAND","NS","B5A 5R9","N","SERVICES"
"3302527","WESTERN WOODLOT SERVICES COOPERATIVE LTD.","2016-10-31","3594 SECOND DIVISION ROAD","CONCESSION","NS","B0W 1M0","N","FOREST PRODUCTS"
"3302530","LOCHABER GROWERS COOPERATIVE LTD.","2016-10-18","LOCHABER GROWERS, 1772 HIGHWAY 7","NORTH LOCHABER","NS","B2G 2L3","N","AGRICULTURE"
"3306569","SOIL MATES COOPERATIVE LIMITED","2017-04-03","404 FARMINGTON RD","BARSS CORNER","NS","B0R 1A0","P","AGRICULTURE"
"3307061","MUTUAL ALLIANCE CO-OPERATIVE LIMITED","2017-04-25","9877 LONGWOODS RD","CHATHAM","ON","N7M 5J7","P","INVESTMENT"
"3308322","NEWCAPELAND PROPERTIES CO-OP LTD.","2017-05-30","9877 LONGWOODS RD","CHATHAM","ON","N7M 5J7","P","SERVICES"
"3309375","SOUTH SHORE TOURISM COOPERATIVE LIMITED","2017-07-11","527 HWY 10","COOKVILLE","NS","B4V 7P4","N","SERVICES"
"3309533","ABILITY WOOD PRODUCTS CO-OPERATIVE LIMITED","2017-07-18","40 LOWER MACLEAN STREET","GLACE BAY","NS","B1A 2K7","P","RETAIL CONSUMER PRODUCTS"
"3310038","SPRUCE DRIVE CO-OPERATIVE LTD.","2017-08-08","8 SPRUCE DRIVE","HEATHERTON","NS","B0H 1R0","N","SERVICES"
"3313807","RIVARD'S LUMBER & HARDWARE CO-OP LTD.","2017-12-21","9877 LONGWOODS RD","CHATHAM","ON","N7M 5J7","P","FOREST PRODUCTS"
"3317324","TOWN FARM CO-OP LTD.","2018-05-05","3587 PLUMMER AVENUE","NEW WATERFORD","NS","B1H 2A4","N","AGRICULTURE"
"3318376","GLITTER BEAN CAFE CO-OPERATIVE LTD.","2018-05-24","PO BOX 31009 GLADSTONE","HALIFAX","NS","B3K5T9","P","WORKER LABOUR"
"3318648","KICK AT THE DARK THEATRE CO-OPERATIVE LIMITED","2018-06-18","115 OCHTERLONEY STREET, 408","DARTMOUTH","NS","B2Y 4W8","N","SERVICES"
"3319680","ARC OF THE COAST EASTERN CAPE BRETON COOPERATIVE ALLIANCE LTD.","2018-07-31","8704 GABARUS HWY","GABARUS","NS","B1K 3R9","N","SERVICES"
"3319912","LANDING STRONG CO-OPERATIVE LIMITED","2018-08-08","P.O. BOX 397","WINDSOR","NS","B0N 2T0","N","WORKER LABOUR"
"3321514","LIFE. SCHOOL. HOUSE CO-OPERATIVE LIMITED","2018-10-09","15 PUNCH BOWL DR","HALIFAX","NS","B3P 2C4","N","SERVICES"
"3323312","QUEENS OF THE GLAMAZON CO-OPERATIVE LIMITED","2018-12-07","408- 960 BARRINGTON STREET","HALIFAX","NS","B3H 2P7","N","SERVICES"
"3325554","NOWLC-NET COOPERATIVE LIMITED","2019-03-12","197 WILES LAKE ROAD","WILEVILLE","NS","B4V 5L7","P","SERVICES"
"3327891","BOOMER HAVEN CO-OP LTD.","2019-05-23","210 LYMAN STREET","TRURO","NS","B2N 4S6","N","SERVICES"
"3328620","MUSIC IN COMMUNITIES COOPERATIVE LTD.","2019-06-17","PO BOX 429","CANNING","NS","B0P 1H0","N","SERVICES"
"3329083","VICTORIA COUNTY TRANSIT CO-OPERATIVE LTD.","2019-07-11","495 CHEBUCTO STREET","BADDECK","NS","B0E 1B0","N","SERVICES"
"3329714","OSPREY RIDGE WINERY CO-OP LTD.","2019-08-08","714 KING ST.","BRIDGEWATER","NS","B4V 1B4","N","AGRICULTURE"
"3332853","THE ARTIST'S CIRCLE OF ANNAPOLIS VALLEY CO-OPERATIVE LTD.","2019-11-22","PO BOX 20","MARGARETSVILLE","NS","B0S 1N0","N","CRAFT PRODUCTS"
"3332900","AINSLIE VIEW CO-OPERATIVE LIMITED","2019-12-06","9657 TRANS CANADA HWY 105","WHYCOCOMAGH","NS","B0E 3M0","P","SERVICES"
"3335677","FLOURISH COMMUNITY DEVELOPMENT CO-OPERATIVE LTD.","2020-03-04","89 CRAIGVIEW DRIVE","GLENHAVEN","NS","B3Z 2S5","P","SERVICES"
"3339079","COMMUNITY IMPACT INVESTMENT CO-OPERATIVE LIMITED","2020-05-06","435 WILLOW STREET","TRURO","NS","B2N 6T2","N","INVESTMENT"
"3339122","NOVALEA FARMERS' MARKET CO-OPERATIVE LIMITED","2020-07-14","3540 NOVALEA DR.","HALIFAX","NS","B3K 3E8","N","AGRICULTURE"
"3339578","DOCS OF VALLEY EMERGENCY CO-OPERATIVE LIMITED","2020-08-10","PO B0X 440","PORT WILLIAMS","NS","B0P 1T0","P","WORKER LABOUR"
"3339985","SOUTH SHORE EMERGENCY PHYSICIANS CO-OPERATIVE LIMITED","2020-08-26","90 GLEN ALLAN DRIVE","BRIDGEWATER","NS","B4V 3S6","P","WORKER LABOUR"
"3341012","YARMOUTH EMERGENCY PHYSICIANS CO-OPERATIVE LIMITED","2020-09-21","60 VANCOUVER STREET","YARMOUTH","NS","B5A 2P5","P","WORKER LABOUR"
"3342906","BLACK WELLNESS CO-OPERATIVE OF NS LTD.","2020-09-03","36 DUKE STREET","BEDFORD","NS","B4A 2Z5","N","SERVICES"
"3342945","GALE FORCE THEATRE CO-OPERATIVE LTD.","2020-11-24","6199 ALLAN STREET","HALIFAX","NS","B3L 1G7","N","SERVICES"
"3343530","WINTERGREEN HOUSING CO-OPERATIVE LIMITED","2020-12-15","6156  DUNCAN ST","HALIFAX","NS","B3L 1K2","N","HOUSING"
"4205364","RAISING THE VILLAGES CO-OPERATIVE  LTD.","2021-04-09","456 PIPERS GLEN ROAD","SOUTHWEST MARGAREE","NS","B0E 3H0","N","SERVICES"
"4208462","NORTHUMBERLAND LAMB MARKETING CO-OPERATIVE LIMITED","2021-04-01","24 BROOKSIDE BRANCH ROAD","BIBLE HILL","NS","B6L 2A6","P","AGRICULTURE"
"4321556","LUMINOSITY CIRCUS CO-OPERATIVE LTD.","2021-05-20","3-644 PORTLAND STREET, 104","DARTMOUTH","NS","B2W6C4","N","WORKER LABOUR"
"4322243","EARTH ALTAR MUSIC CO-OPERATIVE LIMITED","2021-07-01","2464  CREIGHTON ST","HALIFAX","NS","B3K 3S1","P","WORKER LABOUR"
"4341719","KITCHEN PARTY BUSINESS CO-OPERATIVE LIMITED","2021-07-30","6062  WILLOW ST","HALIFAX","NS","B3K 1L9","N","SERVICES"
"4359842","SOLDIERS MEMORIAL HOSPITAL EMERGENCY PHYSICIANS CO-OPERATIVE   LIMITED","2021-09-29","P.O. BOX 730","MIDDLETON","NS","B0S 1P0","P","WORKER LABOUR"
"4371559","RIVER JOHN CULTURAL AND WELLNESS  CO-OPERATIVE LTD.","2021-11-09","1122 CAPE JOHN ROAD","RIVER JOHN","NS","B0K1N0","N","WORKER LABOUR"
"4372349","MARITIME AGRITECH CO-OPERATIVE OF ROBOTICS ENTREPRENEURS LTD","2021-12-01","29 CANTERBURY ST","DARTMOUTH","NS","B2Y 1T1","N","SERVICES"
"4372773","SYDNEY SOLAR CO-OPERATIVE LTD.","2021-10-18","P.O. BOX 327","SYDNEY","NS","B1P 6H2","N","SERVICES"
"4377126","FALL POND CONSERVATION CO-OPERATIVE LTD","2021-11-23","142 EAST BERLIN RD,","BROOKLYN","NS","B0J 1H0","P","HOUSING"
"4394954","LAMBDA HEALTH CO-OPERATIVE LIMITED","2022-07-28","6191  ALLAN ST, UNIT 2","HALIFAX","NS","B3L 1G7","N","WORKER LABOUR"
"4397854","VILLAGE FITNESS CENTRE CO-OPERATIVE LTD.","2022-02-14","P.O. BOX 38","ST. PETER'S","NS","B0E 3B0","N","SERVICES"
"4414314","IN MY OWN VOICE (IMOVE) MEDIA PRODUCTION AND LEARNING CO-OPERATIVE  LTD.","2022-04-21","215 EAST PETPESWICK ROAD","EAST PETPESWICK","NS","B0J 2L0","N","SERVICES"
"4414903","CENTRE STAGE COMMUNITY DEVELOPMENT CO-OPERATIVE LTD.","2022-07-27","215 EAST PETPESWICK ROAD","EAST PETPESWICK","NS","B0J 2L0","N","SERVICES"
"4415971","SEVEN GENERATIONS TRADING POST CO-OPERATIVE  LIMITED","2022-06-20","57  MARTIN CRES","MILLBROOK 27","NS","B2N 6N7","P","FOREST PRODUCTS"
"4417396","WHITNEY PIER MEMORIAL MIDDLE SCHOOL NON PROFIT CO-OPERATIVE LTD.","2022-05-17","199 JAMIESON ST.","SYDNEY","NS","B1N 2P7","N","SERVICES"
"4420845","COMPASS NS CO-OPERATIVE HOMES LTD.","2022-05-12","207 - 59 INGLIS PLACE","TRURO","NS","B2N 4B4","N","HOUSING"
"4431445","BEAR RIVER EATS CO-OPERATIVE LTD.","2022-07-29","1899 CLEMENTSVALE RD","BEAR RIVER","NS","B0S 1B0","N","SERVICES"
"4443704","MAHONE BAY COMMUNITY LAND CO-OPERATIVE LTD.","2022-08-12","232 MAIN STREET","MAHONE BAY","NS","B0J 2E0","N","SERVICES"
"4452700","VERFA INVESTMENT CO-OPERATIVE LTD","2022-10-05","435 WILLOW STREET","TRURO","NS","B2N 6T2","P","INVESTMENT"
"4464254","UNAMA'KI MOTION PICTURE CO-OPERATIVE LTD.","2022-11-01","4 JOHNSON CRESCENT","COXHEATH","NS","B1R2G6","N","WORKER LABOUR"
"4482236","GALLERY 360 ART  CO-OPERATIVE LIMITED","2023-01-09","185 WEST LONG ISLAND ROAD","NORTH GRAND PRE","NS","B0P 1M0","N","CRAFT PRODUCTS"
"4486264","QUEENS NEIGHBOURHOOD CO-OPERATIVE HOUSING LTD.","2023-02-09","P.O. BOX 99","LIVERPOOL","NS","B0T 1K0","N","HOUSING"
"4488453","SCRAPPY LADY PRODUCTIONS CO-OPERATIVE LIMITED","2023-02-15","176  PROSPECT AVE","KENTVILLE","NS","B4N 2L8","N","RETAIL CONSUMER PRODUCTS"
"4489460","PORTAPIQUE MARKET CO-OPERATIVE LTD.","2023-02-15","55  MCLEOD RD","MANGANESE MINES","NS","B6L 2K2","N","CRAFT PRODUCTS"
"4491116","LUNENBURG BARNACLE PUBLISHING CO-OPERATIVE LTD.","2023-03-13","PO BOX 983","LUNENBURG","NS","B0J2C0","N","WORKER LABOUR"
"4496590","HOUSING INNOVATION CO-OPERATIVE LTD.","2023-03-24","215 EAST PETPESWICK ROAD","EAST PETPESWICK","NS","B0J 2L0","N","SERVICES"
"4502023","TIDAL BAY COMMUNITY LAND CO-OPERATIVE LIMITED","2023-04-03","208 - 59 INGLIS PLACE","TRURO","NS","B2N 4B5","N","SERVICES"
"4527723","STILL WATERS ECOVILLAGE CO-OPERATIVE LTD.","2023-09-15","48 KISSING BRIDGE ROAD","LUNENBURG","NS","B0J2C0","N","HOUSING"
"4537762","VALLEY ROOTS HOUSING CO-OPERATIVE LTD.","2023-09-08","481 MAIN STREET","KENTVILLE","NS","B2N 1K9","N","HOUSING"
"4539050","ATLANTIC SEA CHANGE CO-OPERATIVE HOUSING LTD.","2023-08-14","23 PINE DRIVE","MAHONE BAY","NS","B0J2E0","N","HOUSING"
"4539488","MANCHESTER COMMUNITY PASTURE CO-OPERATIVE LIMITED","2023-08-15","488 HIGHWAY 344","MANCHESTER","NS","B0H 1G0","N","SERVICES"
"4549147","ATLANTIC BURLESQUE CO-OPERATIVE LTD.","2023-09-15","5550 DUFFUS STREET","HALIFAX","NS","B3K 2M4","N","SERVICES"
"4569571","HALIFAX REGIONAL FOOD HUB CO-OPERATIVE LTD.","2023-12-12","21 WILLIAMS AVE, 100","HALIFAX","NS","B3B 1X3","N","SERVICES"
"4570235","SEED AND SPARK BOOK STORE CO-OPERATIVE LTD","2024-03-12","P.O. BOX 8072","HALIFAX","NS","B3K5L8","P","WORKER LABOUR"
"4596669","COBEQUID EMERGENCY PHYSICIANS CO-OPERATIVE LIMITED","2024-03-11","40  FREER LANE","LOWER SACKVILLE","NS","B4C 0A2","P","WORKER LABOUR"
"4611820","NESTUIN NETWORK CO-OPERATIVE LIMITED","2024-06-06","31  SESAME ST","INDIAN BROOK 14","NS","B0N 2H0","N","SERVICES"
"4620164","YELLOW HEN CO-OPERATIVE LTD","2024-06-07","27  CHRISTOPHER AVE","SOUTH UNIACKE","NS","B0N 1Z0","N","SERVICES"
"4626892","DREAMKIDS DAYCARE CO-OPERATIVE LTD","2024-06-27","35  FARRELL ST","DARTMOUTH","NS","B3A 4B2","N","SERVICES"
"4628149","OLD SCHOOL CO-OPERATIVE MERCHANTS LTD","2024-05-30","347 ROBERTSON RD","EGERTON","NS","B0K 1G0","N","SERVICES"
"4633702","RAINBOW GROVE HOUSING CO-OPERATIVE LIMITED","2024-07-26","246 FALMOUTH BACK ROAD","FALMOUTH","NS","B0P1P0","N","HOUSING"
"4640611","DIVERSE COMMUNITIES CO-OPERATIVE LIMITED","2024-09-26","PO BOX 2380","HALIFAX","NS","B3J 3E5","N","HOUSING"
"4644018","UPPER HAMMONDS PLAINS HOUSING CO-OPERATIVE LIMITED","2024-09-03","711  POCKWOCK RD","UPPER HAMMONDS PLAINS","NS","B4B 1N8","N","HOUSING"
"4646012","CROWS' COMMONS CO-OPERATIVE LTD","2024-11-05","100 HIGH STREET, BOX #166","BRIDGEWATER","NS","B4V1V9","N","HOUSING"
"4651584","WHYCOCOMAGH AND AREA HOUSING DEVELOPMENT COOPERATIVE LTD","2024-10-21","9402 TRANS-CANADA HWY","WHYCOCOMAGH","NS","B0E 3M0","N","HOUSING"
"4658518","SAME RIVER COMMUNITY LAND TRUST CO-OPERATIVE LTD","2024-10-25","70 HAROLD ST.","SYDNEY","NS","B1P3M1","N","SERVICES"
"4672780","WILLOW'S BEND WEAVING COLLECTIVE CO-OPERATIVE LTD","2025-01-21","40 OLD SOUTH RIVER ROAD","ANTIGONISH","NS","B2G 2H2","N","SERVICES"
"4677665","EASTERN SHORE MENTAL HEALTH CO-OPERATIVE LTD","2025-01-28","167  OSTREA LAKE RD","OSTREA LAKE","NS","B0J 2L0","N","SERVICES"
"4678916","GALLERY ON LINCOLN CO-OPERATIVE LTD","2025-01-27","PO BOX 1175","LUNENBURG","NS","B0J 2C0","N","MARKETING"
"4685754","PLACEHOLDER HOUSING CO-OPERATIVE LTD","2025-02-25","6239  LAWRENCE ST","HALIFAX","NS","B3L 1J8","N","HOUSING"
"4702749","OAKENHAVEN ECOVILLAGE CO-OPERATIVE LIMITED","2025-04-02","1006 ARGYLE SOUND ROAD","MIDDLE WEST PUBNICO","NS","B0W 3S0","N","HOUSING"
"4711554","DEVOPSDAYS HALIFAX CO-OPERATIVE LTD","2025-05-28","73  SPRUCE POINT RD","EAST RIVER POINT","NS","B0J 1T0","N","SERVICES"
"4718541","BASKETBALL IQ CANADA CO-OPERATIVE LIMITED","2025-06-04","38  LASALLE CRT","BEDFORD","NS","B4B 0H8","N","SERVICES"
"4719865","EAST HANTS FARMERS' MARKET CO-OPERATIVE LIMITED","2025-06-08","4  HICKORY LANE","RINES CREEK","NS","B0N 2H0","N","RETAIL CONSUMER PRODUCTS"
"4725656","F&M GENTLE REACH CO-OPERATIVE LTD","2025-07-07","1701  HOLLIS ST, 813","HALIFAX","NS","B3J 3M8","N","SERVICES"
"4752405","TATAPNN CO-OPERATIVE LIMITED","2025-10-22","256 WAVERLEY ROAD","DARTMOUTH","NS","B2X2C6","N","MISCELLANEOUS"
"4757525","THE WELL CO-OPERATIVE PUB LTD","2025-10-28","10  COURTNEY RD","DARTMOUTH","NS","B3A 4B8","P","SERVICES"
"4759968","FROM THE CIRCUS CO-OPERATIVE LTD","2025-11-13","1619 KETCH HARBOUR ROAD","SAMBRO","NS","B3V 1L4","N","WORKER LABOUR"
"4766466","JUST HOUSING ALLIANCE CO-OPERATIVE LTD","2026-02-27","10188  HIGHWAY 1","GREENWICH","NS","B4P 0M8","N","HOUSING"
"4797366","BETTER THAN PICASSO CO-OPERATIVE LTD","2026-02-26","12 SHERWOOD STREET","DARTMOUTH","NS","B2V 2P4","N","SERVICES"
"4820593","FIDDLEHEAD CO-OPERATIVE MARKET BEAR RIVER LIMITED","2026-05-27","1882  CLEMENTSVALE RD","BEAR RIVER","NOVA SCOTIA","B0S1B0","P","AGRICULTURE"
